title,sub,author,cat,type,price,pages,blurb,desc,drive_url,cover_image,badge,bg,fg,ac,pat
The Dawn of Day,A free public domain ethics book,Friedrich Wilhelm Nietzsche,Ethics,free,0,126,A classic ethics work by Friedrich Wilhelm Nietzsche now available as a free public domain PDF. Originally published in the 19th–early 20th century this 126-page edition has been carefully formatted for modern screen and print reading.,<p>The Dawn of Day by Friedrich Wilhelm Nietzsche is a classic work now available as a free public domain PDF download on Bookshelf. Part of Project Gutenberg's digital library of over 70 000 free ebooks.</p>,https://www.gutenberg.org/files/39955/39955-pdf.pdf,https://www.gutenberg.org/cache/epub/39955/pg39955.cover.medium.jpg,Free,#0f2a43,#f5f1e8,#f59e0b,p-rings
The Roman Traitor Vol. 1,A free public domain fiction book,Henry William Herbert,Fiction,free,0,98,A classic fiction work by Henry William Herbert now available as a free public domain PDF. Originally published in the 19th–early 20th century this 98-page edition has been carefully formatted for modern screen and print reading.,<p>The Roman Traitor Vol. 1 by Henry William Herbert is a classic work now available as a free public domain PDF download on Bookshelf. Part of Project Gutenberg's digital library of over 70 000 free ebooks.</p>,https://www.gutenberg.org/files/25092/25092-pdf.pdf,https://www.gutenberg.org/cache/epub/25092/pg25092.cover.medium.jpg,Free,#1a1a2e,#f5f1e8,#f59e0b,p-rings
The Case of Wagner Nietzsche Contra Wagner and Selected Aphorisms.,A free public domain history book,Friedrich Wilhelm Nietzsche,History,free,0,142,A classic history work by Friedrich Wilhelm Nietzsche now available as a free public domain PDF. Originally published in the 19th–early 20th century this 142-page edition has been carefully formatted for modern screen and print reading.,<p>The Case of Wagner Nietzsche Contra Wagner and Selected Aphorisms. by Friedrich Wilhelm Nietzsche is a classic work now available as a free public domain PDF download on Bookshelf. Part of Project Gutenberg's digital library of over 70 000 free ebooks.</p>,https://www.gutenberg.org/files/25012/25012-pdf.pdf,https://www.gutenberg.org/cache/epub/25012/pg25012.cover.medium.jpg,Free,#4a3728,#f5f1e8,#f59e0b,p-rings
Manhood of Humanity.,A free public domain human beings book,Alfred Korzybski,Human beings,free,0,189,A classic human beings work by Alfred Korzybski now available as a free public domain PDF. Originally published in the 19th–early 20th century this 189-page edition has been carefully formatted for modern screen and print reading.,<p>Manhood of Humanity. by Alfred Korzybski is a classic work now available as a free public domain PDF download on Bookshelf. Part of Project Gutenberg's digital library of over 70 000 free ebooks.</p>,https://www.gutenberg.org/files/25457/25457-pdf.pdf,https://www.gutenberg.org/cache/epub/25457/pg25457.cover.medium.jpg,Free,#0f2a43,#f5f1e8,#f59e0b,p-rings
Dao De Jing: A Minimalist Translation,A free public domain philosophy book,Laozi,Philosophy,free,0,311,A classic philosophy work by Laozi now available as a free public domain PDF. Originally published in the 19th–early 20th century this 311-page edition has been carefully formatted for modern screen and print reading.,<p>Dao De Jing: A Minimalist Translation by Laozi is a classic work now available as a free public domain PDF download on Bookshelf. Part of Project Gutenberg's digital library of over 70 000 free ebooks.</p>,https://www.gutenberg.org/files/49965/49965-pdf.pdf,https://www.gutenberg.org/cache/epub/49965/pg49965.cover.medium.jpg,Free,#3d2b4a,#f5f1e8,#f59e0b,p-rings
By Conduct and Courage: A Story of the Days of Nelson,A free public domain fiction book,G. A. (George Alfred) Henty,Fiction,free,0,123,A classic fiction work by G. A. (George Alfred) Henty now available as a free public domain PDF. Originally published in the 19th–early 20th century this 123-page edition has been carefully formatted for modern screen and print reading.,<p>By Conduct and Courage: A Story of the Days of Nelson by G. A. (George Alfred) Henty is a classic work now available as a free public domain PDF download on Bookshelf. Part of Project Gutenberg's digital library of over 70 000 free ebooks.</p>,https://www.gutenberg.org/files/28357/28357-pdf.pdf,https://www.gutenberg.org/cache/epub/28357/pg28357.cover.medium.jpg,Free,#1a1a2e,#f5f1e8,#f59e0b,p-rings
Jeremiah : Being The Baird Lecture for 1922,A free public domain bible. jeremiah book,George Adam Smith,Bible. jeremiah,free,0,117,A classic bible. jeremiah work by George Adam Smith now available as a free public domain PDF. Originally published in the 19th–early 20th century this 117-page edition has been carefully formatted for modern screen and print reading.,<p>Jeremiah : Being The Baird Lecture for 1922 by George Adam Smith is a classic work now available as a free public domain PDF download on Bookshelf. Part of Project Gutenberg's digital library of over 70 000 free ebooks.</p>,https://www.gutenberg.org/files/27351/27351-pdf.pdf,https://www.gutenberg.org/cache/epub/27351/pg27351.cover.medium.jpg,Free,#0f2a43,#f5f1e8,#f59e0b,p-rings
Babylonians and Assyrians : $b Life and customs,A free public domain assyria book,A. H. (Archibald Henry) Sayce,Assyria,free,0,213,A classic assyria work by A. H. (Archibald Henry) Sayce now available as a free public domain PDF. Originally published in the 19th–early 20th century this 213-page edition has been carefully formatted for modern screen and print reading.,<p>Babylonians and Assyrians : $b Life and customs by A. H. (Archibald Henry) Sayce is a classic work now available as a free public domain PDF download on Bookshelf. Part of Project Gutenberg's digital library of over 70 000 free ebooks.</p>,https://www.gutenberg.org/files/25080/25080-pdf.pdf,https://www.gutenberg.org/cache/epub/25080/pg25080.cover.medium.jpg,Free,#0f2a43,#f5f1e8,#f59e0b,p-rings
The Blood of the Conquerors,A free public domain fiction book,Harvey Fergusson,Fiction,free,0,270,A classic fiction work by Harvey Fergusson now available as a free public domain PDF. Originally published in the 19th–early 20th century this 270-page edition has been carefully formatted for modern screen and print reading.,<p>The Blood of the Conquerors by Harvey Fergusson is a classic work now available as a free public domain PDF download on Bookshelf. Part of Project Gutenberg's digital library of over 70 000 free ebooks.</p>,https://www.gutenberg.org/files/20888/20888-pdf.pdf,https://www.gutenberg.org/cache/epub/20888/pg20888.cover.medium.jpg,Free,#1a1a2e,#f5f1e8,#f59e0b,p-rings
Human All-Too-Human: A Book for Free Spirits Part 2,A free public domain human beings book,Friedrich Wilhelm Nietzsche,Human beings,free,0,230,A classic human beings work by Friedrich Wilhelm Nietzsche now available as a free public domain PDF. Originally published in the 19th–early 20th century this 230-page edition has been carefully formatted for modern screen and print reading.,<p>Human All-Too-Human: A Book for Free Spirits Part 2 by Friedrich Wilhelm Nietzsche is a classic work now available as a free public domain PDF download on Bookshelf. Part of Project Gutenberg's digital library of over 70 000 free ebooks.</p>,https://www.gutenberg.org/files/37841/37841-pdf.pdf,https://www.gutenberg.org/cache/epub/37841/pg37841.cover.medium.jpg,Free,#0f2a43,#f5f1e8,#f59e0b,p-rings
Bede's Ecclesiastical History of England,A free public domain history book,Saint the Venerable Bede,History,free,0,184,A classic history work by Saint the Venerable Bede now available as a free public domain PDF. Originally published in the 19th–early 20th century this 184-page edition has been carefully formatted for modern screen and print reading.,<p>Bede's Ecclesiastical History of England by Saint the Venerable Bede is a classic work now available as a free public domain PDF download on Bookshelf. Part of Project Gutenberg's digital library of over 70 000 free ebooks.</p>,https://www.gutenberg.org/files/38326/38326-pdf.pdf,https://www.gutenberg.org/cache/epub/38326/pg38326.cover.medium.jpg,Free,#4a3728,#f5f1e8,#f59e0b,p-rings
Shakespeare Ben Jonson Beaumont and Fletcher,A free public domain history book,Samuel Taylor Coleridge,History,free,0,316,A classic history work by Samuel Taylor Coleridge now available as a free public domain PDF. Originally published in the 19th–early 20th century this 316-page edition has been carefully formatted for modern screen and print reading.,<p>Shakespeare Ben Jonson Beaumont and Fletcher by Samuel Taylor Coleridge is a classic work now available as a free public domain PDF download on Bookshelf. Part of Project Gutenberg's digital library of over 70 000 free ebooks.</p>,https://www.gutenberg.org/files/25585/25585-pdf.pdf,https://www.gutenberg.org/cache/epub/25585/pg25585.cover.medium.jpg,Free,#4a3728,#f5f1e8,#f59e0b,p-rings
With Cochrane the Dauntless,A free public domain fiction book,G. A. (George Alfred) Henty,Fiction,free,0,182,A classic fiction work by G. A. (George Alfred) Henty now available as a free public domain PDF. Originally published in the 19th–early 20th century this 182-page edition has been carefully formatted for modern screen and print reading.,<p>With Cochrane the Dauntless by G. A. (George Alfred) Henty is a classic work now available as a free public domain PDF download on Bookshelf. Part of Project Gutenberg's digital library of over 70 000 free ebooks.</p>,https://www.gutenberg.org/files/25993/25993-pdf.pdf,https://www.gutenberg.org/cache/epub/25993/pg25993.cover.medium.jpg,Free,#1a1a2e,#f5f1e8,#f59e0b,p-rings
The World as Will and Idea (Vol. 3 of 3),A free public domain philosophy book,Arthur Schopenhauer,Philosophy,free,0,200,A classic philosophy work by Arthur Schopenhauer now available as a free public domain PDF. Originally published in the 19th–early 20th century this 200-page edition has been carefully formatted for modern screen and print reading.,<p>The World as Will and Idea (Vol. 3 of 3) by Arthur Schopenhauer is a classic work now available as a free public domain PDF download on Bookshelf. Part of Project Gutenberg's digital library of over 70 000 free ebooks.</p>,https://www.gutenberg.org/files/40868/40868-pdf.pdf,https://www.gutenberg.org/cache/epub/40868/pg40868.cover.medium.jpg,Free,#3d2b4a,#f5f1e8,#f59e0b,p-rings
Chips from a German Workshop Volume 5: Miscellaneous Later Essays,A free public domain history book,F. Max (Friedrich Max) Müller,History,free,0,204,A classic history work by F. Max (Friedrich Max) Müller now available as a free public domain PDF. Originally published in the 19th–early 20th century this 204-page edition has been carefully formatted for modern screen and print reading.,<p>Chips from a German Workshop Volume 5: Miscellaneous Later Essays by F. Max (Friedrich Max) Müller is a classic work now available as a free public domain PDF download on Bookshelf. Part of Project Gutenberg's digital library of over 70 000 free ebooks.</p>,https://www.gutenberg.org/files/27810/27810-pdf.pdf,https://www.gutenberg.org/cache/epub/27810/pg27810.cover.medium.jpg,Free,#4a3728,#f5f1e8,#f59e0b,p-rings
Principles of Political Economy: Abridged with Critical Bibliographical and Explanatory Notes and a Sketch of the Histor,A free public domain economics book,John Stuart Mill,Economics,free,0,124,A classic economics work by John Stuart Mill now available as a free public domain PDF. Originally published in the 19th–early 20th century this 124-page edition has been carefully formatted for modern screen and print reading.,<p>Principles of Political Economy: Abridged with Critical Bibliographical and Explanatory Notes and a Sketch of the History of Political Economy by John Stuart Mill is a classic work now available as a free public domain PDF download on Bookshelf. Part of Project Gutenberg's digital library of over 70 000 free ebooks.</p>,https://www.gutenberg.org/files/30107/30107-pdf.pdf,https://www.gutenberg.org/cache/epub/30107/pg30107.cover.medium.jpg,Free,#2d4a3b,#f5f1e8,#f59e0b,p-rings
Roman Society from Nero to Marcus Aurelius,A free public domain religion book,Samuel Dill,Religion,free,0,82,A classic religion work by Samuel Dill now available as a free public domain PDF. Originally published in the 19th–early 20th century this 82-page edition has been carefully formatted for modern screen and print reading.,<p>Roman Society from Nero to Marcus Aurelius by Samuel Dill is a classic work now available as a free public domain PDF download on Bookshelf. Part of Project Gutenberg's digital library of over 70 000 free ebooks.</p>,https://www.gutenberg.org/files/34122/34122-pdf.pdf,https://www.gutenberg.org/cache/epub/34122/pg34122.cover.medium.jpg,Free,#4a4a2b,#f5f1e8,#f59e0b,p-rings
A Course of Pure Mathematics: Third Edition,A free public domain calculus book,G. H. (Godfrey Harold) Hardy,Calculus,free,0,201,A classic calculus work by G. H. (Godfrey Harold) Hardy now available as a free public domain PDF. Originally published in the 19th–early 20th century this 201-page edition has been carefully formatted for modern screen and print reading.,<p>A Course of Pure Mathematics: Third Edition by G. H. (Godfrey Harold) Hardy is a classic work now available as a free public domain PDF download on Bookshelf. Part of Project Gutenberg's digital library of over 70 000 free ebooks.</p>,https://www.gutenberg.org/files/38769/38769-pdf.pdf,https://www.gutenberg.org/cache/epub/38769/pg38769.cover.medium.jpg,Free,#0f2a43,#f5f1e8,#f59e0b,p-rings
A Brief Commentary on the Apocalypse,A free public domain bible. revelation book,Sylvester Bliss,Bible. revelation,free,0,238,A classic bible. revelation work by Sylvester Bliss now available as a free public domain PDF. Originally published in the 19th–early 20th century this 238-page edition has been carefully formatted for modern screen and print reading.,<p>A Brief Commentary on the Apocalypse by Sylvester Bliss is a classic work now available as a free public domain PDF download on Bookshelf. Part of Project Gutenberg's digital library of over 70 000 free ebooks.</p>,https://www.gutenberg.org/files/26639/26639-pdf.pdf,https://www.gutenberg.org/cache/epub/26639/pg26639.cover.medium.jpg,Free,#0f2a43,#f5f1e8,#f59e0b,p-rings
Egyptian Literature: Comprising Egyptian tales hymns litanies invocations the Book of the Dead and cuneiform writings,A free public domain egyptian literature book,Unknown Author,Egyptian literature,free,0,165,A classic egyptian literature work by Unknown Author now available as a free public domain PDF. Originally published in the 19th–early 20th century this 165-page edition has been carefully formatted for modern screen and print reading.,<p>Egyptian Literature: Comprising Egyptian tales hymns litanies invocations the Book of the Dead and cuneiform writings by Unknown Author is a classic work now available as a free public domain PDF download on Bookshelf. Part of Project Gutenberg's digital library of over 70 000 free ebooks.</p>,https://www.gutenberg.org/files/28282/28282-pdf.pdf,https://www.gutenberg.org/cache/epub/28282/pg28282.cover.medium.jpg,Free,#0f2a43,#f5f1e8,#f59e0b,p-rings
Puck of Pook's Hill,A free public domain fiction book,Rudyard Kipling,Fiction,free,0,120,A classic fiction work by Rudyard Kipling now available as a free public domain PDF. Originally published in the 19th–early 20th century this 120-page edition has been carefully formatted for modern screen and print reading.,<p>Puck of Pook's Hill by Rudyard Kipling is a classic work now available as a free public domain PDF download on Bookshelf. Part of Project Gutenberg's digital library of over 70 000 free ebooks.</p>,https://www.gutenberg.org/files/26027/26027-pdf.pdf,https://www.gutenberg.org/cache/epub/26027/pg26027.cover.medium.jpg,Free,#1a1a2e,#f5f1e8,#f59e0b,p-rings
The Elements of non-Euclidean Geometry,A free public domain geometry non-euclidean book,Julian Lowell Coolidge,"Geometry, non-euclidean",free,0,228,A classic geometry non-euclidean work by Julian Lowell Coolidge now available as a free public domain PDF. Originally published in the 19th–early 20th century this 228-page edition has been carefully formatted for modern screen and print reading.,<p>The Elements of non-Euclidean Geometry by Julian Lowell Coolidge is a classic work now available as a free public domain PDF download on Bookshelf. Part of Project Gutenberg's digital library of over 70 000 free ebooks.</p>,https://www.gutenberg.org/files/26373/26373-pdf.pdf,https://www.gutenberg.org/cache/epub/26373/pg26373.cover.medium.jpg,Free,#0f2a43,#f5f1e8,#f59e0b,p-rings
It's like this cat,A free public domain fiction book,Emily Neville,Fiction,free,0,296,A classic fiction work by Emily Neville now available as a free public domain PDF. Originally published in the 19th–early 20th century this 296-page edition has been carefully formatted for modern screen and print reading.,<p>It's like this cat by Emily Neville is a classic work now available as a free public domain PDF download on Bookshelf. Part of Project Gutenberg's digital library of over 70 000 free ebooks.</p>,https://www.gutenberg.org/files/24921/24921-pdf.pdf,https://www.gutenberg.org/cache/epub/24921/pg24921.cover.medium.jpg,Free,#1a1a2e,#f5f1e8,#f59e0b,p-rings
The Last Twelve Verses of the Gospel According to S. Mark,A free public domain bible. mark xvi 9-20 book,John William Burgon,"Bible. mark xvi, 9-20",free,0,203,A classic bible. mark xvi 9-20 work by John William Burgon now available as a free public domain PDF. Originally published in the 19th–early 20th century this 203-page edition has been carefully formatted for modern screen and print reading.,<p>The Last Twelve Verses of the Gospel According to S. Mark by John William Burgon is a classic work now available as a free public domain PDF download on Bookshelf. Part of Project Gutenberg's digital library of over 70 000 free ebooks.</p>,https://www.gutenberg.org/files/26134/26134-pdf.pdf,https://www.gutenberg.org/cache/epub/26134/pg26134.cover.medium.jpg,Free,#0f2a43,#f5f1e8,#f59e0b,p-rings
India's Problem Krishna or Christ,A free public domain religion book,John P. (John Peter) Jones,Religion,free,0,324,A classic religion work by John P. (John Peter) Jones now available as a free public domain PDF. Originally published in the 19th–early 20th century this 324-page edition has been carefully formatted for modern screen and print reading.,<p>India's Problem Krishna or Christ by John P. (John Peter) Jones is a classic work now available as a free public domain PDF download on Bookshelf. Part of Project Gutenberg's digital library of over 70 000 free ebooks.</p>,https://www.gutenberg.org/files/27270/27270-pdf.pdf,https://www.gutenberg.org/cache/epub/27270/pg27270.cover.medium.jpg,Free,#4a4a2b,#f5f1e8,#f59e0b,p-rings
A Manual of Moral Philosophy,A free public domain ethics book,Andrew P. (Andrew Preston) Peabody,Ethics,free,0,245,A classic ethics work by Andrew P. (Andrew Preston) Peabody now available as a free public domain PDF. Originally published in the 19th–early 20th century this 245-page edition has been carefully formatted for modern screen and print reading.,<p>A Manual of Moral Philosophy by Andrew P. (Andrew Preston) Peabody is a classic work now available as a free public domain PDF download on Bookshelf. Part of Project Gutenberg's digital library of over 70 000 free ebooks.</p>,https://www.gutenberg.org/files/27531/27531-pdf.pdf,https://www.gutenberg.org/cache/epub/27531/pg27531.cover.medium.jpg,Free,#0f2a43,#f5f1e8,#f59e0b,p-rings
The World as Will and Idea (Vol. 2 of 3),A free public domain philosophy book,Arthur Schopenhauer,Philosophy,free,0,319,A classic philosophy work by Arthur Schopenhauer now available as a free public domain PDF. Originally published in the 19th–early 20th century this 319-page edition has been carefully formatted for modern screen and print reading.,<p>The World as Will and Idea (Vol. 2 of 3) by Arthur Schopenhauer is a classic work now available as a free public domain PDF download on Bookshelf. Part of Project Gutenberg's digital library of over 70 000 free ebooks.</p>,https://www.gutenberg.org/files/40097/40097-pdf.pdf,https://www.gutenberg.org/cache/epub/40097/pg40097.cover.medium.jpg,Free,#3d2b4a,#f5f1e8,#f59e0b,p-rings
Witch-Doctors,A free public domain fiction book,Charles Beadle,Fiction,free,0,275,A classic fiction work by Charles Beadle now available as a free public domain PDF. Originally published in the 19th–early 20th century this 275-page edition has been carefully formatted for modern screen and print reading.,<p>Witch-Doctors by Charles Beadle is a classic work now available as a free public domain PDF download on Bookshelf. Part of Project Gutenberg's digital library of over 70 000 free ebooks.</p>,https://www.gutenberg.org/files/22099/22099-pdf.pdf,https://www.gutenberg.org/cache/epub/22099/pg22099.cover.medium.jpg,Free,#1a1a2e,#f5f1e8,#f59e0b,p-rings
The Secret Doctrine Vol. 2 of 4: The Synthesis of Science Religion and Philosophy,A free public domain theosophy book,H. P. (Helena Petrovna) Blavatsky,Theosophy,free,0,253,A classic theosophy work by H. P. (Helena Petrovna) Blavatsky now available as a free public domain PDF. Originally published in the 19th–early 20th century this 253-page edition has been carefully formatted for modern screen and print reading.,<p>The Secret Doctrine Vol. 2 of 4: The Synthesis of Science Religion and Philosophy by H. P. (Helena Petrovna) Blavatsky is a classic work now available as a free public domain PDF download on Bookshelf. Part of Project Gutenberg's digital library of over 70 000 free ebooks.</p>,https://www.gutenberg.org/files/54488/54488-pdf.pdf,https://www.gutenberg.org/cache/epub/54488/pg54488.cover.medium.jpg,Free,#0f2a43,#f5f1e8,#f59e0b,p-rings
The Secret Doctrine Vol. 1 of 4: The Synthesis of Science Religion and Philosophy,A free public domain theosophy book,H. P. (Helena Petrovna) Blavatsky,Theosophy,free,0,102,A classic theosophy work by H. P. (Helena Petrovna) Blavatsky now available as a free public domain PDF. Originally published in the 19th–early 20th century this 102-page edition has been carefully formatted for modern screen and print reading.,<p>The Secret Doctrine Vol. 1 of 4: The Synthesis of Science Religion and Philosophy by H. P. (Helena Petrovna) Blavatsky is a classic work now available as a free public domain PDF download on Bookshelf. Part of Project Gutenberg's digital library of over 70 000 free ebooks.</p>,https://www.gutenberg.org/files/54824/54824-pdf.pdf,https://www.gutenberg.org/cache/epub/54824/pg54824.cover.medium.jpg,Free,#0f2a43,#f5f1e8,#f59e0b,p-rings
The Idea of a University Defined and Illustrated: In Nine Discourses Delivered to the Catholics of Dublin,A free public domain education book,John Henry Newman,Education,free,0,246,A classic education work by John Henry Newman now available as a free public domain PDF. Originally published in the 19th–early 20th century this 246-page edition has been carefully formatted for modern screen and print reading.,<p>The Idea of a University Defined and Illustrated: In Nine Discourses Delivered to the Catholics of Dublin by John Henry Newman is a classic work now available as a free public domain PDF download on Bookshelf. Part of Project Gutenberg's digital library of over 70 000 free ebooks.</p>,https://www.gutenberg.org/files/24526/24526-pdf.pdf,https://www.gutenberg.org/cache/epub/24526/pg24526.cover.medium.jpg,Free,#0f2a43,#f5f1e8,#f59e0b,p-rings
On The Structure of Greek Tribal Society: An Essay,A free public domain history book,Hugh E. (Hugh Exton) Seebohm,History,free,0,205,A classic history work by Hugh E. (Hugh Exton) Seebohm now available as a free public domain PDF. Originally published in the 19th–early 20th century this 205-page edition has been carefully formatted for modern screen and print reading.,<p>On The Structure of Greek Tribal Society: An Essay by Hugh E. (Hugh Exton) Seebohm is a classic work now available as a free public domain PDF download on Bookshelf. Part of Project Gutenberg's digital library of over 70 000 free ebooks.</p>,https://www.gutenberg.org/files/26341/26341-pdf.pdf,https://www.gutenberg.org/cache/epub/26341/pg26341.cover.medium.jpg,Free,#4a3728,#f5f1e8,#f59e0b,p-rings
The Roman Traitor Vol. 2,A free public domain fiction book,Henry William Herbert,Fiction,free,0,198,A classic fiction work by Henry William Herbert now available as a free public domain PDF. Originally published in the 19th–early 20th century this 198-page edition has been carefully formatted for modern screen and print reading.,<p>The Roman Traitor Vol. 2 by Henry William Herbert is a classic work now available as a free public domain PDF download on Bookshelf. Part of Project Gutenberg's digital library of over 70 000 free ebooks.</p>,https://www.gutenberg.org/files/25096/25096-pdf.pdf,https://www.gutenberg.org/cache/epub/25096/pg25096.cover.medium.jpg,Free,#1a1a2e,#f5f1e8,#f59e0b,p-rings
The Golden Bough: A Study in Magic and Religion (Third Edition Vol. 12 of 12),A free public domain religion book,James George Frazer,Religion,free,0,324,A classic religion work by James George Frazer now available as a free public domain PDF. Originally published in the 19th–early 20th century this 324-page edition has been carefully formatted for modern screen and print reading.,<p>The Golden Bough: A Study in Magic and Religion (Third Edition Vol. 12 of 12) by James George Frazer is a classic work now available as a free public domain PDF download on Bookshelf. Part of Project Gutenberg's digital library of over 70 000 free ebooks.</p>,https://www.gutenberg.org/files/44772/44772-pdf.pdf,https://www.gutenberg.org/cache/epub/44772/pg44772.cover.medium.jpg,Free,#4a4a2b,#f5f1e8,#f59e0b,p-rings
The Standard Electrical Dictionary: A Popular Dictionary of Words and Terms Used in the Practice of Electrical Engineeri,A free public domain electricity book,T. O'Conor (Thomas O'Conor) Sloane,Electricity,free,0,183,A classic electricity work by T. O'Conor (Thomas O'Conor) Sloane now available as a free public domain PDF. Originally published in the 19th–early 20th century this 183-page edition has been carefully formatted for modern screen and print reading.,<p>The Standard Electrical Dictionary: A Popular Dictionary of Words and Terms Used in the Practice of Electrical Engineering by T. O'Conor (Thomas O'Conor) Sloane is a classic work now available as a free public domain PDF download on Bookshelf. Part of Project Gutenberg's digital library of over 70 000 free ebooks.</p>,https://www.gutenberg.org/files/26535/26535-pdf.pdf,https://www.gutenberg.org/cache/epub/26535/pg26535.cover.medium.jpg,Free,#0f2a43,#f5f1e8,#f59e0b,p-rings
Rebel Spurs,A free public domain fiction book,Andre Norton,Fiction,free,0,297,A classic fiction work by Andre Norton now available as a free public domain PDF. Originally published in the 19th–early 20th century this 297-page edition has been carefully formatted for modern screen and print reading.,<p>Rebel Spurs by Andre Norton is a classic work now available as a free public domain PDF download on Bookshelf. Part of Project Gutenberg's digital library of over 70 000 free ebooks.</p>,https://www.gutenberg.org/files/20840/20840-pdf.pdf,https://www.gutenberg.org/cache/epub/20840/pg20840.cover.medium.jpg,Free,#1a1a2e,#f5f1e8,#f59e0b,p-rings
The Golden Bough: A Study in Comparative Religion (Vol. 1 of 2),A free public domain religion book,James George Frazer,Religion,free,0,299,A classic religion work by James George Frazer now available as a free public domain PDF. Originally published in the 19th–early 20th century this 299-page edition has been carefully formatted for modern screen and print reading.,<p>The Golden Bough: A Study in Comparative Religion (Vol. 1 of 2) by James George Frazer is a classic work now available as a free public domain PDF download on Bookshelf. Part of Project Gutenberg's digital library of over 70 000 free ebooks.</p>,https://www.gutenberg.org/files/41082/41082-pdf.pdf,https://www.gutenberg.org/cache/epub/41082/pg41082.cover.medium.jpg,Free,#4a4a2b,#f5f1e8,#f59e0b,p-rings
The Secret Doctrine Vol. 3 of 4: The Synthesis of Science Religion and Philosophy,A free public domain theosophy book,H. P. (Helena Petrovna) Blavatsky,Theosophy,free,0,261,A classic theosophy work by H. P. (Helena Petrovna) Blavatsky now available as a free public domain PDF. Originally published in the 19th–early 20th century this 261-page edition has been carefully formatted for modern screen and print reading.,<p>The Secret Doctrine Vol. 3 of 4: The Synthesis of Science Religion and Philosophy by H. P. (Helena Petrovna) Blavatsky is a classic work now available as a free public domain PDF download on Bookshelf. Part of Project Gutenberg's digital library of over 70 000 free ebooks.</p>,https://www.gutenberg.org/files/56880/56880-pdf.pdf,https://www.gutenberg.org/cache/epub/56880/pg56880.cover.medium.jpg,Free,#0f2a43,#f5f1e8,#f59e0b,p-rings
McGuffey's First Eclectic Reader Revised Edition,A free public domain readers book,William Holmes McGuffey,Readers,free,0,83,A classic readers work by William Holmes McGuffey now available as a free public domain PDF. Originally published in the 19th–early 20th century this 83-page edition has been carefully formatted for modern screen and print reading.,<p>McGuffey's First Eclectic Reader Revised Edition by William Holmes McGuffey is a classic work now available as a free public domain PDF download on Bookshelf. Part of Project Gutenberg's digital library of over 70 000 free ebooks.</p>,https://www.gutenberg.org/files/14640/14640-pdf.pdf,https://www.gutenberg.org/cache/epub/14640/pg14640.cover.medium.jpg,Free,#0f2a43,#f5f1e8,#f59e0b,p-rings
A History of Rome to 565 A. D.,A free public domain history book,Arthur E. R. (Arthur Edward Romilly) Boak,History,free,0,178,A classic history work by Arthur E. R. (Arthur Edward Romilly) Boak now available as a free public domain PDF. Originally published in the 19th–early 20th century this 178-page edition has been carefully formatted for modern screen and print reading.,<p>A History of Rome to 565 A. D. by Arthur E. R. (Arthur Edward Romilly) Boak is a classic work now available as a free public domain PDF download on Bookshelf. Part of Project Gutenberg's digital library of over 70 000 free ebooks.</p>,https://www.gutenberg.org/files/32624/32624-pdf.pdf,https://www.gutenberg.org/cache/epub/32624/pg32624.cover.medium.jpg,Free,#4a3728,#f5f1e8,#f59e0b,p-rings
History of European Morals From Augustus to Charlemagne (Vol. 1 of 2),A free public domain ethics book,William Edward Hartpole Lecky,Ethics,free,0,254,A classic ethics work by William Edward Hartpole Lecky now available as a free public domain PDF. Originally published in the 19th–early 20th century this 254-page edition has been carefully formatted for modern screen and print reading.,<p>History of European Morals From Augustus to Charlemagne (Vol. 1 of 2) by William Edward Hartpole Lecky is a classic work now available as a free public domain PDF download on Bookshelf. Part of Project Gutenberg's digital library of over 70 000 free ebooks.</p>,https://www.gutenberg.org/files/39273/39273-pdf.pdf,https://www.gutenberg.org/cache/epub/39273/pg39273.cover.medium.jpg,Free,#0f2a43,#f5f1e8,#f59e0b,p-rings
An Introduction to Mathematics,A free public domain mathematics book,Alfred North Whitehead,Mathematics,free,0,295,A classic mathematics work by Alfred North Whitehead now available as a free public domain PDF. Originally published in the 19th–early 20th century this 295-page edition has been carefully formatted for modern screen and print reading.,<p>An Introduction to Mathematics by Alfred North Whitehead is a classic work now available as a free public domain PDF download on Bookshelf. Part of Project Gutenberg's digital library of over 70 000 free ebooks.</p>,https://www.gutenberg.org/files/41568/41568-pdf.pdf,https://www.gutenberg.org/cache/epub/41568/pg41568.cover.medium.jpg,Free,#2b3a4a,#f5f1e8,#f59e0b,p-rings
The Conduct of Life,A free public domain conduct of life book,Ralph Waldo Emerson,Conduct of life,free,0,133,A classic conduct of life work by Ralph Waldo Emerson now available as a free public domain PDF. Originally published in the 19th–early 20th century this 133-page edition has been carefully formatted for modern screen and print reading.,<p>The Conduct of Life by Ralph Waldo Emerson is a classic work now available as a free public domain PDF download on Bookshelf. Part of Project Gutenberg's digital library of over 70 000 free ebooks.</p>,https://www.gutenberg.org/ebooks/39827.pdf.images,https://www.gutenberg.org/cache/epub/39827/pg39827.cover.medium.jpg,Free,#0f2a43,#f5f1e8,#f59e0b,p-rings
Hidden Symbolism of Alchemy and the Occult Arts,A free public domain psychology book,Herbert Silberer,Psychology,free,0,290,A classic psychology work by Herbert Silberer now available as a free public domain PDF. Originally published in the 19th–early 20th century this 290-page edition has been carefully formatted for modern screen and print reading.,<p>Hidden Symbolism of Alchemy and the Occult Arts by Herbert Silberer is a classic work now available as a free public domain PDF download on Bookshelf. Part of Project Gutenberg's digital library of over 70 000 free ebooks.</p>,https://www.gutenberg.org/files/27755/27755-pdf.pdf,https://www.gutenberg.org/cache/epub/27755/pg27755.cover.medium.jpg,Free,#0f2a43,#f5f1e8,#f59e0b,p-rings
Hegel's Philosophy of Mind,A free public domain philosophy book,Georg Wilhelm Friedrich Hegel,Philosophy,free,0,81,A classic philosophy work by Georg Wilhelm Friedrich Hegel now available as a free public domain PDF. Originally published in the 19th–early 20th century this 81-page edition has been carefully formatted for modern screen and print reading.,<p>Hegel's Philosophy of Mind by Georg Wilhelm Friedrich Hegel is a classic work now available as a free public domain PDF download on Bookshelf. Part of Project Gutenberg's digital library of over 70 000 free ebooks.</p>,https://www.gutenberg.org/files/39064/39064-pdf.pdf,https://www.gutenberg.org/cache/epub/39064/pg39064.cover.medium.jpg,Free,#3d2b4a,#f5f1e8,#f59e0b,p-rings
The Romantic Composers,A free public domain biography book,Daniel Gregory Mason,Biography,free,0,221,A classic biography work by Daniel Gregory Mason now available as a free public domain PDF. Originally published in the 19th–early 20th century this 221-page edition has been carefully formatted for modern screen and print reading.,<p>The Romantic Composers by Daniel Gregory Mason is a classic work now available as a free public domain PDF download on Bookshelf. Part of Project Gutenberg's digital library of over 70 000 free ebooks.</p>,https://www.gutenberg.org/files/58511/58511-h/pdf/score_p113-1.pdf,https://www.gutenberg.org/cache/epub/58511/pg58511.cover.medium.jpg,Free,#2d4a22,#f5f1e8,#f59e0b,p-rings
The Apple of Discord,A free public domain fiction book,Earle Ashley Walcott,Fiction,free,0,320,A classic fiction work by Earle Ashley Walcott now available as a free public domain PDF. Originally published in the 19th–early 20th century this 320-page edition has been carefully formatted for modern screen and print reading.,<p>The Apple of Discord by Earle Ashley Walcott is a classic work now available as a free public domain PDF download on Bookshelf. Part of Project Gutenberg's digital library of over 70 000 free ebooks.</p>,https://www.gutenberg.org/ebooks/52180.pdf.images,https://www.gutenberg.org/cache/epub/52180/pg52180.cover.medium.jpg,Free,#1a1a2e,#f5f1e8,#f59e0b,p-rings
Essays on the Theory of Numbers,A free public domain number theory book,Richard Dedekind,Number theory,free,0,142,A classic number theory work by Richard Dedekind now available as a free public domain PDF. Originally published in the 19th–early 20th century this 142-page edition has been carefully formatted for modern screen and print reading.,<p>Essays on the Theory of Numbers by Richard Dedekind is a classic work now available as a free public domain PDF download on Bookshelf. Part of Project Gutenberg's digital library of over 70 000 free ebooks.</p>,https://www.gutenberg.org/files/21016/21016-pdf.pdf,https://www.gutenberg.org/cache/epub/21016/pg21016.cover.medium.jpg,Free,#0f2a43,#f5f1e8,#f59e0b,p-rings
The Pencil of Nature,A free public domain photography book,William Henry Fox Talbot,Photography,free,0,164,A classic photography work by William Henry Fox Talbot now available as a free public domain PDF. Originally published in the 19th–early 20th century this 164-page edition has been carefully formatted for modern screen and print reading.,<p>The Pencil of Nature by William Henry Fox Talbot is a classic work now available as a free public domain PDF download on Bookshelf. Part of Project Gutenberg's digital library of over 70 000 free ebooks.</p>,https://www.gutenberg.org/files/33447/33447-pdf.pdf,https://www.gutenberg.org/cache/epub/33447/pg33447.cover.medium.jpg,Free,#0f2a43,#f5f1e8,#f59e0b,p-rings
An Investigation of the Laws of Thought: On which are founded the mathematical theories of logic and probabilities,A free public domain logic symbolic and mathematical book,George Boole,"Logic, symbolic and mathematical",free,0,116,A classic logic symbolic and mathematical work by George Boole now available as a free public domain PDF. Originally published in the 19th–early 20th century this 116-page edition has been carefully formatted for modern screen and print reading.,<p>An Investigation of the Laws of Thought: On which are founded the mathematical theories of logic and probabilities by George Boole is a classic work now available as a free public domain PDF download on Bookshelf. Part of Project Gutenberg's digital library of over 70 000 free ebooks.</p>,https://www.gutenberg.org/files/15114/15114-pdf.pdf,https://www.gutenberg.org/cache/epub/15114/pg15114.cover.medium.jpg,Free,#0f2a43,#f5f1e8,#f59e0b,p-rings
Pan Tadeusz; or The last foray in Lithuania: a story of life among Polish gentlefolk in the years 1811 and 1812,A free public domain fiction book,Adam Mickiewicz,Fiction,free,0,141,A classic fiction work by Adam Mickiewicz now available as a free public domain PDF. Originally published in the 19th–early 20th century this 141-page edition has been carefully formatted for modern screen and print reading.,<p>Pan Tadeusz; or The last foray in Lithuania: a story of life among Polish gentlefolk in the years 1811 and 1812 by Adam Mickiewicz is a classic work now available as a free public domain PDF download on Bookshelf. Part of Project Gutenberg's digital library of over 70 000 free ebooks.</p>,https://www.gutenberg.org/files/28240/28240-pdf.pdf,https://www.gutenberg.org/cache/epub/28240/pg28240.cover.medium.jpg,Free,#1a1a2e,#f5f1e8,#f59e0b,p-rings
Myths & Legends of the Celtic Race,A free public domain religion book,T. W. (Thomas William) Rolleston,Religion,free,0,289,A classic religion work by T. W. (Thomas William) Rolleston now available as a free public domain PDF. Originally published in the 19th–early 20th century this 289-page edition has been carefully formatted for modern screen and print reading.,<p>Myths & Legends of the Celtic Race by T. W. (Thomas William) Rolleston is a classic work now available as a free public domain PDF download on Bookshelf. Part of Project Gutenberg's digital library of over 70 000 free ebooks.</p>,https://www.gutenberg.org/files/34081/34081-pdf.pdf,https://www.gutenberg.org/cache/epub/34081/pg34081.cover.medium.jpg,Free,#4a4a2b,#f5f1e8,#f59e0b,p-rings
Amusement: A Force in Christian Training,A free public domain amusements book,Marvin R. Vincent,Amusements,free,0,275,A classic amusements work by Marvin R. Vincent now available as a free public domain PDF. Originally published in the 19th–early 20th century this 275-page edition has been carefully formatted for modern screen and print reading.,<p>Amusement: A Force in Christian Training by Marvin R. Vincent is a classic work now available as a free public domain PDF download on Bookshelf. Part of Project Gutenberg's digital library of over 70 000 free ebooks.</p>,https://www.gutenberg.org/files/25018/25018-pdf.pdf,https://www.gutenberg.org/cache/epub/25018/pg25018.cover.medium.jpg,Free,#0f2a43,#f5f1e8,#f59e0b,p-rings
The Sea: Its Stirring Story of Adventure Peril & Heroism. Volume 1,A free public domain adventure book,Frederick Whymper,Adventure,free,0,297,A classic adventure work by Frederick Whymper now available as a free public domain PDF. Originally published in the 19th–early 20th century this 297-page edition has been carefully formatted for modern screen and print reading.,<p>The Sea: Its Stirring Story of Adventure Peril & Heroism. Volume 1 by Frederick Whymper is a classic work now available as a free public domain PDF download on Bookshelf. Part of Project Gutenberg's digital library of over 70 000 free ebooks.</p>,https://www.gutenberg.org/files/39341/39341-pdf.pdf,https://www.gutenberg.org/cache/epub/39341/pg39341.cover.medium.jpg,Free,#0f2a43,#f5f1e8,#f59e0b,p-rings
The Golden Bough: A Study in Magic and Religion (Third Edition Vol. 09 of 12),A free public domain religion book,James George Frazer,Religion,free,0,263,A classic religion work by James George Frazer now available as a free public domain PDF. Originally published in the 19th–early 20th century this 263-page edition has been carefully formatted for modern screen and print reading.,<p>The Golden Bough: A Study in Magic and Religion (Third Edition Vol. 09 of 12) by James George Frazer is a classic work now available as a free public domain PDF download on Bookshelf. Part of Project Gutenberg's digital library of over 70 000 free ebooks.</p>,https://www.gutenberg.org/files/42661/42661-pdf.pdf,https://www.gutenberg.org/cache/epub/42661/pg42661.cover.medium.jpg,Free,#4a4a2b,#f5f1e8,#f59e0b,p-rings
Oom Paul's People: A Narrative of the British-Boer Troubles in South Africa with a History of the Boers the Country and ,A free public domain history book,Howard Clemens Hillegas,History,free,0,190,A classic history work by Howard Clemens Hillegas now available as a free public domain PDF. Originally published in the 19th–early 20th century this 190-page edition has been carefully formatted for modern screen and print reading.,<p>Oom Paul's People: A Narrative of the British-Boer Troubles in South Africa with a History of the Boers the Country and Its Institutions by Howard Clemens Hillegas is a classic work now available as a free public domain PDF download on Bookshelf. Part of Project Gutenberg's digital library of over 70 000 free ebooks.</p>,https://www.gutenberg.org/ebooks/41607.pdf.images,https://www.gutenberg.org/cache/epub/41607/pg41607.cover.medium.jpg,Free,#4a3728,#f5f1e8,#f59e0b,p-rings
The Zen Experience,A free public domain history book,Thomas Hoover,History,free,0,84,A classic history work by Thomas Hoover now available as a free public domain PDF. Originally published in the 19th–early 20th century this 84-page edition has been carefully formatted for modern screen and print reading.,<p>The Zen Experience by Thomas Hoover is a classic work now available as a free public domain PDF download on Bookshelf. Part of Project Gutenberg's digital library of over 70 000 free ebooks.</p>,https://www.gutenberg.org/files/34325/34325-pdf.pdf,https://www.gutenberg.org/cache/epub/34325/pg34325.cover.medium.jpg,Free,#4a3728,#f5f1e8,#f59e0b,p-rings
McGuffey's Eclectic Primer Revised Edition,A free public domain readers (primary) book,William Holmes McGuffey,Readers (primary),free,0,243,A classic readers (primary) work by William Holmes McGuffey now available as a free public domain PDF. Originally published in the 19th–early 20th century this 243-page edition has been carefully formatted for modern screen and print reading.,<p>McGuffey's Eclectic Primer Revised Edition by William Holmes McGuffey is a classic work now available as a free public domain PDF download on Bookshelf. Part of Project Gutenberg's digital library of over 70 000 free ebooks.</p>,https://www.gutenberg.org/files/14642/14642-pdf.pdf,https://www.gutenberg.org/cache/epub/14642/pg14642.cover.medium.jpg,Free,#0f2a43,#f5f1e8,#f59e0b,p-rings
St John Damascene on Holy Images (πρὸς τοὺς διαβάλλοντας τᾶς ἁγίας εἰκόνας). Followed by Three Sermons on the Assumption,A free public domain icons book,Saint John of Damascus,Icons,free,0,294,A classic icons work by Saint John of Damascus now available as a free public domain PDF. Originally published in the 19th–early 20th century this 294-page edition has been carefully formatted for modern screen and print reading.,<p>St John Damascene on Holy Images (πρὸς τοὺς διαβάλλοντας τᾶς ἁγίας εἰκόνας). Followed by Three Sermons on the Assumption (κοίμησις) by Saint John of Damascus is a classic work now available as a free public domain PDF download on Bookshelf. Part of Project Gutenberg's digital library of over 70 000 free ebooks.</p>,https://www.gutenberg.org/ebooks/49917.pdf.images,https://www.gutenberg.org/cache/epub/49917/pg49917.cover.medium.jpg,Free,#0f2a43,#f5f1e8,#f59e0b,p-rings
An Outline of Occult Science,A free public domain anthroposophy book,Rudolf Steiner,Anthroposophy,free,0,81,A classic anthroposophy work by Rudolf Steiner now available as a free public domain PDF. Originally published in the 19th–early 20th century this 81-page edition has been carefully formatted for modern screen and print reading.,<p>An Outline of Occult Science by Rudolf Steiner is a classic work now available as a free public domain PDF download on Bookshelf. Part of Project Gutenberg's digital library of over 70 000 free ebooks.</p>,https://www.gutenberg.org/files/30718/30718-pdf.pdf,https://www.gutenberg.org/cache/epub/30718/pg30718.cover.medium.jpg,Free,#0f2a43,#f5f1e8,#f59e0b,p-rings
The Golden Bough: A Study in Magic and Religion (Third Edition Vol. 04 of 12),A free public domain religion book,James George Frazer,Religion,free,0,317,A classic religion work by James George Frazer now available as a free public domain PDF. Originally published in the 19th–early 20th century this 317-page edition has been carefully formatted for modern screen and print reading.,<p>The Golden Bough: A Study in Magic and Religion (Third Edition Vol. 04 of 12) by James George Frazer is a classic work now available as a free public domain PDF download on Bookshelf. Part of Project Gutenberg's digital library of over 70 000 free ebooks.</p>,https://www.gutenberg.org/files/41572/41572-pdf.pdf,https://www.gutenberg.org/cache/epub/41572/pg41572.cover.medium.jpg,Free,#4a4a2b,#f5f1e8,#f59e0b,p-rings
Japanese Homes and Their Surroundings,A free public domain architecture domestic book,Edward Sylvester Morse,"Architecture, domestic",free,0,220,A classic architecture domestic work by Edward Sylvester Morse now available as a free public domain PDF. Originally published in the 19th–early 20th century this 220-page edition has been carefully formatted for modern screen and print reading.,<p>Japanese Homes and Their Surroundings by Edward Sylvester Morse is a classic work now available as a free public domain PDF download on Bookshelf. Part of Project Gutenberg's digital library of over 70 000 free ebooks.</p>,https://www.gutenberg.org/files/52868/52868-pdf.pdf,https://www.gutenberg.org/cache/epub/52868/pg52868.cover.medium.jpg,Free,#0f2a43,#f5f1e8,#f59e0b,p-rings
Studies in the Scriptures Volume 7: The Finished Mystery,A free public domain bible book,C. T. (Charles Taze) Russell,Bible,free,0,134,A classic bible work by C. T. (Charles Taze) Russell now available as a free public domain PDF. Originally published in the 19th–early 20th century this 134-page edition has been carefully formatted for modern screen and print reading.,<p>Studies in the Scriptures Volume 7: The Finished Mystery by C. T. (Charles Taze) Russell is a classic work now available as a free public domain PDF download on Bookshelf. Part of Project Gutenberg's digital library of over 70 000 free ebooks.</p>,https://www.gutenberg.org/files/46016/46016-pdf.pdf,https://www.gutenberg.org/cache/epub/46016/pg46016.cover.medium.jpg,Free,#0f2a43,#f5f1e8,#f59e0b,p-rings
Wagner as Man & Artist,A free public domain biography book,Ernest Newman,Biography,free,0,232,A classic biography work by Ernest Newman now available as a free public domain PDF. Originally published in the 19th–early 20th century this 232-page edition has been carefully formatted for modern screen and print reading.,<p>Wagner as Man & Artist by Ernest Newman is a classic work now available as a free public domain PDF download on Bookshelf. Part of Project Gutenberg's digital library of over 70 000 free ebooks.</p>,https://www.gutenberg.org/files/58068/58068-h/pdf-scores/score_p206.pdf,https://www.gutenberg.org/cache/epub/58068/pg58068.cover.medium.jpg,Free,#2d4a22,#f5f1e8,#f59e0b,p-rings
Ontology or the Theory of Being,A free public domain ontology book,P. (Peter) Coffey,Ontology,free,0,150,A classic ontology work by P. (Peter) Coffey now available as a free public domain PDF. Originally published in the 19th–early 20th century this 150-page edition has been carefully formatted for modern screen and print reading.,<p>Ontology or the Theory of Being by P. (Peter) Coffey is a classic work now available as a free public domain PDF download on Bookshelf. Part of Project Gutenberg's digital library of over 70 000 free ebooks.</p>,https://www.gutenberg.org/files/35722/35722-pdf.pdf,https://www.gutenberg.org/cache/epub/35722/pg35722.cover.medium.jpg,Free,#0f2a43,#f5f1e8,#f59e0b,p-rings
Variations Chromatiques de Concert: MP3 MIDI and PDF files,A free public domain variations (piano) book,Georges Bizet,Variations (piano),free,0,97,A classic variations (piano) work by Georges Bizet now available as a free public domain PDF. Originally published in the 19th–early 20th century this 97-page edition has been carefully formatted for modern screen and print reading.,<p>Variations Chromatiques de Concert: MP3 MIDI and PDF files by Georges Bizet is a classic work now available as a free public domain PDF download on Bookshelf. Part of Project Gutenberg's digital library of over 70 000 free ebooks.</p>,https://www.gutenberg.org/files/42911/Bizet-Variations_Chromatiques_de_concert/Bizet-Variations_Chromatiques_de_concert_Theme_A4.pdf,https://www.gutenberg.org/cache/epub/42911/pg42911.cover.medium.jpg,Free,#0f2a43,#f5f1e8,#f59e0b,p-rings
The Public Domain: Enclosing the Commons of the Mind,A free public domain law book,James Boyle,Law,free,0,108,A classic law work by James Boyle now available as a free public domain PDF. Originally published in the 19th–early 20th century this 108-page edition has been carefully formatted for modern screen and print reading.,<p>The Public Domain: Enclosing the Commons of the Mind by James Boyle is a classic work now available as a free public domain PDF download on Bookshelf. Part of Project Gutenberg's digital library of over 70 000 free ebooks.</p>,https://www.gutenberg.org/files/27526/27526-pdf.pdf,https://www.gutenberg.org/cache/epub/27526/pg27526.cover.medium.jpg,Free,#4a3b2b,#f5f1e8,#f59e0b,p-rings
The International Monthly Magazine - Volume V - No II,A free public domain history book,Various,History,free,0,93,A classic history work by Various now available as a free public domain PDF. Originally published in the 19th–early 20th century this 93-page edition has been carefully formatted for modern screen and print reading.,<p>The International Monthly Magazine - Volume V - No II by Various is a classic work now available as a free public domain PDF download on Bookshelf. Part of Project Gutenberg's digital library of over 70 000 free ebooks.</p>,https://www.gutenberg.org/files/20102/20102-pdf.pdf,https://www.gutenberg.org/cache/epub/20102/pg20102.cover.medium.jpg,Free,#4a3728,#f5f1e8,#f59e0b,p-rings
Modern Spiritualism,A free public domain spiritualism book,Uriah Smith,Spiritualism,free,0,193,A classic spiritualism work by Uriah Smith now available as a free public domain PDF. Originally published in the 19th–early 20th century this 193-page edition has been carefully formatted for modern screen and print reading.,<p>Modern Spiritualism by Uriah Smith is a classic work now available as a free public domain PDF download on Bookshelf. Part of Project Gutenberg's digital library of over 70 000 free ebooks.</p>,https://www.gutenberg.org/files/27197/27197-pdf.pdf,https://www.gutenberg.org/cache/epub/27197/pg27197.cover.medium.jpg,Free,#0f2a43,#f5f1e8,#f59e0b,p-rings
Japan,A free public domain history book,David Murray,History,free,0,224,A classic history work by David Murray now available as a free public domain PDF. Originally published in the 19th–early 20th century this 224-page edition has been carefully formatted for modern screen and print reading.,<p>Japan by David Murray is a classic work now available as a free public domain PDF download on Bookshelf. Part of Project Gutenberg's digital library of over 70 000 free ebooks.</p>,https://www.gutenberg.org/files/29798/29798-pdf.pdf,https://www.gutenberg.org/cache/epub/29798/pg29798.cover.medium.jpg,Free,#4a3728,#f5f1e8,#f59e0b,p-rings
The Negro in the United States; a selected bibliography. Compiled by Dorothy B. Porter,A free public domain african americans book,Dorothy Porter Wesley,African americans,free,0,92,A classic african americans work by Dorothy Porter Wesley now available as a free public domain PDF. Originally published in the 19th–early 20th century this 92-page edition has been carefully formatted for modern screen and print reading.,<p>The Negro in the United States; a selected bibliography. Compiled by Dorothy B. Porter by Dorothy Porter Wesley is a classic work now available as a free public domain PDF download on Bookshelf. Part of Project Gutenberg's digital library of over 70 000 free ebooks.</p>,https://www.gutenberg.org/ebooks/36021.pdf.images,https://www.gutenberg.org/cache/epub/36021/pg36021.cover.medium.jpg,Free,#0f2a43,#f5f1e8,#f59e0b,p-rings
The Logic of Chance 3rd edition: An Essay on the Foundations and Province of the Theory of Probability With Especial Ref,A free public domain science book,John Venn,Science,free,0,249,A classic science work by John Venn now available as a free public domain PDF. Originally published in the 19th–early 20th century this 249-page edition has been carefully formatted for modern screen and print reading.,<p>The Logic of Chance 3rd edition: An Essay on the Foundations and Province of the Theory of Probability With Especial Reference to Its Logical Bearings and Its Application to Moral and Social Science and to Statistics by John Venn is a classic work now available as a free public domain PDF download on Bookshelf. Part of Project Gutenberg's digital library of over 70 000 free ebooks.</p>,https://www.gutenberg.org/files/57359/57359-pdf.pdf,https://www.gutenberg.org/cache/epub/57359/pg57359.cover.medium.jpg,Free,#1e3a5f,#f5f1e8,#f59e0b,p-rings
Slave Narratives: A Folk History of Slavery in the United States from Interviews with Former Slaves Volume I Alabama Nar,A free public domain biography book,United States. Work Projects Administration,Biography,free,0,137,A classic biography work by United States. Work Projects Administration now available as a free public domain PDF. Originally published in the 19th–early 20th century this 137-page edition has been carefully formatted for modern screen and print reading.,<p>Slave Narratives: A Folk History of Slavery in the United States from Interviews with Former Slaves Volume I Alabama Narratives by United States. Work Projects Administration is a classic work now available as a free public domain PDF download on Bookshelf. Part of Project Gutenberg's digital library of over 70 000 free ebooks.</p>,https://www.gutenberg.org/ebooks/36020.pdf.images,https://www.gutenberg.org/cache/epub/36020/pg36020.cover.medium.jpg,Free,#2d4a22,#f5f1e8,#f59e0b,p-rings
Harper's New Monthly Magazine No. V October 1850 Volume I.,A free public domain american literature book,Unknown Author,American literature,free,0,195,A classic american literature work by Unknown Author now available as a free public domain PDF. Originally published in the 19th–early 20th century this 195-page edition has been carefully formatted for modern screen and print reading.,<p>Harper's New Monthly Magazine No. V October 1850 Volume I. by Unknown Author is a classic work now available as a free public domain PDF download on Bookshelf. Part of Project Gutenberg's digital library of over 70 000 free ebooks.</p>,https://www.gutenberg.org/files/33452/33452-pdf.pdf,https://www.gutenberg.org/cache/epub/33452/pg33452.cover.medium.jpg,Free,#0f2a43,#f5f1e8,#f59e0b,p-rings
The quest of the historical Jesus : $b a critical study of its progress from Reimarus to Wrede,A free public domain history book,Albert Schweitzer,History,free,0,135,A classic history work by Albert Schweitzer now available as a free public domain PDF. Originally published in the 19th–early 20th century this 135-page edition has been carefully formatted for modern screen and print reading.,<p>The quest of the historical Jesus : $b a critical study of its progress from Reimarus to Wrede by Albert Schweitzer is a classic work now available as a free public domain PDF download on Bookshelf. Part of Project Gutenberg's digital library of over 70 000 free ebooks.</p>,https://www.gutenberg.org/files/45422/45422-pdf.pdf,https://www.gutenberg.org/cache/epub/45422/pg45422.cover.medium.jpg,Free,#4a3728,#f5f1e8,#f59e0b,p-rings
The Golden Bough: A Study in Magic and Religion (Third Edition Vol. 08 of 12),A free public domain religion book,James George Frazer,Religion,free,0,247,A classic religion work by James George Frazer now available as a free public domain PDF. Originally published in the 19th–early 20th century this 247-page edition has been carefully formatted for modern screen and print reading.,<p>The Golden Bough: A Study in Magic and Religion (Third Edition Vol. 08 of 12) by James George Frazer is a classic work now available as a free public domain PDF download on Bookshelf. Part of Project Gutenberg's digital library of over 70 000 free ebooks.</p>,https://www.gutenberg.org/files/42336/42336-pdf.pdf,https://www.gutenberg.org/cache/epub/42336/pg42336.cover.medium.jpg,Free,#4a4a2b,#f5f1e8,#f59e0b,p-rings
Project Gutenberg (1971-2009),A free public domain project gutenberg book,Marie Lebert,Project gutenberg,free,0,180,A classic project gutenberg work by Marie Lebert now available as a free public domain PDF. Originally published in the 19th–early 20th century this 180-page edition has been carefully formatted for modern screen and print reading.,<p>Project Gutenberg (1971-2009) by Marie Lebert is a classic work now available as a free public domain PDF download on Bookshelf. Part of Project Gutenberg's digital library of over 70 000 free ebooks.</p>,https://www.gutenberg.org/files/31632/31632-pdf.pdf,https://www.gutenberg.org/cache/epub/31632/pg31632.cover.medium.jpg,Free,#0f2a43,#f5f1e8,#f59e0b,p-rings
The Fundamental Principles of Old and New World Civilizations: A Comparative Research Based on a Study of the Ancient Me,A free public domain history book,Zelia Nuttall,History,free,0,101,A classic history work by Zelia Nuttall now available as a free public domain PDF. Originally published in the 19th–early 20th century this 101-page edition has been carefully formatted for modern screen and print reading.,<p>The Fundamental Principles of Old and New World Civilizations: A Comparative Research Based on a Study of the Ancient Mexican Religious Sociological and Calendrical Systems by Zelia Nuttall is a classic work now available as a free public domain PDF download on Bookshelf. Part of Project Gutenberg's digital library of over 70 000 free ebooks.</p>,https://www.gutenberg.org/files/32066/32066-pdf.pdf,https://www.gutenberg.org/cache/epub/32066/pg32066.cover.medium.jpg,Free,#4a3728,#f5f1e8,#f59e0b,p-rings
The Catholic World Vol. 20 October 1874‐March 1875,A free public domain catholic church book,Various,Catholic church,free,0,173,A classic catholic church work by Various now available as a free public domain PDF. Originally published in the 19th–early 20th century this 173-page edition has been carefully formatted for modern screen and print reading.,<p>The Catholic World Vol. 20 October 1874‐March 1875 by Various is a classic work now available as a free public domain PDF download on Bookshelf. Part of Project Gutenberg's digital library of over 70 000 free ebooks.</p>,https://www.gutenberg.org/files/56022/56022-pdf.pdf,https://www.gutenberg.org/cache/epub/56022/pg56022.cover.medium.jpg,Free,#0f2a43,#f5f1e8,#f59e0b,p-rings
A History of EBooks,A free public domain electronic books book,Marie Lebert,Electronic books,free,0,215,A classic electronic books work by Marie Lebert now available as a free public domain PDF. Originally published in the 19th–early 20th century this 215-page edition has been carefully formatted for modern screen and print reading.,<p>A History of EBooks by Marie Lebert is a classic work now available as a free public domain PDF download on Bookshelf. Part of Project Gutenberg's digital library of over 70 000 free ebooks.</p>,https://www.gutenberg.org/files/29801/29801-pdf.pdf,https://www.gutenberg.org/cache/epub/29801/pg29801.cover.medium.jpg,Free,#0f2a43,#f5f1e8,#f59e0b,p-rings
Lectures on the Science of Language,A free public domain comparative linguistics book,F. Max (Friedrich Max) Müller,Comparative linguistics,free,0,269,A classic comparative linguistics work by F. Max (Friedrich Max) Müller now available as a free public domain PDF. Originally published in the 19th–early 20th century this 269-page edition has been carefully formatted for modern screen and print reading.,<p>Lectures on the Science of Language by F. Max (Friedrich Max) Müller is a classic work now available as a free public domain PDF download on Bookshelf. Part of Project Gutenberg's digital library of over 70 000 free ebooks.</p>,https://www.gutenberg.org/files/32856/32856-pdf.pdf,https://www.gutenberg.org/cache/epub/32856/pg32856.cover.medium.jpg,Free,#0f2a43,#f5f1e8,#f59e0b,p-rings
The Academic Questions Treatise De Finibus and Tusculan Disputations of M.T. Cicero With a Sketch of the Greek Philosoph,A free public domain ethics book,Marcus Tullius Cicero,Ethics,free,0,93,A classic ethics work by Marcus Tullius Cicero now available as a free public domain PDF. Originally published in the 19th–early 20th century this 93-page edition has been carefully formatted for modern screen and print reading.,<p>The Academic Questions Treatise De Finibus and Tusculan Disputations of M.T. Cicero With a Sketch of the Greek Philosophers Mentioned by Cicero by Marcus Tullius Cicero is a classic work now available as a free public domain PDF download on Bookshelf. Part of Project Gutenberg's digital library of over 70 000 free ebooks.</p>,https://www.gutenberg.org/files/29247/29247-pdf.pdf,https://www.gutenberg.org/cache/epub/29247/pg29247.cover.medium.jpg,Free,#0f2a43,#f5f1e8,#f59e0b,p-rings
Harper's New Monthly Magazine February 1852,A free public domain american literature book,Unknown Author,American literature,free,0,243,A classic american literature work by Unknown Author now available as a free public domain PDF. Originally published in the 19th–early 20th century this 243-page edition has been carefully formatted for modern screen and print reading.,<p>Harper's New Monthly Magazine February 1852 by Unknown Author is a classic work now available as a free public domain PDF download on Bookshelf. Part of Project Gutenberg's digital library of over 70 000 free ebooks.</p>,https://www.gutenberg.org/files/32945/32945-pdf.pdf,https://www.gutenberg.org/cache/epub/32945/pg32945.cover.medium.jpg,Free,#0f2a43,#f5f1e8,#f59e0b,p-rings
The Rāmāyana Volume 2. Āranya Kishkindhā and Sundara Kāndam,A free public domain fiction book,Valmiki,Fiction,free,0,127,A classic fiction work by Valmiki now available as a free public domain PDF. Originally published in the 19th–early 20th century this 127-page edition has been carefully formatted for modern screen and print reading.,<p>The Rāmāyana Volume 2. Āranya Kishkindhā and Sundara Kāndam by Valmiki is a classic work now available as a free public domain PDF download on Bookshelf. Part of Project Gutenberg's digital library of over 70 000 free ebooks.</p>,https://www.gutenberg.org/ebooks/57826.pdf.images,https://www.gutenberg.org/cache/epub/57826/pg57826.cover.medium.jpg,Free,#1a1a2e,#f5f1e8,#f59e0b,p-rings
English Translations from the Greek: A Bibliographical Survey,A free public domain greek literature book,Finley Melville Kendall Foster,Greek literature,free,0,323,A classic greek literature work by Finley Melville Kendall Foster now available as a free public domain PDF. Originally published in the 19th–early 20th century this 323-page edition has been carefully formatted for modern screen and print reading.,<p>English Translations from the Greek: A Bibliographical Survey by Finley Melville Kendall Foster is a classic work now available as a free public domain PDF download on Bookshelf. Part of Project Gutenberg's digital library of over 70 000 free ebooks.</p>,https://www.gutenberg.org/files/48950/48950-pdf.pdf,https://www.gutenberg.org/cache/epub/48950/pg48950.cover.medium.jpg,Free,#0f2a43,#f5f1e8,#f59e0b,p-rings
The Works of George Berkeley. Vol. 1 of 4: Philosophical Works 1705-21,A free public domain philosophy book,George Berkeley,Philosophy,free,0,245,A classic philosophy work by George Berkeley now available as a free public domain PDF. Originally published in the 19th–early 20th century this 245-page edition has been carefully formatted for modern screen and print reading.,<p>The Works of George Berkeley. Vol. 1 of 4: Philosophical Works 1705-21 by George Berkeley is a classic work now available as a free public domain PDF download on Bookshelf. Part of Project Gutenberg's digital library of over 70 000 free ebooks.</p>,https://www.gutenberg.org/files/39746/39746-pdf.pdf,https://www.gutenberg.org/cache/epub/39746/pg39746.cover.medium.jpg,Free,#3d2b4a,#f5f1e8,#f59e0b,p-rings
Michael Angelo Buonarroti: With Translations Of The Life Of The Master By His Scholar Ascanio Condivi And Three Dialogue,A free public domain biography book,Charles Holroyd,Biography,free,0,241,A classic biography work by Charles Holroyd now available as a free public domain PDF. Originally published in the 19th–early 20th century this 241-page edition has been carefully formatted for modern screen and print reading.,<p>Michael Angelo Buonarroti: With Translations Of The Life Of The Master By His Scholar Ascanio Condivi And Three Dialogues From The Portugese By Francisco d'Ollanda by Charles Holroyd is a classic work now available as a free public domain PDF download on Bookshelf. Part of Project Gutenberg's digital library of over 70 000 free ebooks.</p>,https://www.gutenberg.org/files/19332/19332-pdf.pdf,https://www.gutenberg.org/cache/epub/19332/pg19332.cover.medium.jpg,Free,#2d4a22,#f5f1e8,#f59e0b,p-rings
A Story of the Golden Age,A free public domain fiction book,James Baldwin,Fiction,free,0,224,A classic fiction work by James Baldwin now available as a free public domain PDF. Originally published in the 19th–early 20th century this 224-page edition has been carefully formatted for modern screen and print reading.,<p>A Story of the Golden Age by James Baldwin is a classic work now available as a free public domain PDF download on Bookshelf. Part of Project Gutenberg's digital library of over 70 000 free ebooks.</p>,https://www.gutenberg.org/ebooks/54214.pdf.images,https://www.gutenberg.org/cache/epub/54214/pg54214.cover.medium.jpg,Free,#1a1a2e,#f5f1e8,#f59e0b,p-rings
First Course in the Theory of Equations,A free public domain equations theory of book,Leonard E. (Leonard Eugene) Dickson,"Equations, theory of",free,0,106,A classic equations theory of work by Leonard E. (Leonard Eugene) Dickson now available as a free public domain PDF. Originally published in the 19th–early 20th century this 106-page edition has been carefully formatted for modern screen and print reading.,<p>First Course in the Theory of Equations by Leonard E. (Leonard Eugene) Dickson is a classic work now available as a free public domain PDF download on Bookshelf. Part of Project Gutenberg's digital library of over 70 000 free ebooks.</p>,https://www.gutenberg.org/files/29785/29785-pdf.pdf,https://www.gutenberg.org/cache/epub/29785/pg29785.cover.medium.jpg,Free,#0f2a43,#f5f1e8,#f59e0b,p-rings
The Golden Bough: A Study in Magic and Religion (Third Edition Vol. 05 of 12),A free public domain religion book,James George Frazer,Religion,free,0,314,A classic religion work by James George Frazer now available as a free public domain PDF. Originally published in the 19th–early 20th century this 314-page edition has been carefully formatted for modern screen and print reading.,<p>The Golden Bough: A Study in Magic and Religion (Third Edition Vol. 05 of 12) by James George Frazer is a classic work now available as a free public domain PDF download on Bookshelf. Part of Project Gutenberg's digital library of over 70 000 free ebooks.</p>,https://www.gutenberg.org/files/43605/43605-pdf.pdf,https://www.gutenberg.org/cache/epub/43605/pg43605.cover.medium.jpg,Free,#4a4a2b,#f5f1e8,#f59e0b,p-rings
Barbarians,A free public domain fiction book,Robert W. (Robert William) Chambers,Fiction,free,0,272,A classic fiction work by Robert W. (Robert William) Chambers now available as a free public domain PDF. Originally published in the 19th–early 20th century this 272-page edition has been carefully formatted for modern screen and print reading.,<p>Barbarians by Robert W. (Robert William) Chambers is a classic work now available as a free public domain PDF download on Bookshelf. Part of Project Gutenberg's digital library of over 70 000 free ebooks.</p>,https://www.gutenberg.org/files/25623/25623-pdf.pdf,https://www.gutenberg.org/cache/epub/25623/pg25623.cover.medium.jpg,Free,#1a1a2e,#f5f1e8,#f59e0b,p-rings
McGuffey's Fourth Eclectic Reader,A free public domain readers book,William Holmes McGuffey,Readers,free,0,256,A classic readers work by William Holmes McGuffey now available as a free public domain PDF. Originally published in the 19th–early 20th century this 256-page edition has been carefully formatted for modern screen and print reading.,<p>McGuffey's Fourth Eclectic Reader by William Holmes McGuffey is a classic work now available as a free public domain PDF download on Bookshelf. Part of Project Gutenberg's digital library of over 70 000 free ebooks.</p>,https://www.gutenberg.org/files/14880/14880-pdf.pdf,https://www.gutenberg.org/cache/epub/14880/pg14880.cover.medium.jpg,Free,#0f2a43,#f5f1e8,#f59e0b,p-rings
The Works of the Emperor Julian Vol. 1,A free public domain speeches addresses etc. greek book,Emperor of Rome Julian,"Speeches, addresses, etc., greek",free,0,84,A classic speeches addresses etc. greek work by Emperor of Rome Julian now available as a free public domain PDF. Originally published in the 19th–early 20th century this 84-page edition has been carefully formatted for modern screen and print reading.,<p>The Works of the Emperor Julian Vol. 1 by Emperor of Rome Julian is a classic work now available as a free public domain PDF download on Bookshelf. Part of Project Gutenberg's digital library of over 70 000 free ebooks.</p>,https://www.gutenberg.org/files/48664/48664-pdf.pdf,https://www.gutenberg.org/cache/epub/48664/pg48664.cover.medium.jpg,Free,#0f2a43,#f5f1e8,#f59e0b,p-rings
Systematic Theology (Volume 2 of 3),A free public domain baptists book,Augustus Hopkins Strong,Baptists,free,0,197,A classic baptists work by Augustus Hopkins Strong now available as a free public domain PDF. Originally published in the 19th–early 20th century this 197-page edition has been carefully formatted for modern screen and print reading.,<p>Systematic Theology (Volume 2 of 3) by Augustus Hopkins Strong is a classic work now available as a free public domain PDF download on Bookshelf. Part of Project Gutenberg's digital library of over 70 000 free ebooks.</p>,https://www.gutenberg.org/files/44555/44555-pdf.pdf,https://www.gutenberg.org/cache/epub/44555/pg44555.cover.medium.jpg,Free,#0f2a43,#f5f1e8,#f59e0b,p-rings
The Golden Bough: A Study in Magic and Religion (Third Edition Vol. 07 of 12),A free public domain religion book,James George Frazer,Religion,free,0,189,A classic religion work by James George Frazer now available as a free public domain PDF. Originally published in the 19th–early 20th century this 189-page edition has been carefully formatted for modern screen and print reading.,<p>The Golden Bough: A Study in Magic and Religion (Third Edition Vol. 07 of 12) by James George Frazer is a classic work now available as a free public domain PDF download on Bookshelf. Part of Project Gutenberg's digital library of over 70 000 free ebooks.</p>,https://www.gutenberg.org/files/42067/42067-pdf.pdf,https://www.gutenberg.org/cache/epub/42067/pg42067.cover.medium.jpg,Free,#4a4a2b,#f5f1e8,#f59e0b,p-rings
History of the World War : $b An authentic narrative of the world's greatest war,A free public domain world war 1914-1918 book,Jr. Francis A. March,"World war, 1914-1918",free,0,311,A classic world war 1914-1918 work by Jr. Francis A. March now available as a free public domain PDF. Originally published in the 19th–early 20th century this 311-page edition has been carefully formatted for modern screen and print reading.,<p>History of the World War : $b An authentic narrative of the world's greatest war by Jr. Francis A. March is a classic work now available as a free public domain PDF download on Bookshelf. Part of Project Gutenberg's digital library of over 70 000 free ebooks.</p>,https://www.gutenberg.org/files/18993/18993-pdf.pdf,https://www.gutenberg.org/cache/epub/18993/pg18993.cover.medium.jpg,Free,#0f2a43,#f5f1e8,#f59e0b,p-rings
The Knights of the Round Table: Stories of King Arthur and the Holy Grail,A free public domain fiction book,William Henry Frost,Fiction,free,0,92,A classic fiction work by William Henry Frost now available as a free public domain PDF. Originally published in the 19th–early 20th century this 92-page edition has been carefully formatted for modern screen and print reading.,<p>The Knights of the Round Table: Stories of King Arthur and the Holy Grail by William Henry Frost is a classic work now available as a free public domain PDF download on Bookshelf. Part of Project Gutenberg's digital library of over 70 000 free ebooks.</p>,https://www.gutenberg.org/ebooks/46176.pdf.images,https://www.gutenberg.org/cache/epub/46176/pg46176.cover.medium.jpg,Free,#1a1a2e,#f5f1e8,#f59e0b,p-rings
The Moghul,A free public domain fiction book,Thomas Hoover,Fiction,free,0,98,A classic fiction work by Thomas Hoover now available as a free public domain PDF. Originally published in the 19th–early 20th century this 98-page edition has been carefully formatted for modern screen and print reading.,<p>The Moghul by Thomas Hoover is a classic work now available as a free public domain PDF download on Bookshelf. Part of Project Gutenberg's digital library of over 70 000 free ebooks.</p>,https://www.gutenberg.org/files/34322/34322-pdf.pdf,https://www.gutenberg.org/cache/epub/34322/pg34322.cover.medium.jpg,Free,#1a1a2e,#f5f1e8,#f59e0b,p-rings
The Byzantine Empire,A free public domain history book,Charles Oman,History,free,0,232,A classic history work by Charles Oman now available as a free public domain PDF. Originally published in the 19th–early 20th century this 232-page edition has been carefully formatted for modern screen and print reading.,<p>The Byzantine Empire by Charles Oman is a classic work now available as a free public domain PDF download on Bookshelf. Part of Project Gutenberg's digital library of over 70 000 free ebooks.</p>,https://www.gutenberg.org/files/37756/37756-pdf.pdf,https://www.gutenberg.org/cache/epub/37756/pg37756.cover.medium.jpg,Free,#4a3728,#f5f1e8,#f59e0b,p-rings
Bartholomew de Las Casas; his life apostolate and writings,A free public domain art book,Francis Augustus MacNutt,Art,free,0,283,A classic art work by Francis Augustus MacNutt now available as a free public domain PDF. Originally published in the 19th–early 20th century this 283-page edition has been carefully formatted for modern screen and print reading.,<p>Bartholomew de Las Casas; his life apostolate and writings by Francis Augustus MacNutt is a classic work now available as a free public domain PDF download on Bookshelf. Part of Project Gutenberg's digital library of over 70 000 free ebooks.</p>,https://www.gutenberg.org/files/23466/23466-pdf.pdf,https://www.gutenberg.org/cache/epub/23466/pg23466.cover.medium.jpg,Free,#4a2b2b,#f5f1e8,#f59e0b,p-rings
The Mathematical Analysis of Logic: Being an Essay Towards a Calculus of Deductive Reasoning,A free public domain logic book,George Boole,Logic,free,0,124,A classic logic work by George Boole now available as a free public domain PDF. Originally published in the 19th–early 20th century this 124-page edition has been carefully formatted for modern screen and print reading.,<p>The Mathematical Analysis of Logic: Being an Essay Towards a Calculus of Deductive Reasoning by George Boole is a classic work now available as a free public domain PDF download on Bookshelf. Part of Project Gutenberg's digital library of over 70 000 free ebooks.</p>,https://www.gutenberg.org/files/36884/36884-pdf.pdf,https://www.gutenberg.org/cache/epub/36884/pg36884.cover.medium.jpg,Free,#0f2a43,#f5f1e8,#f59e0b,p-rings
The Roman Poets of the Augustan Age: Virgil,A free public domain history book,W. Y. (William Young) Sellar,History,free,0,251,A classic history work by W. Y. (William Young) Sellar now available as a free public domain PDF. Originally published in the 19th–early 20th century this 251-page edition has been carefully formatted for modern screen and print reading.,<p>The Roman Poets of the Augustan Age: Virgil by W. Y. (William Young) Sellar is a classic work now available as a free public domain PDF download on Bookshelf. Part of Project Gutenberg's digital library of over 70 000 free ebooks.</p>,https://www.gutenberg.org/files/34163/34163-pdf.pdf,https://www.gutenberg.org/cache/epub/34163/pg34163.cover.medium.jpg,Free,#4a3728,#f5f1e8,#f59e0b,p-rings
The Traditional Text of the Holy Gospels,A free public domain bible. gospels book,John William Burgon,Bible. gospels,free,0,179,A classic bible. gospels work by John William Burgon now available as a free public domain PDF. Originally published in the 19th–early 20th century this 179-page edition has been carefully formatted for modern screen and print reading.,<p>The Traditional Text of the Holy Gospels by John William Burgon is a classic work now available as a free public domain PDF download on Bookshelf. Part of Project Gutenberg's digital library of over 70 000 free ebooks.</p>,https://www.gutenberg.org/files/38960/38960-pdf.pdf,https://www.gutenberg.org/cache/epub/38960/pg38960.cover.medium.jpg,Free,#0f2a43,#f5f1e8,#f59e0b,p-rings
Early Lives of Charlemagne by Eginhard and the Monk of St Gall edited by Prof. A. J. Grant,A free public domain history book,Einhard,History,free,0,137,A classic history work by Einhard now available as a free public domain PDF. Originally published in the 19th–early 20th century this 137-page edition has been carefully formatted for modern screen and print reading.,<p>Early Lives of Charlemagne by Eginhard and the Monk of St Gall edited by Prof. A. J. Grant by Einhard is a classic work now available as a free public domain PDF download on Bookshelf. Part of Project Gutenberg's digital library of over 70 000 free ebooks.</p>,https://www.gutenberg.org/ebooks/48870.pdf.images,https://www.gutenberg.org/cache/epub/48870/pg48870.cover.medium.jpg,Free,#4a3728,#f5f1e8,#f59e0b,p-rings
Buck Peters ranchman : $b being the story of what happened when Buck Peters Hopalong Cassidy and their Bar-20 associates,A free public domain fiction book,Clarence Edward Mulford,Fiction,free,0,252,A classic fiction work by Clarence Edward Mulford now available as a free public domain PDF. Originally published in the 19th–early 20th century this 252-page edition has been carefully formatted for modern screen and print reading.,<p>Buck Peters ranchman : $b being the story of what happened when Buck Peters Hopalong Cassidy and their Bar-20 associates went to Montana by Clarence Edward Mulford is a classic work now available as a free public domain PDF download on Bookshelf. Part of Project Gutenberg's digital library of over 70 000 free ebooks.</p>,https://www.gutenberg.org/ebooks/42800.pdf.images,https://www.gutenberg.org/cache/epub/42800/pg42800.cover.medium.jpg,Free,#1a1a2e,#f5f1e8,#f59e0b,p-rings
String Quartet No. 10 in E flat major Opus 74 Harp,A free public domain art book,Ludwig van Beethoven,Art,free,0,300,A classic art work by Ludwig van Beethoven now available as a free public domain PDF. Originally published in the 19th–early 20th century this 300-page edition has been carefully formatted for modern screen and print reading.,<p>String Quartet No. 10 in E flat major Opus 74 Harp by Ludwig van Beethoven is a classic work now available as a free public domain PDF download on Bookshelf. Part of Project Gutenberg's digital library of over 70 000 free ebooks.</p>,https://www.gutenberg.org/files/11755/11755-pdf/11755-Complete.pdf,https://www.gutenberg.org/cache/epub/11755/pg11755.cover.medium.jpg,Free,#4a2b2b,#f5f1e8,#f59e0b,p-rings
Rambles and Studies in Greece,A free public domain travel book,J. P. (John Pentland) Mahaffy,Travel,free,0,213,A classic travel work by J. P. (John Pentland) Mahaffy now available as a free public domain PDF. Originally published in the 19th–early 20th century this 213-page edition has been carefully formatted for modern screen and print reading.,<p>Rambles and Studies in Greece by J. P. (John Pentland) Mahaffy is a classic work now available as a free public domain PDF download on Bookshelf. Part of Project Gutenberg's digital library of over 70 000 free ebooks.</p>,https://www.gutenberg.org/files/35298/35298-pdf.pdf,https://www.gutenberg.org/cache/epub/35298/pg35298.cover.medium.jpg,Free,#2b4a4a,#f5f1e8,#f59e0b,p-rings
Bible Readings for the Home Circle,A free public domain bible book,Unknown Author,Bible,free,0,207,A classic bible work by Unknown Author now available as a free public domain PDF. Originally published in the 19th–early 20th century this 207-page edition has been carefully formatted for modern screen and print reading.,<p>Bible Readings for the Home Circle by Unknown Author is a classic work now available as a free public domain PDF download on Bookshelf. Part of Project Gutenberg's digital library of over 70 000 free ebooks.</p>,https://www.gutenberg.org/files/34520/34520-pdf.pdf,https://www.gutenberg.org/cache/epub/34520/pg34520.cover.medium.jpg,Free,#0f2a43,#f5f1e8,#f59e0b,p-rings
Above the Snow Line: Mountaineering Sketches Between 1870 and 1880,A free public domain mountaineering book,C. T. (Clinton Thomas) Dent,Mountaineering,free,0,287,A classic mountaineering work by C. T. (Clinton Thomas) Dent now available as a free public domain PDF. Originally published in the 19th–early 20th century this 287-page edition has been carefully formatted for modern screen and print reading.,<p>Above the Snow Line: Mountaineering Sketches Between 1870 and 1880 by C. T. (Clinton Thomas) Dent is a classic work now available as a free public domain PDF download on Bookshelf. Part of Project Gutenberg's digital library of over 70 000 free ebooks.</p>,https://www.gutenberg.org/files/35434/35434-pdf.pdf,https://www.gutenberg.org/cache/epub/35434/pg35434.cover.medium.jpg,Free,#0f2a43,#f5f1e8,#f59e0b,p-rings
Stories from Dickens,A free public domain fiction book,Charles Dickens,Fiction,free,0,295,A classic fiction work by Charles Dickens now available as a free public domain PDF. Originally published in the 19th–early 20th century this 295-page edition has been carefully formatted for modern screen and print reading.,<p>Stories from Dickens by Charles Dickens is a classic work now available as a free public domain PDF download on Bookshelf. Part of Project Gutenberg's digital library of over 70 000 free ebooks.</p>,https://www.gutenberg.org/ebooks/49125.pdf.images,https://www.gutenberg.org/cache/epub/49125/pg49125.cover.medium.jpg,Free,#1a1a2e,#f5f1e8,#f59e0b,p-rings
The Borgias: Celebrated Crimes,A free public domain crime book,Alexandre Dumas,Crime,free,0,218,A classic crime work by Alexandre Dumas now available as a free public domain PDF. Originally published in the 19th–early 20th century this 218-page edition has been carefully formatted for modern screen and print reading.,<p>The Borgias: Celebrated Crimes by Alexandre Dumas is a classic work now available as a free public domain PDF download on Bookshelf. Part of Project Gutenberg's digital library of over 70 000 free ebooks.</p>,https://www.gutenberg.org/ebooks/2741.pdf.images,https://www.gutenberg.org/cache/epub/2741/pg2741.cover.medium.jpg,Free,#0f2a43,#f5f1e8,#f59e0b,p-rings
Babylonian and Assyrian Laws Contracts and Letters,A free public domain law book,C. H. W. (Claude Hermann Walter) Johns,Law,free,0,202,A classic law work by C. H. W. (Claude Hermann Walter) Johns now available as a free public domain PDF. Originally published in the 19th–early 20th century this 202-page edition has been carefully formatted for modern screen and print reading.,<p>Babylonian and Assyrian Laws Contracts and Letters by C. H. W. (Claude Hermann Walter) Johns is a classic work now available as a free public domain PDF download on Bookshelf. Part of Project Gutenberg's digital library of over 70 000 free ebooks.</p>,https://www.gutenberg.org/files/28674/28674-pdf.pdf,https://www.gutenberg.org/cache/epub/28674/pg28674.cover.medium.jpg,Free,#4a3b2b,#f5f1e8,#f59e0b,p-rings
The Turn of the Balance,A free public domain fiction book,Brand Whitlock,Fiction,free,0,156,A classic fiction work by Brand Whitlock now available as a free public domain PDF. Originally published in the 19th–early 20th century this 156-page edition has been carefully formatted for modern screen and print reading.,<p>The Turn of the Balance by Brand Whitlock is a classic work now available as a free public domain PDF download on Bookshelf. Part of Project Gutenberg's digital library of over 70 000 free ebooks.</p>,https://www.gutenberg.org/ebooks/40398.pdf.images,https://www.gutenberg.org/cache/epub/40398/pg40398.cover.medium.jpg,Free,#1a1a2e,#f5f1e8,#f59e0b,p-rings
Relativity: The Special & the General Theory: A Popular Exposition 3rd ed.,A free public domain relativity (physics) book,Albert Einstein,Relativity (physics),free,0,87,A classic relativity (physics) work by Albert Einstein now available as a free public domain PDF. Originally published in the 19th–early 20th century this 87-page edition has been carefully formatted for modern screen and print reading.,<p>Relativity: The Special & the General Theory: A Popular Exposition 3rd ed. by Albert Einstein is a classic work now available as a free public domain PDF download on Bookshelf. Part of Project Gutenberg's digital library of over 70 000 free ebooks.</p>,https://www.gutenberg.org/files/36114/36114-pdf.pdf,https://www.gutenberg.org/cache/epub/36114/pg36114.cover.medium.jpg,Free,#0f2a43,#f5f1e8,#f59e0b,p-rings
The religions of ancient Egypt and Babylonia,A free public domain religion book,A. H. (Archibald Henry) Sayce,Religion,free,0,190,A classic religion work by A. H. (Archibald Henry) Sayce now available as a free public domain PDF. Originally published in the 19th–early 20th century this 190-page edition has been carefully formatted for modern screen and print reading.,<p>The religions of ancient Egypt and Babylonia by A. H. (Archibald Henry) Sayce is a classic work now available as a free public domain PDF download on Bookshelf. Part of Project Gutenberg's digital library of over 70 000 free ebooks.</p>,https://www.gutenberg.org/files/35856/35856-pdf.pdf,https://www.gutenberg.org/cache/epub/35856/pg35856.cover.medium.jpg,Free,#4a4a2b,#f5f1e8,#f59e0b,p-rings
The Revision Revised: Three Articles Reprinted from the Quarterly Review. I. The New Greek Text. II. The New English Ver,A free public domain bible. new testament book,John William Burgon,Bible. new testament,free,0,158,A classic bible. new testament work by John William Burgon now available as a free public domain PDF. Originally published in the 19th–early 20th century this 158-page edition has been carefully formatted for modern screen and print reading.,<p>The Revision Revised: Three Articles Reprinted from the Quarterly Review. I. The New Greek Text. II. The New English Version. III. Westcott and Hort's New Textual Theory. To Which is Added a Reply to Bishop Ellicott's Pamphlet in Defence of the Revisers and Their Greek Text of the New Testament: Including a Vindication of the Traditional Reading of 1 Timothy III. 16. by John William Burgon is a classic work now available as a free public domain PDF download on Bookshelf. Part of Project Gutenberg's digital library of over 70 000 free ebooks.</p>,https://www.gutenberg.org/files/36722/36722-pdf.pdf,https://www.gutenberg.org/cache/epub/36722/pg36722.cover.medium.jpg,Free,#0f2a43,#f5f1e8,#f59e0b,p-rings
The Rosicrucian Mysteries: An Elementary Exposition of Their Secret Teachings,A free public domain rosicrucians book,Max Heindel,Rosicrucians,free,0,187,A classic rosicrucians work by Max Heindel now available as a free public domain PDF. Originally published in the 19th–early 20th century this 187-page edition has been carefully formatted for modern screen and print reading.,<p>The Rosicrucian Mysteries: An Elementary Exposition of Their Secret Teachings by Max Heindel is a classic work now available as a free public domain PDF download on Bookshelf. Part of Project Gutenberg's digital library of over 70 000 free ebooks.</p>,https://www.gutenberg.org/files/29855/29855-pdf.pdf,https://www.gutenberg.org/cache/epub/29855/pg29855.cover.medium.jpg,Free,#0f2a43,#f5f1e8,#f59e0b,p-rings
The Political Doctrines of Sun Yat-sen: An Exposition of the San Min Chu I,A free public domain sun yat-sen 1866-1925. san min zhu yi book,Paul Myron Anthony Linebarger,"Sun, yat-sen, 1866-1925. san min zhu yi",free,0,162,A classic sun yat-sen 1866-1925. san min zhu yi work by Paul Myron Anthony Linebarger now available as a free public domain PDF. Originally published in the 19th–early 20th century this 162-page edition has been carefully formatted for modern screen and print reading.,<p>The Political Doctrines of Sun Yat-sen: An Exposition of the San Min Chu I by Paul Myron Anthony Linebarger is a classic work now available as a free public domain PDF download on Bookshelf. Part of Project Gutenberg's digital library of over 70 000 free ebooks.</p>,https://www.gutenberg.org/files/39356/39356-pdf.pdf,https://www.gutenberg.org/cache/epub/39356/pg39356.cover.medium.jpg,Free,#0f2a43,#f5f1e8,#f59e0b,p-rings
Publications of the Astronomical Society of the Pacific Volume 1,A free public domain astronomical society of the pacific book,Astronomical Society of the Pacific,Astronomical society of the pacific,free,0,304,A classic astronomical society of the pacific work by Astronomical Society of the Pacific now available as a free public domain PDF. Originally published in the 19th–early 20th century this 304-page edition has been carefully formatted for modern screen and print reading.,<p>Publications of the Astronomical Society of the Pacific Volume 1 by Astronomical Society of the Pacific is a classic work now available as a free public domain PDF download on Bookshelf. Part of Project Gutenberg's digital library of over 70 000 free ebooks.</p>,https://www.gutenberg.org/files/26147/26147-pdf.pdf,https://www.gutenberg.org/cache/epub/26147/pg26147.cover.medium.jpg,Free,#0f2a43,#f5f1e8,#f59e0b,p-rings
The Triumph of Death,A free public domain fiction book,Gabriele D'Annunzio,Fiction,free,0,111,A classic fiction work by Gabriele D'Annunzio now available as a free public domain PDF. Originally published in the 19th–early 20th century this 111-page edition has been carefully formatted for modern screen and print reading.,<p>The Triumph of Death by Gabriele D'Annunzio is a classic work now available as a free public domain PDF download on Bookshelf. Part of Project Gutenberg's digital library of over 70 000 free ebooks.</p>,https://www.gutenberg.org/ebooks/54272.pdf.images,https://www.gutenberg.org/cache/epub/54272/pg54272.cover.medium.jpg,Free,#1a1a2e,#f5f1e8,#f59e0b,p-rings
The Life of William Ewart Gladstone Vol. 2 (of 3): 1859-1880,A free public domain biography book,John Morley,Biography,free,0,204,A classic biography work by John Morley now available as a free public domain PDF. Originally published in the 19th–early 20th century this 204-page edition has been carefully formatted for modern screen and print reading.,<p>The Life of William Ewart Gladstone Vol. 2 (of 3): 1859-1880 by John Morley is a classic work now available as a free public domain PDF download on Bookshelf. Part of Project Gutenberg's digital library of over 70 000 free ebooks.</p>,https://www.gutenberg.org/files/32510/32510-pdf.pdf,https://www.gutenberg.org/cache/epub/32510/pg32510.cover.medium.jpg,Free,#2d4a22,#f5f1e8,#f59e0b,p-rings
The Sorceress of Rome,A free public domain fiction book,Nathan Gallizier,Fiction,free,0,183,A classic fiction work by Nathan Gallizier now available as a free public domain PDF. Originally published in the 19th–early 20th century this 183-page edition has been carefully formatted for modern screen and print reading.,<p>The Sorceress of Rome by Nathan Gallizier is a classic work now available as a free public domain PDF download on Bookshelf. Part of Project Gutenberg's digital library of over 70 000 free ebooks.</p>,https://www.gutenberg.org/ebooks/43938.pdf.images,https://www.gutenberg.org/cache/epub/43938/pg43938.cover.medium.jpg,Free,#1a1a2e,#f5f1e8,#f59e0b,p-rings
The Canon of the Bible,A free public domain bible book,Samuel Davidson,Bible,free,0,224,A classic bible work by Samuel Davidson now available as a free public domain PDF. Originally published in the 19th–early 20th century this 224-page edition has been carefully formatted for modern screen and print reading.,<p>The Canon of the Bible by Samuel Davidson is a classic work now available as a free public domain PDF download on Bookshelf. Part of Project Gutenberg's digital library of over 70 000 free ebooks.</p>,https://www.gutenberg.org/files/30132/30132-pdf.pdf,https://www.gutenberg.org/cache/epub/30132/pg30132.cover.medium.jpg,Free,#0f2a43,#f5f1e8,#f59e0b,p-rings
Nursing as Caring: A Model for Transforming Practice,A free public domain philosophy book,Anne Boykin,Philosophy,free,0,238,A classic philosophy work by Anne Boykin now available as a free public domain PDF. Originally published in the 19th–early 20th century this 238-page edition has been carefully formatted for modern screen and print reading.,<p>Nursing as Caring: A Model for Transforming Practice by Anne Boykin is a classic work now available as a free public domain PDF download on Bookshelf. Part of Project Gutenberg's digital library of over 70 000 free ebooks.</p>,https://www.gutenberg.org/files/42988/42988-pdf.pdf,https://www.gutenberg.org/cache/epub/42988/pg42988.cover.medium.jpg,Free,#3d2b4a,#f5f1e8,#f59e0b,p-rings
Eighteenth Century Essays on Shakespeare,A free public domain shakespeare william 1564-1616 book,David Nichol Smith,"Shakespeare, william, 1564-1616",free,0,200,A classic shakespeare william 1564-1616 work by David Nichol Smith now available as a free public domain PDF. Originally published in the 19th–early 20th century this 200-page edition has been carefully formatted for modern screen and print reading.,<p>Eighteenth Century Essays on Shakespeare by David Nichol Smith is a classic work now available as a free public domain PDF download on Bookshelf. Part of Project Gutenberg's digital library of over 70 000 free ebooks.</p>,https://www.gutenberg.org/files/30227/30227-pdf.pdf,https://www.gutenberg.org/cache/epub/30227/pg30227.cover.medium.jpg,Free,#0f2a43,#f5f1e8,#f59e0b,p-rings
The Declaration of Independence of The United States of America,A free public domain history book,Thomas Jefferson,History,free,0,249,A classic history work by Thomas Jefferson now available as a free public domain PDF. Originally published in the 19th–early 20th century this 249-page edition has been carefully formatted for modern screen and print reading.,<p>The Declaration of Independence of The United States of America by Thomas Jefferson is a classic work now available as a free public domain PDF download on Bookshelf. Part of Project Gutenberg's digital library of over 70 000 free ebooks.</p>,https://www.gutenberg.org/files/16780/16780-pdf.pdf,https://www.gutenberg.org/cache/epub/16780/pg16780.cover.medium.jpg,Free,#4a3728,#f5f1e8,#f59e0b,p-rings
Tablets of Bahá'u'lláh Revealed after the Kitab-i-Aqdas,A free public domain bahai faith book,Bahá'u'lláh,Bahai faith,free,0,318,A classic bahai faith work by Bahá'u'lláh now available as a free public domain PDF. Originally published in the 19th–early 20th century this 318-page edition has been carefully formatted for modern screen and print reading.,<p>Tablets of Bahá'u'lláh Revealed after the Kitab-i-Aqdas by Bahá'u'lláh is a classic work now available as a free public domain PDF download on Bookshelf. Part of Project Gutenberg's digital library of over 70 000 free ebooks.</p>,https://www.gutenberg.org/files/17310/17310-pdf.pdf,https://www.gutenberg.org/cache/epub/17310/pg17310.cover.medium.jpg,Free,#0f2a43,#f5f1e8,#f59e0b,p-rings
Days of Heaven Upon Earth,A free public domain calendars book,A. B. (Albert B.) Simpson,Calendars,free,0,173,A classic calendars work by A. B. (Albert B.) Simpson now available as a free public domain PDF. Originally published in the 19th–early 20th century this 173-page edition has been carefully formatted for modern screen and print reading.,<p>Days of Heaven Upon Earth by A. B. (Albert B.) Simpson is a classic work now available as a free public domain PDF download on Bookshelf. Part of Project Gutenberg's digital library of over 70 000 free ebooks.</p>,https://www.gutenberg.org/files/28416/28416-pdf.pdf,https://www.gutenberg.org/cache/epub/28416/pg28416.cover.medium.jpg,Free,#0f2a43,#f5f1e8,#f59e0b,p-rings
The Squatter and the Don: A Novel Descriptive of Contemporary Occurrences in California,A free public domain fiction book,María Amparo Ruiz de Burton,Fiction,free,0,214,A classic fiction work by María Amparo Ruiz de Burton now available as a free public domain PDF. Originally published in the 19th–early 20th century this 214-page edition has been carefully formatted for modern screen and print reading.,<p>The Squatter and the Don: A Novel Descriptive of Contemporary Occurrences in California by María Amparo Ruiz de Burton is a classic work now available as a free public domain PDF download on Bookshelf. Part of Project Gutenberg's digital library of over 70 000 free ebooks.</p>,https://www.gutenberg.org/ebooks/35538.pdf.images,https://www.gutenberg.org/cache/epub/35538/pg35538.cover.medium.jpg,Free,#1a1a2e,#f5f1e8,#f59e0b,p-rings
The Old Testament in the Light of the Historical Records and Legends of Assyria and Babylonia,A free public domain bible. old testament book,Theophilus G. (Theophilus Goldridge) Pinches,Bible. old testament,free,0,134,A classic bible. old testament work by Theophilus G. (Theophilus Goldridge) Pinches now available as a free public domain PDF. Originally published in the 19th–early 20th century this 134-page edition has been carefully formatted for modern screen and print reading.,<p>The Old Testament in the Light of the Historical Records and Legends of Assyria and Babylonia by Theophilus G. (Theophilus Goldridge) Pinches is a classic work now available as a free public domain PDF download on Bookshelf. Part of Project Gutenberg's digital library of over 70 000 free ebooks.</p>,https://www.gutenberg.org/files/38732/38732-pdf.pdf,https://www.gutenberg.org/cache/epub/38732/pg38732.cover.medium.jpg,Free,#0f2a43,#f5f1e8,#f59e0b,p-rings
An Examination of the Testimony of the Four Evangelists by the Rules of Evidence Administered in Courts of Justice: With,A free public domain apologetics book,Simon Greenleaf,Apologetics,free,0,293,A classic apologetics work by Simon Greenleaf now available as a free public domain PDF. Originally published in the 19th–early 20th century this 293-page edition has been carefully formatted for modern screen and print reading.,<p>An Examination of the Testimony of the Four Evangelists by the Rules of Evidence Administered in Courts of Justice: With an Account of the Trial of Jesus by Simon Greenleaf is a classic work now available as a free public domain PDF download on Bookshelf. Part of Project Gutenberg's digital library of over 70 000 free ebooks.</p>,https://www.gutenberg.org/files/34989/34989-pdf.pdf,https://www.gutenberg.org/cache/epub/34989/pg34989.cover.medium.jpg,Free,#0f2a43,#f5f1e8,#f59e0b,p-rings
Grettir the Outlaw: A Story of Iceland,A free public domain fiction book,S. (Sabine) Baring-Gould,Fiction,free,0,306,A classic fiction work by S. (Sabine) Baring-Gould now available as a free public domain PDF. Originally published in the 19th–early 20th century this 306-page edition has been carefully formatted for modern screen and print reading.,<p>Grettir the Outlaw: A Story of Iceland by S. (Sabine) Baring-Gould is a classic work now available as a free public domain PDF download on Bookshelf. Part of Project Gutenberg's digital library of over 70 000 free ebooks.</p>,https://www.gutenberg.org/ebooks/48622.pdf.images,https://www.gutenberg.org/cache/epub/48622/pg48622.cover.medium.jpg,Free,#1a1a2e,#f5f1e8,#f59e0b,p-rings
Pals: Young Australians in Sport and Adventure,A free public domain fiction book,Joseph Bowes,Fiction,free,0,268,A classic fiction work by Joseph Bowes now available as a free public domain PDF. Originally published in the 19th–early 20th century this 268-page edition has been carefully formatted for modern screen and print reading.,<p>Pals: Young Australians in Sport and Adventure by Joseph Bowes is a classic work now available as a free public domain PDF download on Bookshelf. Part of Project Gutenberg's digital library of over 70 000 free ebooks.</p>,https://www.gutenberg.org/ebooks/44369.pdf.images,https://www.gutenberg.org/cache/epub/44369/pg44369.cover.medium.jpg,Free,#1a1a2e,#f5f1e8,#f59e0b,p-rings
A Maid at King Alfred's Court: A Story for Girls,A free public domain fiction book,Lucy Foster Madison,Fiction,free,0,288,A classic fiction work by Lucy Foster Madison now available as a free public domain PDF. Originally published in the 19th–early 20th century this 288-page edition has been carefully formatted for modern screen and print reading.,<p>A Maid at King Alfred's Court: A Story for Girls by Lucy Foster Madison is a classic work now available as a free public domain PDF download on Bookshelf. Part of Project Gutenberg's digital library of over 70 000 free ebooks.</p>,https://www.gutenberg.org/ebooks/37405.pdf.images,https://www.gutenberg.org/cache/epub/37405/pg37405.cover.medium.jpg,Free,#1a1a2e,#f5f1e8,#f59e0b,p-rings
Edinburgh Under Sir Walter Scott,A free public domain history book,W. T. Fyfe,History,free,0,245,A classic history work by W. T. Fyfe now available as a free public domain PDF. Originally published in the 19th–early 20th century this 245-page edition has been carefully formatted for modern screen and print reading.,<p>Edinburgh Under Sir Walter Scott by W. T. Fyfe is a classic work now available as a free public domain PDF download on Bookshelf. Part of Project Gutenberg's digital library of over 70 000 free ebooks.</p>,https://www.gutenberg.org/ebooks/47617.pdf.images,https://www.gutenberg.org/cache/epub/47617/pg47617.cover.medium.jpg,Free,#4a3728,#f5f1e8,#f59e0b,p-rings
For the White Christ: A Story of the Days of Charlemagne,A free public domain fiction book,Robert Ames Bennet,Fiction,free,0,133,A classic fiction work by Robert Ames Bennet now available as a free public domain PDF. Originally published in the 19th–early 20th century this 133-page edition has been carefully formatted for modern screen and print reading.,<p>For the White Christ: A Story of the Days of Charlemagne by Robert Ames Bennet is a classic work now available as a free public domain PDF download on Bookshelf. Part of Project Gutenberg's digital library of over 70 000 free ebooks.</p>,https://www.gutenberg.org/ebooks/42050.pdf.images,https://www.gutenberg.org/cache/epub/42050/pg42050.cover.medium.jpg,Free,#1a1a2e,#f5f1e8,#f59e0b,p-rings
Kobo: A Story of the Russo-Japanese War,A free public domain fiction book,Herbert Strang,Fiction,free,0,279,A classic fiction work by Herbert Strang now available as a free public domain PDF. Originally published in the 19th–early 20th century this 279-page edition has been carefully formatted for modern screen and print reading.,<p>Kobo: A Story of the Russo-Japanese War by Herbert Strang is a classic work now available as a free public domain PDF download on Bookshelf. Part of Project Gutenberg's digital library of over 70 000 free ebooks.</p>,https://www.gutenberg.org/ebooks/44316.pdf.images,https://www.gutenberg.org/cache/epub/44316/pg44316.cover.medium.jpg,Free,#1a1a2e,#f5f1e8,#f59e0b,p-rings
Bacon and Shakspere,A free public domain shakespeare william 1564-1616 book,William Henry Burr,"Shakespeare, william, 1564-1616",free,0,93,A classic shakespeare william 1564-1616 work by William Henry Burr now available as a free public domain PDF. Originally published in the 19th–early 20th century this 93-page edition has been carefully formatted for modern screen and print reading.,<p>Bacon and Shakspere by William Henry Burr is a classic work now available as a free public domain PDF download on Bookshelf. Part of Project Gutenberg's digital library of over 70 000 free ebooks.</p>,https://www.gutenberg.org/ebooks/39121.pdf.images,https://www.gutenberg.org/cache/epub/39121/pg39121.cover.medium.jpg,Free,#0f2a43,#f5f1e8,#f59e0b,p-rings
The Kitáb-i-Aqdas,A free public domain bahai faith book,Bahá'u'lláh,Bahai faith,free,0,253,A classic bahai faith work by Bahá'u'lláh now available as a free public domain PDF. Originally published in the 19th–early 20th century this 253-page edition has been carefully formatted for modern screen and print reading.,<p>The Kitáb-i-Aqdas by Bahá'u'lláh is a classic work now available as a free public domain PDF download on Bookshelf. Part of Project Gutenberg's digital library of over 70 000 free ebooks.</p>,https://www.gutenberg.org/files/16523/16523-pdf.pdf,https://www.gutenberg.org/cache/epub/16523/pg16523.cover.medium.jpg,Free,#0f2a43,#f5f1e8,#f59e0b,p-rings
Held to Answer: A Novel,A free public domain fiction book,Peter Clark MacFarlane,Fiction,free,0,244,A classic fiction work by Peter Clark MacFarlane now available as a free public domain PDF. Originally published in the 19th–early 20th century this 244-page edition has been carefully formatted for modern screen and print reading.,<p>Held to Answer: A Novel by Peter Clark MacFarlane is a classic work now available as a free public domain PDF download on Bookshelf. Part of Project Gutenberg's digital library of over 70 000 free ebooks.</p>,https://www.gutenberg.org/ebooks/44633.pdf.images,https://www.gutenberg.org/cache/epub/44633/pg44633.cover.medium.jpg,Free,#1a1a2e,#f5f1e8,#f59e0b,p-rings
The Call of the South,A free public domain fiction book,Robert Lee Durham,Fiction,free,0,182,A classic fiction work by Robert Lee Durham now available as a free public domain PDF. Originally published in the 19th–early 20th century this 182-page edition has been carefully formatted for modern screen and print reading.,<p>The Call of the South by Robert Lee Durham is a classic work now available as a free public domain PDF download on Bookshelf. Part of Project Gutenberg's digital library of over 70 000 free ebooks.</p>,https://www.gutenberg.org/ebooks/45206.pdf.images,https://www.gutenberg.org/cache/epub/45206/pg45206.cover.medium.jpg,Free,#1a1a2e,#f5f1e8,#f59e0b,p-rings
Caribbee,A free public domain fiction book,Thomas Hoover,Fiction,free,0,139,A classic fiction work by Thomas Hoover now available as a free public domain PDF. Originally published in the 19th–early 20th century this 139-page edition has been carefully formatted for modern screen and print reading.,<p>Caribbee by Thomas Hoover is a classic work now available as a free public domain PDF download on Bookshelf. Part of Project Gutenberg's digital library of over 70 000 free ebooks.</p>,https://www.gutenberg.org/files/34317/34317-pdf.pdf,https://www.gutenberg.org/cache/epub/34317/pg34317.cover.medium.jpg,Free,#1a1a2e,#f5f1e8,#f59e0b,p-rings
Physiology and Hygiene for Secondary Schools,A free public domain physiology book,Francis M. (Francis Marion) Walters,Physiology,free,0,188,A classic physiology work by Francis M. (Francis Marion) Walters now available as a free public domain PDF. Originally published in the 19th–early 20th century this 188-page edition has been carefully formatted for modern screen and print reading.,<p>Physiology and Hygiene for Secondary Schools by Francis M. (Francis Marion) Walters is a classic work now available as a free public domain PDF download on Bookshelf. Part of Project Gutenberg's digital library of over 70 000 free ebooks.</p>,https://www.gutenberg.org/files/18779/18779-pdf.pdf,https://www.gutenberg.org/cache/epub/18779/pg18779.cover.medium.jpg,Free,#0f2a43,#f5f1e8,#f59e0b,p-rings
The Crimson Conquest: A Romance of Pizarro and Peru,A free public domain fiction book,Charles B. (Charles Bradford) Hudson,Fiction,free,0,218,A classic fiction work by Charles B. (Charles Bradford) Hudson now available as a free public domain PDF. Originally published in the 19th–early 20th century this 218-page edition has been carefully formatted for modern screen and print reading.,<p>The Crimson Conquest: A Romance of Pizarro and Peru by Charles B. (Charles Bradford) Hudson is a classic work now available as a free public domain PDF download on Bookshelf. Part of Project Gutenberg's digital library of over 70 000 free ebooks.</p>,https://www.gutenberg.org/ebooks/52920.pdf.images,https://www.gutenberg.org/cache/epub/52920/pg52920.cover.medium.jpg,Free,#1a1a2e,#f5f1e8,#f59e0b,p-rings
The Poetical Works of Edward Young Volume 2,A free public domain poetry book,Edward Young,Poetry,free,0,195,A classic poetry work by Edward Young now available as a free public domain PDF. Originally published in the 19th–early 20th century this 195-page edition has been carefully formatted for modern screen and print reading.,<p>The Poetical Works of Edward Young Volume 2 by Edward Young is a classic work now available as a free public domain PDF download on Bookshelf. Part of Project Gutenberg's digital library of over 70 000 free ebooks.</p>,https://www.gutenberg.org/files/18827/18827-pdf.pdf,https://www.gutenberg.org/cache/epub/18827/pg18827.cover.medium.jpg,Free,#4a2b3d,#f5f1e8,#f59e0b,p-rings
The Assault: Germany Before the Outbreak and England in War-Time,A free public domain world war 1914-1918 book,Frederic William Wile,"World war, 1914-1918",free,0,185,A classic world war 1914-1918 work by Frederic William Wile now available as a free public domain PDF. Originally published in the 19th–early 20th century this 185-page edition has been carefully formatted for modern screen and print reading.,<p>The Assault: Germany Before the Outbreak and England in War-Time by Frederic William Wile is a classic work now available as a free public domain PDF download on Bookshelf. Part of Project Gutenberg's digital library of over 70 000 free ebooks.</p>,https://www.gutenberg.org/ebooks/41252.pdf.images,https://www.gutenberg.org/cache/epub/41252/pg41252.cover.medium.jpg,Free,#0f2a43,#f5f1e8,#f59e0b,p-rings
Stories from Wagner,A free public domain children's books book,J. Walker (Joseph Walker) McSpadden,Children's Books,free,0,121,A classic children's books work by J. Walker (Joseph Walker) McSpadden now available as a free public domain PDF. Originally published in the 19th–early 20th century this 121-page edition has been carefully formatted for modern screen and print reading.,<p>Stories from Wagner by J. Walker (Joseph Walker) McSpadden is a classic work now available as a free public domain PDF download on Bookshelf. Part of Project Gutenberg's digital library of over 70 000 free ebooks.</p>,https://www.gutenberg.org/ebooks/47139.pdf.images,https://www.gutenberg.org/cache/epub/47139/pg47139.cover.medium.jpg,Free,#0f2a43,#f5f1e8,#f59e0b,p-rings
A Prairie-Schooner Princess,A free public domain fiction book,Mary K. (Mary Katherine) Maule,Fiction,free,0,129,A classic fiction work by Mary K. (Mary Katherine) Maule now available as a free public domain PDF. Originally published in the 19th–early 20th century this 129-page edition has been carefully formatted for modern screen and print reading.,<p>A Prairie-Schooner Princess by Mary K. (Mary Katherine) Maule is a classic work now available as a free public domain PDF download on Bookshelf. Part of Project Gutenberg's digital library of over 70 000 free ebooks.</p>,https://www.gutenberg.org/ebooks/43463.pdf.images,https://www.gutenberg.org/cache/epub/43463/pg43463.cover.medium.jpg,Free,#1a1a2e,#f5f1e8,#f59e0b,p-rings
Irish Wonders: The Ghosts Giants Pooka Demons Leprechawns Banshees Fairies Witches Widows Old Maids and other Marvels of,A free public domain folk literature irish book,D. R. (David Russell) McAnally,"Folk literature, irish",free,0,218,A classic folk literature irish work by D. R. (David Russell) McAnally now available as a free public domain PDF. Originally published in the 19th–early 20th century this 218-page edition has been carefully formatted for modern screen and print reading.,<p>Irish Wonders: The Ghosts Giants Pooka Demons Leprechawns Banshees Fairies Witches Widows Old Maids and other Marvels of the Emerald Isle by D. R. (David Russell) McAnally is a classic work now available as a free public domain PDF download on Bookshelf. Part of Project Gutenberg's digital library of over 70 000 free ebooks.</p>,https://www.gutenberg.org/files/19486/19486-pdf.pdf,https://www.gutenberg.org/cache/epub/19486/pg19486.cover.medium.jpg,Free,#0f2a43,#f5f1e8,#f59e0b,p-rings
Expositions of Holy Scripture: Romans Corinthians (To II Corinthians Chap. V),A free public domain bible. corinthians book,Alexander Maclaren,Bible. corinthians,free,0,316,A classic bible. corinthians work by Alexander Maclaren now available as a free public domain PDF. Originally published in the 19th–early 20th century this 316-page edition has been carefully formatted for modern screen and print reading.,<p>Expositions of Holy Scripture: Romans Corinthians (To II Corinthians Chap. V) by Alexander Maclaren is a classic work now available as a free public domain PDF download on Bookshelf. Part of Project Gutenberg's digital library of over 70 000 free ebooks.</p>,https://www.gutenberg.org/files/13601/13601-pdf.pdf,https://www.gutenberg.org/cache/epub/13601/pg13601.cover.medium.jpg,Free,#0f2a43,#f5f1e8,#f59e0b,p-rings
Gleanings from the Writings of Bahá'u'lláh,A free public domain bahai faith book,Bahá'u'lláh,Bahai faith,free,0,240,A classic bahai faith work by Bahá'u'lláh now available as a free public domain PDF. Originally published in the 19th–early 20th century this 240-page edition has been carefully formatted for modern screen and print reading.,<p>Gleanings from the Writings of Bahá'u'lláh by Bahá'u'lláh is a classic work now available as a free public domain PDF download on Bookshelf. Part of Project Gutenberg's digital library of over 70 000 free ebooks.</p>,https://www.gutenberg.org/files/16940/16940-pdf.pdf,https://www.gutenberg.org/cache/epub/16940/pg16940.cover.medium.jpg,Free,#0f2a43,#f5f1e8,#f59e0b,p-rings
The eBook is 40 (1971-2011),A free public domain electronic books book,Marie Lebert,Electronic books,free,0,282,A classic electronic books work by Marie Lebert now available as a free public domain PDF. Originally published in the 19th–early 20th century this 282-page edition has been carefully formatted for modern screen and print reading.,<p>The eBook is 40 (1971-2011) by Marie Lebert is a classic work now available as a free public domain PDF download on Bookshelf. Part of Project Gutenberg's digital library of over 70 000 free ebooks.</p>,https://www.gutenberg.org/files/36985/36985-pdf.pdf,https://www.gutenberg.org/cache/epub/36985/pg36985.cover.medium.jpg,Free,#0f2a43,#f5f1e8,#f59e0b,p-rings
The Adventures of François: Foundling Thief Juggler and Fencing-Master during the French Revolution,A free public domain fiction book,S. Weir (Silas Weir) Mitchell,Fiction,free,0,307,A classic fiction work by S. Weir (Silas Weir) Mitchell now available as a free public domain PDF. Originally published in the 19th–early 20th century this 307-page edition has been carefully formatted for modern screen and print reading.,<p>The Adventures of François: Foundling Thief Juggler and Fencing-Master during the French Revolution by S. Weir (Silas Weir) Mitchell is a classic work now available as a free public domain PDF download on Bookshelf. Part of Project Gutenberg's digital library of over 70 000 free ebooks.</p>,https://www.gutenberg.org/ebooks/43241.pdf.images,https://www.gutenberg.org/cache/epub/43241/pg43241.cover.medium.jpg,Free,#1a1a2e,#f5f1e8,#f59e0b,p-rings
Lulu's Library Volume 1 (of 3),A free public domain children's books book,Louisa May Alcott,Children's Books,free,0,84,A classic children's books work by Louisa May Alcott now available as a free public domain PDF. Originally published in the 19th–early 20th century this 84-page edition has been carefully formatted for modern screen and print reading.,<p>Lulu's Library Volume 1 (of 3) by Louisa May Alcott is a classic work now available as a free public domain PDF download on Bookshelf. Part of Project Gutenberg's digital library of over 70 000 free ebooks.</p>,https://www.gutenberg.org/ebooks/40682.pdf.images,https://www.gutenberg.org/cache/epub/40682/pg40682.cover.medium.jpg,Free,#0f2a43,#f5f1e8,#f59e0b,p-rings
Maori Religion and Mythology: Illustrated by Translations of Traditions Karakia &c. to Which Are Added Notes on Maori Te,A free public domain law book,Edward Shortland,Law,free,0,202,A classic law work by Edward Shortland now available as a free public domain PDF. Originally published in the 19th–early 20th century this 202-page edition has been carefully formatted for modern screen and print reading.,<p>Maori Religion and Mythology: Illustrated by Translations of Traditions Karakia &c. to Which Are Added Notes on Maori Tenure of Land by Edward Shortland is a classic work now available as a free public domain PDF download on Bookshelf. Part of Project Gutenberg's digital library of over 70 000 free ebooks.</p>,https://www.gutenberg.org/ebooks/42218.pdf.images,https://www.gutenberg.org/cache/epub/42218/pg42218.cover.medium.jpg,Free,#4a3b2b,#f5f1e8,#f59e0b,p-rings
Through the Sikh War: A Tale of the Conquest of the Punjaub,A free public domain fiction book,G. A. (George Alfred) Henty,Fiction,free,0,124,A classic fiction work by G. A. (George Alfred) Henty now available as a free public domain PDF. Originally published in the 19th–early 20th century this 124-page edition has been carefully formatted for modern screen and print reading.,<p>Through the Sikh War: A Tale of the Conquest of the Punjaub by G. A. (George Alfred) Henty is a classic work now available as a free public domain PDF download on Bookshelf. Part of Project Gutenberg's digital library of over 70 000 free ebooks.</p>,https://www.gutenberg.org/ebooks/53717.pdf.images,https://www.gutenberg.org/cache/epub/53717/pg53717.cover.medium.jpg,Free,#1a1a2e,#f5f1e8,#f59e0b,p-rings
Murat: Celebrated Crimes,A free public domain crime book,Alexandre Dumas,Crime,free,0,110,A classic crime work by Alexandre Dumas now available as a free public domain PDF. Originally published in the 19th–early 20th century this 110-page edition has been carefully formatted for modern screen and print reading.,<p>Murat: Celebrated Crimes by Alexandre Dumas is a classic work now available as a free public domain PDF download on Bookshelf. Part of Project Gutenberg's digital library of over 70 000 free ebooks.</p>,https://www.gutenberg.org/ebooks/2755.pdf.images,https://www.gutenberg.org/cache/epub/2755/pg2755.cover.medium.jpg,Free,#0f2a43,#f5f1e8,#f59e0b,p-rings
Selections from the writings of ‘Abdu'l-Bahá,A free public domain bahai faith book,ʻAbdu'l-Bahá,Bahai faith,free,0,136,A classic bahai faith work by ʻAbdu'l-Bahá now available as a free public domain PDF. Originally published in the 19th–early 20th century this 136-page edition has been carefully formatted for modern screen and print reading.,<p>Selections from the writings of ‘Abdu'l-Bahá by ʻAbdu'l-Bahá is a classic work now available as a free public domain PDF download on Bookshelf. Part of Project Gutenberg's digital library of over 70 000 free ebooks.</p>,https://www.gutenberg.org/files/19287/19287-pdf.pdf,https://www.gutenberg.org/cache/epub/19287/pg19287.cover.medium.jpg,Free,#0f2a43,#f5f1e8,#f59e0b,p-rings
Clutterbuck's Treasure,A free public domain fiction book,Frederick Whishaw,Fiction,free,0,120,A classic fiction work by Frederick Whishaw now available as a free public domain PDF. Originally published in the 19th–early 20th century this 120-page edition has been carefully formatted for modern screen and print reading.,<p>Clutterbuck's Treasure by Frederick Whishaw is a classic work now available as a free public domain PDF download on Bookshelf. Part of Project Gutenberg's digital library of over 70 000 free ebooks.</p>,https://www.gutenberg.org/ebooks/46582.pdf.images,https://www.gutenberg.org/cache/epub/46582/pg46582.cover.medium.jpg,Free,#1a1a2e,#f5f1e8,#f59e0b,p-rings
God Passes By,A free public domain history book,Effendi Shoghi,History,free,0,249,A classic history work by Effendi Shoghi now available as a free public domain PDF. Originally published in the 19th–early 20th century this 249-page edition has been carefully formatted for modern screen and print reading.,<p>God Passes By by Effendi Shoghi is a classic work now available as a free public domain PDF download on Bookshelf. Part of Project Gutenberg's digital library of over 70 000 free ebooks.</p>,https://www.gutenberg.org/files/19275/19275-pdf.pdf,https://www.gutenberg.org/cache/epub/19275/pg19275.cover.medium.jpg,Free,#4a3728,#f5f1e8,#f59e0b,p-rings
One of Clive's Heroes: A Story of the Fight for India,A free public domain fiction book,Herbert Strang,Fiction,free,0,170,A classic fiction work by Herbert Strang now available as a free public domain PDF. Originally published in the 19th–early 20th century this 170-page edition has been carefully formatted for modern screen and print reading.,<p>One of Clive's Heroes: A Story of the Fight for India by Herbert Strang is a classic work now available as a free public domain PDF download on Bookshelf. Part of Project Gutenberg's digital library of over 70 000 free ebooks.</p>,https://www.gutenberg.org/ebooks/41489.pdf.images,https://www.gutenberg.org/cache/epub/41489/pg41489.cover.medium.jpg,Free,#1a1a2e,#f5f1e8,#f59e0b,p-rings
Four Months Afoot in Spain,A free public domain travel book,Harry Alverson Franck,Travel,free,0,324,A classic travel work by Harry Alverson Franck now available as a free public domain PDF. Originally published in the 19th–early 20th century this 324-page edition has been carefully formatted for modern screen and print reading.,<p>Four Months Afoot in Spain by Harry Alverson Franck is a classic work now available as a free public domain PDF download on Bookshelf. Part of Project Gutenberg's digital library of over 70 000 free ebooks.</p>,https://www.gutenberg.org/ebooks/40357.pdf.images,https://www.gutenberg.org/cache/epub/40357/pg40357.cover.medium.jpg,Free,#2b4a4a,#f5f1e8,#f59e0b,p-rings
Peter's Rock in Mohammed's Flood from St. Gregory the Great to St. Leo III,A free public domain history book,T. W. (Thomas William) Allies,History,free,0,180,A classic history work by T. W. (Thomas William) Allies now available as a free public domain PDF. Originally published in the 19th–early 20th century this 180-page edition has been carefully formatted for modern screen and print reading.,<p>Peter's Rock in Mohammed's Flood from St. Gregory the Great to St. Leo III by T. W. (Thomas William) Allies is a classic work now available as a free public domain PDF download on Bookshelf. Part of Project Gutenberg's digital library of over 70 000 free ebooks.</p>,https://www.gutenberg.org/files/34172/34172-pdf.pdf,https://www.gutenberg.org/cache/epub/34172/pg34172.cover.medium.jpg,Free,#4a3728,#f5f1e8,#f59e0b,p-rings
Representative Plays by American Dramatists: 1856-1911: Rip van: Winkle,A free public domain drama book,Charles Burke,Drama,free,0,106,A classic drama work by Charles Burke now available as a free public domain PDF. Originally published in the 19th–early 20th century this 106-page edition has been carefully formatted for modern screen and print reading.,<p>Representative Plays by American Dramatists: 1856-1911: Rip van: Winkle by Charles Burke is a classic work now available as a free public domain PDF download on Bookshelf. Part of Project Gutenberg's digital library of over 70 000 free ebooks.</p>,https://www.gutenberg.org/files/27552/27552-pdf.pdf,https://www.gutenberg.org/cache/epub/27552/pg27552.cover.medium.jpg,Free,#0f2a43,#f5f1e8,#f59e0b,p-rings
Beau Brocade: A Romance,A free public domain fiction book,Baroness Emmuska Orczy Orczy,Fiction,free,0,299,A classic fiction work by Baroness Emmuska Orczy Orczy now available as a free public domain PDF. Originally published in the 19th–early 20th century this 299-page edition has been carefully formatted for modern screen and print reading.,<p>Beau Brocade: A Romance by Baroness Emmuska Orczy Orczy is a classic work now available as a free public domain PDF download on Bookshelf. Part of Project Gutenberg's digital library of over 70 000 free ebooks.</p>,https://www.gutenberg.org/ebooks/39786.pdf.images,https://www.gutenberg.org/cache/epub/39786/pg39786.cover.medium.jpg,Free,#1a1a2e,#f5f1e8,#f59e0b,p-rings
Tablets of Abdul-Baha Abbas,A free public domain bahai faith book,ʻAbdu'l-Bahá,Bahai faith,free,0,227,A classic bahai faith work by ʻAbdu'l-Bahá now available as a free public domain PDF. Originally published in the 19th–early 20th century this 227-page edition has been carefully formatted for modern screen and print reading.,<p>Tablets of Abdul-Baha Abbas by ʻAbdu'l-Bahá is a classic work now available as a free public domain PDF download on Bookshelf. Part of Project Gutenberg's digital library of over 70 000 free ebooks.</p>,https://www.gutenberg.org/files/19312/19312-pdf.pdf,https://www.gutenberg.org/cache/epub/19312/pg19312.cover.medium.jpg,Free,#0f2a43,#f5f1e8,#f59e0b,p-rings
Rembrandt With a Complete List of His Etchings,A free public domain rembrandt harmenszoon van rijn 1606-1669 book,Arthur Mayger Hind,"Rembrandt harmenszoon van rijn, 1606-1669",free,0,82,A classic rembrandt harmenszoon van rijn 1606-1669 work by Arthur Mayger Hind now available as a free public domain PDF. Originally published in the 19th–early 20th century this 82-page edition has been carefully formatted for modern screen and print reading.,<p>Rembrandt With a Complete List of His Etchings by Arthur Mayger Hind is a classic work now available as a free public domain PDF download on Bookshelf. Part of Project Gutenberg's digital library of over 70 000 free ebooks.</p>,https://www.gutenberg.org/files/31183/31183-pdf.pdf,https://www.gutenberg.org/cache/epub/31183/pg31183.cover.medium.jpg,Free,#0f2a43,#f5f1e8,#f59e0b,p-rings
Taking Chances,A free public domain fiction book,Clarence Louis Cullen,Fiction,free,0,151,A classic fiction work by Clarence Louis Cullen now available as a free public domain PDF. Originally published in the 19th–early 20th century this 151-page edition has been carefully formatted for modern screen and print reading.,<p>Taking Chances by Clarence Louis Cullen is a classic work now available as a free public domain PDF download on Bookshelf. Part of Project Gutenberg's digital library of over 70 000 free ebooks.</p>,https://www.gutenberg.org/ebooks/37477.pdf.images,https://www.gutenberg.org/cache/epub/37477/pg37477.cover.medium.jpg,Free,#1a1a2e,#f5f1e8,#f59e0b,p-rings
The Interpreter: A Tale of the War,A free public domain fiction book,G. J. (George John) Whyte-Melville,Fiction,free,0,246,A classic fiction work by G. J. (George John) Whyte-Melville now available as a free public domain PDF. Originally published in the 19th–early 20th century this 246-page edition has been carefully formatted for modern screen and print reading.,<p>The Interpreter: A Tale of the War by G. J. (George John) Whyte-Melville is a classic work now available as a free public domain PDF download on Bookshelf. Part of Project Gutenberg's digital library of over 70 000 free ebooks.</p>,https://www.gutenberg.org/ebooks/40660.pdf.images,https://www.gutenberg.org/cache/epub/40660/pg40660.cover.medium.jpg,Free,#1a1a2e,#f5f1e8,#f59e0b,p-rings
Sylvia Arden Decides,A free public domain fiction book,Margaret Piper Chalmers,Fiction,free,0,188,A classic fiction work by Margaret Piper Chalmers now available as a free public domain PDF. Originally published in the 19th–early 20th century this 188-page edition has been carefully formatted for modern screen and print reading.,<p>Sylvia Arden Decides by Margaret Piper Chalmers is a classic work now available as a free public domain PDF download on Bookshelf. Part of Project Gutenberg's digital library of over 70 000 free ebooks.</p>,https://www.gutenberg.org/ebooks/48385.pdf.images,https://www.gutenberg.org/cache/epub/48385/pg48385.cover.medium.jpg,Free,#1a1a2e,#f5f1e8,#f59e0b,p-rings
A Bible School Manual: Studies in the Book of Revelation: An introduction analysis and notes containing a concise interp,A free public domain bible. revelation book,Stephen Alexander Hunter,Bible. revelation,free,0,96,A classic bible. revelation work by Stephen Alexander Hunter now available as a free public domain PDF. Originally published in the 19th–early 20th century this 96-page edition has been carefully formatted for modern screen and print reading.,<p>A Bible School Manual: Studies in the Book of Revelation: An introduction analysis and notes containing a concise interpretation according to the symbolic view numerous references to authorities and general mention of other interpretations with the text of the American revised version edited in paragraphs for the use of Bible students by Stephen Alexander Hunter is a classic work now available as a free public domain PDF download on Bookshelf. Part of Project Gutenberg's digital library of over 70 000 free ebooks.</p>,https://www.gutenberg.org/files/53775/53775-pdf.pdf,https://www.gutenberg.org/cache/epub/53775/pg53775.cover.medium.jpg,Free,#0f2a43,#f5f1e8,#f59e0b,p-rings
Boys of the Light Brigade: A Story of Spain and the Peninsular War,A free public domain fiction book,Herbert Strang,Fiction,free,0,303,A classic fiction work by Herbert Strang now available as a free public domain PDF. Originally published in the 19th–early 20th century this 303-page edition has been carefully formatted for modern screen and print reading.,<p>Boys of the Light Brigade: A Story of Spain and the Peninsular War by Herbert Strang is a classic work now available as a free public domain PDF download on Bookshelf. Part of Project Gutenberg's digital library of over 70 000 free ebooks.</p>,https://www.gutenberg.org/ebooks/44190.pdf.images,https://www.gutenberg.org/cache/epub/44190/pg44190.cover.medium.jpg,Free,#1a1a2e,#f5f1e8,#f59e0b,p-rings
Rural Wealth and Welfare: Economic Principles Illustrated and Applied in Farm Life,A free public domain economics book,Geo. T. (George Thompson) Fairchild,Economics,free,0,128,A classic economics work by Geo. T. (George Thompson) Fairchild now available as a free public domain PDF. Originally published in the 19th–early 20th century this 128-page edition has been carefully formatted for modern screen and print reading.,<p>Rural Wealth and Welfare: Economic Principles Illustrated and Applied in Farm Life by Geo. T. (George Thompson) Fairchild is a classic work now available as a free public domain PDF download on Bookshelf. Part of Project Gutenberg's digital library of over 70 000 free ebooks.</p>,https://www.gutenberg.org/files/32158/32158-pdf.pdf,https://www.gutenberg.org/cache/epub/32158/pg32158.cover.medium.jpg,Free,#2d4a3b,#f5f1e8,#f59e0b,p-rings
The Lion's Whelp: A Story of Cromwell's Time,A free public domain fiction book,Amelia E. Barr,Fiction,free,0,172,A classic fiction work by Amelia E. Barr now available as a free public domain PDF. Originally published in the 19th–early 20th century this 172-page edition has been carefully formatted for modern screen and print reading.,<p>The Lion's Whelp: A Story of Cromwell's Time by Amelia E. Barr is a classic work now available as a free public domain PDF download on Bookshelf. Part of Project Gutenberg's digital library of over 70 000 free ebooks.</p>,https://www.gutenberg.org/ebooks/50978.pdf.images,https://www.gutenberg.org/cache/epub/50978/pg50978.cover.medium.jpg,Free,#1a1a2e,#f5f1e8,#f59e0b,p-rings
Theological Essays,A free public domain free thought book,Charles Bradlaugh,Free thought,free,0,149,A classic free thought work by Charles Bradlaugh now available as a free public domain PDF. Originally published in the 19th–early 20th century this 149-page edition has been carefully formatted for modern screen and print reading.,<p>Theological Essays by Charles Bradlaugh is a classic work now available as a free public domain PDF download on Bookshelf. Part of Project Gutenberg's digital library of over 70 000 free ebooks.</p>,https://www.gutenberg.org/ebooks/39266.pdf.images,https://www.gutenberg.org/cache/epub/39266/pg39266.cover.medium.jpg,Free,#0f2a43,#f5f1e8,#f59e0b,p-rings
How to Become a Successful Singer,A free public domain singing book,Enrico Caruso,Singing,free,0,188,A classic singing work by Enrico Caruso now available as a free public domain PDF. Originally published in the 19th–early 20th century this 188-page edition has been carefully formatted for modern screen and print reading.,<p>How to Become a Successful Singer by Enrico Caruso is a classic work now available as a free public domain PDF download on Bookshelf. Part of Project Gutenberg's digital library of over 70 000 free ebooks.</p>,https://www.gutenberg.org/ebooks/52674.pdf.images,https://www.gutenberg.org/cache/epub/52674/pg52674.cover.medium.jpg,Free,#0f2a43,#f5f1e8,#f59e0b,p-rings
Bahá'í World Faith,A free public domain bahai faith book,ʻAbdu'l-Bahá,Bahai faith,free,0,162,A classic bahai faith work by ʻAbdu'l-Bahá now available as a free public domain PDF. Originally published in the 19th–early 20th century this 162-page edition has been carefully formatted for modern screen and print reading.,<p>Bahá'í World Faith by ʻAbdu'l-Bahá is a classic work now available as a free public domain PDF download on Bookshelf. Part of Project Gutenberg's digital library of over 70 000 free ebooks.</p>,https://www.gutenberg.org/files/19239/19239-pdf.pdf,https://www.gutenberg.org/cache/epub/19239/pg19239.cover.medium.jpg,Free,#0f2a43,#f5f1e8,#f59e0b,p-rings
Thomas Jefferson,A free public domain biography book,Henry Childs Merwin,Biography,free,0,304,A classic biography work by Henry Childs Merwin now available as a free public domain PDF. Originally published in the 19th–early 20th century this 304-page edition has been carefully formatted for modern screen and print reading.,<p>Thomas Jefferson by Henry Childs Merwin is a classic work now available as a free public domain PDF download on Bookshelf. Part of Project Gutenberg's digital library of over 70 000 free ebooks.</p>,https://www.gutenberg.org/files/33011/33011-pdf.pdf,https://www.gutenberg.org/cache/epub/33011/pg33011.cover.medium.jpg,Free,#2d4a22,#f5f1e8,#f59e0b,p-rings
My Unknown Chum: Aguecheek,A free public domain travel book,Charles Bullard Fairbanks,Travel,free,0,244,A classic travel work by Charles Bullard Fairbanks now available as a free public domain PDF. Originally published in the 19th–early 20th century this 244-page edition has been carefully formatted for modern screen and print reading.,<p>My Unknown Chum: Aguecheek by Charles Bullard Fairbanks is a classic work now available as a free public domain PDF download on Bookshelf. Part of Project Gutenberg's digital library of over 70 000 free ebooks.</p>,https://www.gutenberg.org/ebooks/35412.pdf.images,https://www.gutenberg.org/cache/epub/35412/pg35412.cover.medium.jpg,Free,#2b4a4a,#f5f1e8,#f59e0b,p-rings
Ceremonial of Hasjelti Dailjis and Mythical Sand Painting of the Navajo Indians,A free public domain navajo indians book,James Stevenson,Navajo indians,free,0,214,A classic navajo indians work by James Stevenson now available as a free public domain PDF. Originally published in the 19th–early 20th century this 214-page edition has been carefully formatted for modern screen and print reading.,<p>Ceremonial of Hasjelti Dailjis and Mythical Sand Painting of the Navajo Indians by James Stevenson is a classic work now available as a free public domain PDF download on Bookshelf. Part of Project Gutenberg's digital library of over 70 000 free ebooks.</p>,https://www.gutenberg.org/files/19331/19331-pdf.pdf,https://www.gutenberg.org/cache/epub/19331/pg19331.cover.medium.jpg,Free,#0f2a43,#f5f1e8,#f59e0b,p-rings
Philological Proofs of the Original Unity and Recent Origin of the Human Race,A free public domain ethnology book,Arthur James Johnes,Ethnology,free,0,161,A classic ethnology work by Arthur James Johnes now available as a free public domain PDF. Originally published in the 19th–early 20th century this 161-page edition has been carefully formatted for modern screen and print reading.,<p>Philological Proofs of the Original Unity and Recent Origin of the Human Race by Arthur James Johnes is a classic work now available as a free public domain PDF download on Bookshelf. Part of Project Gutenberg's digital library of over 70 000 free ebooks.</p>,https://www.gutenberg.org/files/35167/35167-pdf.pdf,https://www.gutenberg.org/cache/epub/35167/pg35167.cover.medium.jpg,Free,#0f2a43,#f5f1e8,#f59e0b,p-rings
Treasure of Kings: Being the Story of the Discovery of the Big Fish or the Quest of the Greater Treasure of the Incas of,A free public domain fiction book,Charles Gilson,Fiction,free,0,276,A classic fiction work by Charles Gilson now available as a free public domain PDF. Originally published in the 19th–early 20th century this 276-page edition has been carefully formatted for modern screen and print reading.,<p>Treasure of Kings: Being the Story of the Discovery of the Big Fish or the Quest of the Greater Treasure of the Incas of Peru. by Charles Gilson is a classic work now available as a free public domain PDF download on Bookshelf. Part of Project Gutenberg's digital library of over 70 000 free ebooks.</p>,https://www.gutenberg.org/ebooks/39399.pdf.images,https://www.gutenberg.org/cache/epub/39399/pg39399.cover.medium.jpg,Free,#1a1a2e,#f5f1e8,#f59e0b,p-rings
The Young Lovell: A Romance,A free public domain fiction book,Ford Madox Ford,Fiction,free,0,129,A classic fiction work by Ford Madox Ford now available as a free public domain PDF. Originally published in the 19th–early 20th century this 129-page edition has been carefully formatted for modern screen and print reading.,<p>The Young Lovell: A Romance by Ford Madox Ford is a classic work now available as a free public domain PDF download on Bookshelf. Part of Project Gutenberg's digital library of over 70 000 free ebooks.</p>,https://www.gutenberg.org/ebooks/42801.pdf.images,https://www.gutenberg.org/cache/epub/42801/pg42801.cover.medium.jpg,Free,#1a1a2e,#f5f1e8,#f59e0b,p-rings
London Souvenirs,A free public domain history book,Charles William Heckethorn,History,free,0,266,A classic history work by Charles William Heckethorn now available as a free public domain PDF. Originally published in the 19th–early 20th century this 266-page edition has been carefully formatted for modern screen and print reading.,<p>London Souvenirs by Charles William Heckethorn is a classic work now available as a free public domain PDF download on Bookshelf. Part of Project Gutenberg's digital library of over 70 000 free ebooks.</p>,https://www.gutenberg.org/ebooks/44044.pdf.images,https://www.gutenberg.org/cache/epub/44044/pg44044.cover.medium.jpg,Free,#4a3728,#f5f1e8,#f59e0b,p-rings
Victor Serenus: A Story of the Pauline Era,A free public domain fiction book,Henry Wood,Fiction,free,0,190,A classic fiction work by Henry Wood now available as a free public domain PDF. Originally published in the 19th–early 20th century this 190-page edition has been carefully formatted for modern screen and print reading.,<p>Victor Serenus: A Story of the Pauline Era by Henry Wood is a classic work now available as a free public domain PDF download on Bookshelf. Part of Project Gutenberg's digital library of over 70 000 free ebooks.</p>,https://www.gutenberg.org/files/55225/55225-pdf.pdf,https://www.gutenberg.org/cache/epub/55225/pg55225.cover.medium.jpg,Free,#1a1a2e,#f5f1e8,#f59e0b,p-rings
The Copy/South Dossier: Issues in the economics politics and ideology of copyright in the global South,A free public domain copyright book,Unknown Author,Copyright,free,0,150,A classic copyright work by Unknown Author now available as a free public domain PDF. Originally published in the 19th–early 20th century this 150-page edition has been carefully formatted for modern screen and print reading.,<p>The Copy/South Dossier: Issues in the economics politics and ideology of copyright in the global South by Unknown Author is a classic work now available as a free public domain PDF download on Bookshelf. Part of Project Gutenberg's digital library of over 70 000 free ebooks.</p>,https://www.gutenberg.org/files/22746/22746-p/22746-p.pdf,https://www.gutenberg.org/cache/epub/22746/pg22746.cover.medium.jpg,Free,#0f2a43,#f5f1e8,#f59e0b,p-rings
Cedric the Forester,A free public domain fiction book,Bernard Gay Marshall,Fiction,free,0,220,A classic fiction work by Bernard Gay Marshall now available as a free public domain PDF. Originally published in the 19th–early 20th century this 220-page edition has been carefully formatted for modern screen and print reading.,<p>Cedric the Forester by Bernard Gay Marshall is a classic work now available as a free public domain PDF download on Bookshelf. Part of Project Gutenberg's digital library of over 70 000 free ebooks.</p>,https://www.gutenberg.org/ebooks/37102.pdf.images,https://www.gutenberg.org/cache/epub/37102/pg37102.cover.medium.jpg,Free,#1a1a2e,#f5f1e8,#f59e0b,p-rings
Pictorial Photography in America 1922,A free public domain art book,Pictorial Photographers of America,Art,free,0,177,A classic art work by Pictorial Photographers of America now available as a free public domain PDF. Originally published in the 19th–early 20th century this 177-page edition has been carefully formatted for modern screen and print reading.,<p>Pictorial Photography in America 1922 by Pictorial Photographers of America is a classic work now available as a free public domain PDF download on Bookshelf. Part of Project Gutenberg's digital library of over 70 000 free ebooks.</p>,https://www.gutenberg.org/files/28024/28024-pdf.pdf,https://www.gutenberg.org/cache/epub/28024/pg28024.cover.medium.jpg,Free,#4a2b2b,#f5f1e8,#f59e0b,p-rings
The Adventures of Harry Rochester: A Tale of the Days of Marlborough and Eugene,A free public domain fiction book,Herbert Strang,Fiction,free,0,89,A classic fiction work by Herbert Strang now available as a free public domain PDF. Originally published in the 19th–early 20th century this 89-page edition has been carefully formatted for modern screen and print reading.,<p>The Adventures of Harry Rochester: A Tale of the Days of Marlborough and Eugene by Herbert Strang is a classic work now available as a free public domain PDF download on Bookshelf. Part of Project Gutenberg's digital library of over 70 000 free ebooks.</p>,https://www.gutenberg.org/ebooks/44362.pdf.images,https://www.gutenberg.org/cache/epub/44362/pg44362.cover.medium.jpg,Free,#1a1a2e,#f5f1e8,#f59e0b,p-rings
Life and public services of John Quincy Adams sixth President of the United States with the eulogy delivered before the ,A free public domain biography book,William H. (William Henry) Seward,Biography,free,0,191,A classic biography work by William H. (William Henry) Seward now available as a free public domain PDF. Originally published in the 19th–early 20th century this 191-page edition has been carefully formatted for modern screen and print reading.,<p>Life and public services of John Quincy Adams sixth President of the United States with the eulogy delivered before the Legislature of New York by William H. (William Henry) Seward is a classic work now available as a free public domain PDF download on Bookshelf. Part of Project Gutenberg's digital library of over 70 000 free ebooks.</p>,https://www.gutenberg.org/files/18196/18196-pdf.pdf,https://www.gutenberg.org/cache/epub/18196/pg18196.cover.medium.jpg,Free,#2d4a22,#f5f1e8,#f59e0b,p-rings
Lost Farm Camp,A free public domain fiction book,Henry Herbert Knibbs,Fiction,free,0,174,A classic fiction work by Henry Herbert Knibbs now available as a free public domain PDF. Originally published in the 19th–early 20th century this 174-page edition has been carefully formatted for modern screen and print reading.,<p>Lost Farm Camp by Henry Herbert Knibbs is a classic work now available as a free public domain PDF download on Bookshelf. Part of Project Gutenberg's digital library of over 70 000 free ebooks.</p>,https://www.gutenberg.org/ebooks/35034.pdf.images,https://www.gutenberg.org/cache/epub/35034/pg35034.cover.medium.jpg,Free,#1a1a2e,#f5f1e8,#f59e0b,p-rings
A Spring Harvest,A free public domain poetry book,Geoffrey Bache Smith,Poetry,free,0,136,A classic poetry work by Geoffrey Bache Smith now available as a free public domain PDF. Originally published in the 19th–early 20th century this 136-page edition has been carefully formatted for modern screen and print reading.,<p>A Spring Harvest by Geoffrey Bache Smith is a classic work now available as a free public domain PDF download on Bookshelf. Part of Project Gutenberg's digital library of over 70 000 free ebooks.</p>,https://www.gutenberg.org/ebooks/48371.pdf.images,https://www.gutenberg.org/cache/epub/48371/pg48371.cover.medium.jpg,Free,#4a2b3d,#f5f1e8,#f59e0b,p-rings
Mr. Midshipman Glover R.N.: A Tale of the Royal Navy of To-day,A free public domain fiction book,T. T. (Thomas Tendron) Jeans,Fiction,free,0,143,A classic fiction work by T. T. (Thomas Tendron) Jeans now available as a free public domain PDF. Originally published in the 19th–early 20th century this 143-page edition has been carefully formatted for modern screen and print reading.,<p>Mr. Midshipman Glover R.N.: A Tale of the Royal Navy of To-day by T. T. (Thomas Tendron) Jeans is a classic work now available as a free public domain PDF download on Bookshelf. Part of Project Gutenberg's digital library of over 70 000 free ebooks.</p>,https://www.gutenberg.org/ebooks/46441.pdf.images,https://www.gutenberg.org/cache/epub/46441/pg46441.cover.medium.jpg,Free,#1a1a2e,#f5f1e8,#f59e0b,p-rings
The Garden of Memories,A free public domain fiction book,Henry St. John Cooper,Fiction,free,0,250,A classic fiction work by Henry St. John Cooper now available as a free public domain PDF. Originally published in the 19th–early 20th century this 250-page edition has been carefully formatted for modern screen and print reading.,<p>The Garden of Memories by Henry St. John Cooper is a classic work now available as a free public domain PDF download on Bookshelf. Part of Project Gutenberg's digital library of over 70 000 free ebooks.</p>,https://www.gutenberg.org/ebooks/49074.pdf.images,https://www.gutenberg.org/cache/epub/49074/pg49074.cover.medium.jpg,Free,#1a1a2e,#f5f1e8,#f59e0b,p-rings
A Commentary on Herodotus,A free public domain history book,J. (Joseph) Wells,History,free,0,169,A classic history work by J. (Joseph) Wells now available as a free public domain PDF. Originally published in the 19th–early 20th century this 169-page edition has been carefully formatted for modern screen and print reading.,<p>A Commentary on Herodotus by J. (Joseph) Wells is a classic work now available as a free public domain PDF download on Bookshelf. Part of Project Gutenberg's digital library of over 70 000 free ebooks.</p>,https://www.gutenberg.org/files/24146/24146-pdf.pdf,https://www.gutenberg.org/cache/epub/24146/pg24146.cover.medium.jpg,Free,#4a3728,#f5f1e8,#f59e0b,p-rings
In Both Worlds,A free public domain fiction book,William H. (William Henry) Holcombe,Fiction,free,0,252,A classic fiction work by William H. (William Henry) Holcombe now available as a free public domain PDF. Originally published in the 19th–early 20th century this 252-page edition has been carefully formatted for modern screen and print reading.,<p>In Both Worlds by William H. (William Henry) Holcombe is a classic work now available as a free public domain PDF download on Bookshelf. Part of Project Gutenberg's digital library of over 70 000 free ebooks.</p>,https://www.gutenberg.org/files/36342/36342-pdf.pdf,https://www.gutenberg.org/cache/epub/36342/pg36342.cover.medium.jpg,Free,#1a1a2e,#f5f1e8,#f59e0b,p-rings
The Romance of Book-Collecting,A free public domain bibliomania book,J. Herbert (John Herbert) Slater,Bibliomania,free,0,325,A classic bibliomania work by J. Herbert (John Herbert) Slater now available as a free public domain PDF. Originally published in the 19th–early 20th century this 325-page edition has been carefully formatted for modern screen and print reading.,<p>The Romance of Book-Collecting by J. Herbert (John Herbert) Slater is a classic work now available as a free public domain PDF download on Bookshelf. Part of Project Gutenberg's digital library of over 70 000 free ebooks.</p>,https://www.gutenberg.org/ebooks/46237.pdf.images,https://www.gutenberg.org/cache/epub/46237/pg46237.cover.medium.jpg,Free,#0f2a43,#f5f1e8,#f59e0b,p-rings
The Magic Ring and Other Stories: From the Yellow and Crimson Fairy Books,A free public domain fairy tales book,Unknown Author,Fairy tales,free,0,200,A classic fairy tales work by Unknown Author now available as a free public domain PDF. Originally published in the 19th–early 20th century this 200-page edition has been carefully formatted for modern screen and print reading.,<p>The Magic Ring and Other Stories: From the Yellow and Crimson Fairy Books by Unknown Author is a classic work now available as a free public domain PDF download on Bookshelf. Part of Project Gutenberg's digital library of over 70 000 free ebooks.</p>,https://www.gutenberg.org/ebooks/48032.pdf.images,https://www.gutenberg.org/cache/epub/48032/pg48032.cover.medium.jpg,Free,#0f2a43,#f5f1e8,#f59e0b,p-rings
Bell's Cathedrals: The Cathedral Church of Hereford: A Description of Its Fabric and a Brief History of the Episcopal Se,A free public domain hereford cathedral book,A. Hugh (Alfred Hugh) Fisher,Hereford cathedral,free,0,207,A classic hereford cathedral work by A. Hugh (Alfred Hugh) Fisher now available as a free public domain PDF. Originally published in the 19th–early 20th century this 207-page edition has been carefully formatted for modern screen and print reading.,<p>Bell's Cathedrals: The Cathedral Church of Hereford: A Description of Its Fabric and a Brief History of the Episcopal See by A. Hugh (Alfred Hugh) Fisher is a classic work now available as a free public domain PDF download on Bookshelf. Part of Project Gutenberg's digital library of over 70 000 free ebooks.</p>,https://www.gutenberg.org/files/19487/19487-pdf.pdf,https://www.gutenberg.org/cache/epub/19487/pg19487.cover.medium.jpg,Free,#0f2a43,#f5f1e8,#f59e0b,p-rings
Courage True Hearts: Sailing in Search of Fortune,A free public domain fiction book,Gordon Stables,Fiction,free,0,138,A classic fiction work by Gordon Stables now available as a free public domain PDF. Originally published in the 19th–early 20th century this 138-page edition has been carefully formatted for modern screen and print reading.,<p>Courage True Hearts: Sailing in Search of Fortune by Gordon Stables is a classic work now available as a free public domain PDF download on Bookshelf. Part of Project Gutenberg's digital library of over 70 000 free ebooks.</p>,https://www.gutenberg.org/ebooks/39729.pdf.images,https://www.gutenberg.org/cache/epub/39729/pg39729.cover.medium.jpg,Free,#1a1a2e,#f5f1e8,#f59e0b,p-rings
Atheism in Pagan Antiquity,A free public domain history book,A. B. (Anders Björn) Drachmann,History,free,0,89,A classic history work by A. B. (Anders Björn) Drachmann now available as a free public domain PDF. Originally published in the 19th–early 20th century this 89-page edition has been carefully formatted for modern screen and print reading.,<p>Atheism in Pagan Antiquity by A. B. (Anders Björn) Drachmann is a classic work now available as a free public domain PDF download on Bookshelf. Part of Project Gutenberg's digital library of over 70 000 free ebooks.</p>,https://www.gutenberg.org/files/28312/28312-pdf.pdf,https://www.gutenberg.org/cache/epub/28312/pg28312.cover.medium.jpg,Free,#4a3728,#f5f1e8,#f59e0b,p-rings
Flora,A free public domain fiction book,A. L. O. E.,Fiction,free,0,145,A classic fiction work by A. L. O. E. now available as a free public domain PDF. Originally published in the 19th–early 20th century this 145-page edition has been carefully formatted for modern screen and print reading.,<p>Flora by A. L. O. E. is a classic work now available as a free public domain PDF download on Bookshelf. Part of Project Gutenberg's digital library of over 70 000 free ebooks.</p>,https://www.gutenberg.org/ebooks/53581.pdf.images,https://www.gutenberg.org/cache/epub/53581/pg53581.cover.medium.jpg,Free,#1a1a2e,#f5f1e8,#f59e0b,p-rings
From the Cape to Cairo: The First Traverse of Africa from South to North,A free public domain travel book,Ewart Scott Grogan,Travel,free,0,182,A classic travel work by Ewart Scott Grogan now available as a free public domain PDF. Originally published in the 19th–early 20th century this 182-page edition has been carefully formatted for modern screen and print reading.,<p>From the Cape to Cairo: The First Traverse of Africa from South to North by Ewart Scott Grogan is a classic work now available as a free public domain PDF download on Bookshelf. Part of Project Gutenberg's digital library of over 70 000 free ebooks.</p>,https://www.gutenberg.org/ebooks/45396.pdf.images,https://www.gutenberg.org/cache/epub/45396/pg45396.cover.medium.jpg,Free,#2b4a4a,#f5f1e8,#f59e0b,p-rings
A Naval Venture: The War Story of an Armoured Cruiser,A free public domain fiction book,T. T. (Thomas Tendron) Jeans,Fiction,free,0,126,A classic fiction work by T. T. (Thomas Tendron) Jeans now available as a free public domain PDF. Originally published in the 19th–early 20th century this 126-page edition has been carefully formatted for modern screen and print reading.,<p>A Naval Venture: The War Story of an Armoured Cruiser by T. T. (Thomas Tendron) Jeans is a classic work now available as a free public domain PDF download on Bookshelf. Part of Project Gutenberg's digital library of over 70 000 free ebooks.</p>,https://www.gutenberg.org/ebooks/45960.pdf.images,https://www.gutenberg.org/cache/epub/45960/pg45960.cover.medium.jpg,Free,#1a1a2e,#f5f1e8,#f59e0b,p-rings
The Silesian Horseherd - Questions of the Hour,A free public domain history book,F. Max (Friedrich Max) Müller,History,free,0,207,A classic history work by F. Max (Friedrich Max) Müller now available as a free public domain PDF. Originally published in the 19th–early 20th century this 207-page edition has been carefully formatted for modern screen and print reading.,<p>The Silesian Horseherd - Questions of the Hour by F. Max (Friedrich Max) Müller is a classic work now available as a free public domain PDF download on Bookshelf. Part of Project Gutenberg's digital library of over 70 000 free ebooks.</p>,https://www.gutenberg.org/files/24315/24315-pdf.pdf,https://www.gutenberg.org/cache/epub/24315/pg24315.cover.medium.jpg,Free,#4a3728,#f5f1e8,#f59e0b,p-rings
Stromboli and the Guns,A free public domain fiction book,Francis Henry Gribble,Fiction,free,0,251,A classic fiction work by Francis Henry Gribble now available as a free public domain PDF. Originally published in the 19th–early 20th century this 251-page edition has been carefully formatted for modern screen and print reading.,<p>Stromboli and the Guns by Francis Henry Gribble is a classic work now available as a free public domain PDF download on Bookshelf. Part of Project Gutenberg's digital library of over 70 000 free ebooks.</p>,https://www.gutenberg.org/ebooks/43082.pdf.images,https://www.gutenberg.org/cache/epub/43082/pg43082.cover.medium.jpg,Free,#1a1a2e,#f5f1e8,#f59e0b,p-rings
Marquise De Ganges: Celebrated Crimes,A free public domain crime book,Alexandre Dumas,Crime,free,0,245,A classic crime work by Alexandre Dumas now available as a free public domain PDF. Originally published in the 19th–early 20th century this 245-page edition has been carefully formatted for modern screen and print reading.,<p>Marquise De Ganges: Celebrated Crimes by Alexandre Dumas is a classic work now available as a free public domain PDF download on Bookshelf. Part of Project Gutenberg's digital library of over 70 000 free ebooks.</p>,https://www.gutenberg.org/ebooks/2758.pdf.images,https://www.gutenberg.org/cache/epub/2758/pg2758.cover.medium.jpg,Free,#0f2a43,#f5f1e8,#f59e0b,p-rings
Red and White: A Tale of the Wars of the Roses,A free public domain fiction book,Emily Sarah Holt,Fiction,free,0,247,A classic fiction work by Emily Sarah Holt now available as a free public domain PDF. Originally published in the 19th–early 20th century this 247-page edition has been carefully formatted for modern screen and print reading.,<p>Red and White: A Tale of the Wars of the Roses by Emily Sarah Holt is a classic work now available as a free public domain PDF download on Bookshelf. Part of Project Gutenberg's digital library of over 70 000 free ebooks.</p>,https://www.gutenberg.org/ebooks/44463.pdf.images,https://www.gutenberg.org/cache/epub/44463/pg44463.cover.medium.jpg,Free,#1a1a2e,#f5f1e8,#f59e0b,p-rings
Robber and hero: the story of the raid on the First National Bank of Northfield Minnesota by the James-Younger band of r,A free public domain bank robberies book,George Huntington,Bank robberies,free,0,250,A classic bank robberies work by George Huntington now available as a free public domain PDF. Originally published in the 19th–early 20th century this 250-page edition has been carefully formatted for modern screen and print reading.,<p>Robber and hero: the story of the raid on the First National Bank of Northfield Minnesota by the James-Younger band of robbers in 1876. by George Huntington is a classic work now available as a free public domain PDF download on Bookshelf. Part of Project Gutenberg's digital library of over 70 000 free ebooks.</p>,https://www.gutenberg.org/files/44415/44415-pdf.pdf,https://www.gutenberg.org/cache/epub/44415/pg44415.cover.medium.jpg,Free,#0f2a43,#f5f1e8,#f59e0b,p-rings
Pictorial Photography in America 1920,A free public domain art book,Pictorial Photographers of America,Art,free,0,189,A classic art work by Pictorial Photographers of America now available as a free public domain PDF. Originally published in the 19th–early 20th century this 189-page edition has been carefully formatted for modern screen and print reading.,<p>Pictorial Photography in America 1920 by Pictorial Photographers of America is a classic work now available as a free public domain PDF download on Bookshelf. Part of Project Gutenberg's digital library of over 70 000 free ebooks.</p>,https://www.gutenberg.org/files/28015/28015-pdf.pdf,https://www.gutenberg.org/cache/epub/28015/pg28015.cover.medium.jpg,Free,#4a2b2b,#f5f1e8,#f59e0b,p-rings
Mooswa & Others of the Boundaries,A free public domain fiction book,William Alexander Fraser,Fiction,free,0,132,A classic fiction work by William Alexander Fraser now available as a free public domain PDF. Originally published in the 19th–early 20th century this 132-page edition has been carefully formatted for modern screen and print reading.,<p>Mooswa & Others of the Boundaries by William Alexander Fraser is a classic work now available as a free public domain PDF download on Bookshelf. Part of Project Gutenberg's digital library of over 70 000 free ebooks.</p>,https://www.gutenberg.org/ebooks/42226.pdf.images,https://www.gutenberg.org/cache/epub/42226/pg42226.cover.medium.jpg,Free,#1a1a2e,#f5f1e8,#f59e0b,p-rings
The Vanishing Race: The Last Great Indian Council,A free public domain biography book,Joseph K. (Joseph Kossuth) Dixon,Biography,free,0,184,A classic biography work by Joseph K. (Joseph Kossuth) Dixon now available as a free public domain PDF. Originally published in the 19th–early 20th century this 184-page edition has been carefully formatted for modern screen and print reading.,<p>The Vanishing Race: The Last Great Indian Council by Joseph K. (Joseph Kossuth) Dixon is a classic work now available as a free public domain PDF download on Bookshelf. Part of Project Gutenberg's digital library of over 70 000 free ebooks.</p>,https://www.gutenberg.org/files/27616/27616-pdf.pdf,https://www.gutenberg.org/cache/epub/27616/pg27616.cover.medium.jpg,Free,#2d4a22,#f5f1e8,#f59e0b,p-rings
Ken Ward in the Jungle,A free public domain fiction book,Zane Grey,Fiction,free,0,199,A classic fiction work by Zane Grey now available as a free public domain PDF. Originally published in the 19th–early 20th century this 199-page edition has been carefully formatted for modern screen and print reading.,<p>Ken Ward in the Jungle by Zane Grey is a classic work now available as a free public domain PDF download on Bookshelf. Part of Project Gutenberg's digital library of over 70 000 free ebooks.</p>,https://www.gutenberg.org/ebooks/45974.pdf.images,https://www.gutenberg.org/cache/epub/45974/pg45974.cover.medium.jpg,Free,#1a1a2e,#f5f1e8,#f59e0b,p-rings
The Social Principles of Jesus,A free public domain christian ethics book,Walter Rauschenbusch,Christian ethics,free,0,308,A classic christian ethics work by Walter Rauschenbusch now available as a free public domain PDF. Originally published in the 19th–early 20th century this 308-page edition has been carefully formatted for modern screen and print reading.,<p>The Social Principles of Jesus by Walter Rauschenbusch is a classic work now available as a free public domain PDF download on Bookshelf. Part of Project Gutenberg's digital library of over 70 000 free ebooks.</p>,https://www.gutenberg.org/files/29912/29912-pdf.pdf,https://www.gutenberg.org/cache/epub/29912/pg29912.cover.medium.jpg,Free,#0f2a43,#f5f1e8,#f59e0b,p-rings
Fallen Fortunes,A free public domain fiction book,Evelyn Everett-Green,Fiction,free,0,123,A classic fiction work by Evelyn Everett-Green now available as a free public domain PDF. Originally published in the 19th–early 20th century this 123-page edition has been carefully formatted for modern screen and print reading.,<p>Fallen Fortunes by Evelyn Everett-Green is a classic work now available as a free public domain PDF download on Bookshelf. Part of Project Gutenberg's digital library of over 70 000 free ebooks.</p>,https://www.gutenberg.org/ebooks/45201.pdf.images,https://www.gutenberg.org/cache/epub/45201/pg45201.cover.medium.jpg,Free,#1a1a2e,#f5f1e8,#f59e0b,p-rings
Naturalism and Religion,A free public domain science book,Rudolf Otto,Science,free,0,100,A classic science work by Rudolf Otto now available as a free public domain PDF. Originally published in the 19th–early 20th century this 100-page edition has been carefully formatted for modern screen and print reading.,<p>Naturalism and Religion by Rudolf Otto is a classic work now available as a free public domain PDF download on Bookshelf. Part of Project Gutenberg's digital library of over 70 000 free ebooks.</p>,https://www.gutenberg.org/files/31794/31794-pdf.pdf,https://www.gutenberg.org/cache/epub/31794/pg31794.cover.medium.jpg,Free,#1e3a5f,#f5f1e8,#f59e0b,p-rings
Orthodoxy: Its Truths And Errors,A free public domain unitarianism book,James Freeman Clarke,Unitarianism,free,0,124,A classic unitarianism work by James Freeman Clarke now available as a free public domain PDF. Originally published in the 19th–early 20th century this 124-page edition has been carefully formatted for modern screen and print reading.,<p>Orthodoxy: Its Truths And Errors by James Freeman Clarke is a classic work now available as a free public domain PDF download on Bookshelf. Part of Project Gutenberg's digital library of over 70 000 free ebooks.</p>,https://www.gutenberg.org/files/29054/29054-pdf.pdf,https://www.gutenberg.org/cache/epub/29054/pg29054.cover.medium.jpg,Free,#0f2a43,#f5f1e8,#f59e0b,p-rings
With the British Legion: A Story of the Carlist Wars,A free public domain fiction book,G. A. (George Alfred) Henty,Fiction,free,0,279,A classic fiction work by G. A. (George Alfred) Henty now available as a free public domain PDF. Originally published in the 19th–early 20th century this 279-page edition has been carefully formatted for modern screen and print reading.,<p>With the British Legion: A Story of the Carlist Wars by G. A. (George Alfred) Henty is a classic work now available as a free public domain PDF download on Bookshelf. Part of Project Gutenberg's digital library of over 70 000 free ebooks.</p>,https://www.gutenberg.org/ebooks/53859.pdf.images,https://www.gutenberg.org/cache/epub/53859/pg53859.cover.medium.jpg,Free,#1a1a2e,#f5f1e8,#f59e0b,p-rings
The Woodcraft Girls in the City,A free public domain fiction book,Lillian Elizabeth Roy,Fiction,free,0,221,A classic fiction work by Lillian Elizabeth Roy now available as a free public domain PDF. Originally published in the 19th–early 20th century this 221-page edition has been carefully formatted for modern screen and print reading.,<p>The Woodcraft Girls in the City by Lillian Elizabeth Roy is a classic work now available as a free public domain PDF download on Bookshelf. Part of Project Gutenberg's digital library of over 70 000 free ebooks.</p>,https://www.gutenberg.org/ebooks/35600.pdf.images,https://www.gutenberg.org/cache/epub/35600/pg35600.cover.medium.jpg,Free,#1a1a2e,#f5f1e8,#f59e0b,p-rings
Thomas Chalmers,A free public domain chalmers thomas 1780-1847 book,William Garden Blaikie,"Chalmers, thomas, 1780-1847",free,0,304,A classic chalmers thomas 1780-1847 work by William Garden Blaikie now available as a free public domain PDF. Originally published in the 19th–early 20th century this 304-page edition has been carefully formatted for modern screen and print reading.,<p>Thomas Chalmers by William Garden Blaikie is a classic work now available as a free public domain PDF download on Bookshelf. Part of Project Gutenberg's digital library of over 70 000 free ebooks.</p>,https://www.gutenberg.org/ebooks/40081.pdf.images,https://www.gutenberg.org/cache/epub/40081/pg40081.cover.medium.jpg,Free,#0f2a43,#f5f1e8,#f59e0b,p-rings
The White Prophet Volume 1 (of 2),A free public domain fiction book,Sir Hall Caine,Fiction,free,0,140,A classic fiction work by Sir Hall Caine now available as a free public domain PDF. Originally published in the 19th–early 20th century this 140-page edition has been carefully formatted for modern screen and print reading.,<p>The White Prophet Volume 1 (of 2) by Sir Hall Caine is a classic work now available as a free public domain PDF download on Bookshelf. Part of Project Gutenberg's digital library of over 70 000 free ebooks.</p>,https://www.gutenberg.org/ebooks/52342.pdf.images,https://www.gutenberg.org/cache/epub/52342/pg52342.cover.medium.jpg,Free,#1a1a2e,#f5f1e8,#f59e0b,p-rings
Some Answered Questions,A free public domain bahai faith book,ʻAbdu'l-Bahá,Bahai faith,free,0,291,A classic bahai faith work by ʻAbdu'l-Bahá now available as a free public domain PDF. Originally published in the 19th–early 20th century this 291-page edition has been carefully formatted for modern screen and print reading.,<p>Some Answered Questions by ʻAbdu'l-Bahá is a classic work now available as a free public domain PDF download on Bookshelf. Part of Project Gutenberg's digital library of over 70 000 free ebooks.</p>,https://www.gutenberg.org/files/19289/19289-pdf.pdf,https://www.gutenberg.org/cache/epub/19289/pg19289.cover.medium.jpg,Free,#0f2a43,#f5f1e8,#f59e0b,p-rings
Life and Character of Richard Carlile,A free public domain carlile richard 1790-1843 book,George Jacob Holyoake,"Carlile, richard, 1790-1843",free,0,209,A classic carlile richard 1790-1843 work by George Jacob Holyoake now available as a free public domain PDF. Originally published in the 19th–early 20th century this 209-page edition has been carefully formatted for modern screen and print reading.,<p>Life and Character of Richard Carlile by George Jacob Holyoake is a classic work now available as a free public domain PDF download on Bookshelf. Part of Project Gutenberg's digital library of over 70 000 free ebooks.</p>,https://www.gutenberg.org/ebooks/39123.pdf.images,https://www.gutenberg.org/cache/epub/39123/pg39123.cover.medium.jpg,Free,#0f2a43,#f5f1e8,#f59e0b,p-rings
The Gospel Day; Or the Light of Christianity,A free public domain christianity book,Charles Ebert Orr,Christianity,free,0,290,A classic christianity work by Charles Ebert Orr now available as a free public domain PDF. Originally published in the 19th–early 20th century this 290-page edition has been carefully formatted for modern screen and print reading.,<p>The Gospel Day; Or the Light of Christianity by Charles Ebert Orr is a classic work now available as a free public domain PDF download on Bookshelf. Part of Project Gutenberg's digital library of over 70 000 free ebooks.</p>,https://www.gutenberg.org/files/28208/28208-pdf.pdf,https://www.gutenberg.org/cache/epub/28208/pg28208.cover.medium.jpg,Free,#0f2a43,#f5f1e8,#f59e0b,p-rings
Clara Vaughan Volume 1 (of 3),A free public domain fiction book,R. D. (Richard Doddridge) Blackmore,Fiction,free,0,326,A classic fiction work by R. D. (Richard Doddridge) Blackmore now available as a free public domain PDF. Originally published in the 19th–early 20th century this 326-page edition has been carefully formatted for modern screen and print reading.,<p>Clara Vaughan Volume 1 (of 3) by R. D. (Richard Doddridge) Blackmore is a classic work now available as a free public domain PDF download on Bookshelf. Part of Project Gutenberg's digital library of over 70 000 free ebooks.</p>,https://www.gutenberg.org/ebooks/41020.pdf.images,https://www.gutenberg.org/cache/epub/41020/pg41020.cover.medium.jpg,Free,#1a1a2e,#f5f1e8,#f59e0b,p-rings
The Hundredth Chance,A free public domain fiction book,Ethel M. (Ethel May) Dell,Fiction,free,0,220,A classic fiction work by Ethel M. (Ethel May) Dell now available as a free public domain PDF. Originally published in the 19th–early 20th century this 220-page edition has been carefully formatted for modern screen and print reading.,<p>The Hundredth Chance by Ethel M. (Ethel May) Dell is a classic work now available as a free public domain PDF download on Bookshelf. Part of Project Gutenberg's digital library of over 70 000 free ebooks.</p>,https://www.gutenberg.org/ebooks/43069.pdf.images,https://www.gutenberg.org/cache/epub/43069/pg43069.cover.medium.jpg,Free,#1a1a2e,#f5f1e8,#f59e0b,p-rings
Martin Guerre: Celebrated Crimes,A free public domain crime book,Alexandre Dumas,Crime,free,0,291,A classic crime work by Alexandre Dumas now available as a free public domain PDF. Originally published in the 19th–early 20th century this 291-page edition has been carefully formatted for modern screen and print reading.,<p>Martin Guerre: Celebrated Crimes by Alexandre Dumas is a classic work now available as a free public domain PDF download on Bookshelf. Part of Project Gutenberg's digital library of over 70 000 free ebooks.</p>,https://www.gutenberg.org/ebooks/2752.pdf.images,https://www.gutenberg.org/cache/epub/2752/pg2752.cover.medium.jpg,Free,#0f2a43,#f5f1e8,#f59e0b,p-rings
The Lost and Hostile Gospels: An Essay on the Toledoth Jeschu and the Petrine and Pauline Gospels of the First Three Cen,A free public domain apocryphal gospels book,S. (Sabine) Baring-Gould,Apocryphal gospels,free,0,272,A classic apocryphal gospels work by S. (Sabine) Baring-Gould now available as a free public domain PDF. Originally published in the 19th–early 20th century this 272-page edition has been carefully formatted for modern screen and print reading.,<p>The Lost and Hostile Gospels: An Essay on the Toledoth Jeschu and the Petrine and Pauline Gospels of the First Three Centuries of Which Fragments Remain by S. (Sabine) Baring-Gould is a classic work now available as a free public domain PDF download on Bookshelf. Part of Project Gutenberg's digital library of over 70 000 free ebooks.</p>,https://www.gutenberg.org/files/45620/45620-pdf.pdf,https://www.gutenberg.org/cache/epub/45620/pg45620.cover.medium.jpg,Free,#0f2a43,#f5f1e8,#f59e0b,p-rings
The Gladiators. A Tale of Rome and Judæa,A free public domain fiction book,G. J. (George John) Whyte-Melville,Fiction,free,0,211,A classic fiction work by G. J. (George John) Whyte-Melville now available as a free public domain PDF. Originally published in the 19th–early 20th century this 211-page edition has been carefully formatted for modern screen and print reading.,<p>The Gladiators. A Tale of Rome and Judæa by G. J. (George John) Whyte-Melville is a classic work now available as a free public domain PDF download on Bookshelf. Part of Project Gutenberg's digital library of over 70 000 free ebooks.</p>,https://www.gutenberg.org/files/47822/47822-pdf.pdf,https://www.gutenberg.org/cache/epub/47822/pg47822.cover.medium.jpg,Free,#1a1a2e,#f5f1e8,#f59e0b,p-rings
The Unfolding Destiny of the British Bahá'í Community : the Messages from the Guardian of the Bahá'í Faith to the Bahá'í,A free public domain history book,Effendi Shoghi,History,free,0,314,A classic history work by Effendi Shoghi now available as a free public domain PDF. Originally published in the 19th–early 20th century this 314-page edition has been carefully formatted for modern screen and print reading.,<p>The Unfolding Destiny of the British Bahá'í Community : the Messages from the Guardian of the Bahá'í Faith to the Bahá'ís of the British Isles by Effendi Shoghi is a classic work now available as a free public domain PDF download on Bookshelf. Part of Project Gutenberg's digital library of over 70 000 free ebooks.</p>,https://www.gutenberg.org/files/19297/19297-pdf.pdf,https://www.gutenberg.org/cache/epub/19297/pg19297.cover.medium.jpg,Free,#4a3728,#f5f1e8,#f59e0b,p-rings
No Man's Island,A free public domain fiction book,Herbert Strang,Fiction,free,0,290,A classic fiction work by Herbert Strang now available as a free public domain PDF. Originally published in the 19th–early 20th century this 290-page edition has been carefully formatted for modern screen and print reading.,<p>No Man's Island by Herbert Strang is a classic work now available as a free public domain PDF download on Bookshelf. Part of Project Gutenberg's digital library of over 70 000 free ebooks.</p>,https://www.gutenberg.org/ebooks/40555.pdf.images,https://www.gutenberg.org/cache/epub/40555/pg40555.cover.medium.jpg,Free,#1a1a2e,#f5f1e8,#f59e0b,p-rings
Lulu's Library Volume 3 (of 3),A free public domain children's books book,Louisa May Alcott,Children's Books,free,0,191,A classic children's books work by Louisa May Alcott now available as a free public domain PDF. Originally published in the 19th–early 20th century this 191-page edition has been carefully formatted for modern screen and print reading.,<p>Lulu's Library Volume 3 (of 3) by Louisa May Alcott is a classic work now available as a free public domain PDF download on Bookshelf. Part of Project Gutenberg's digital library of over 70 000 free ebooks.</p>,https://www.gutenberg.org/ebooks/40683.pdf.images,https://www.gutenberg.org/cache/epub/40683/pg40683.cover.medium.jpg,Free,#0f2a43,#f5f1e8,#f59e0b,p-rings
Doing and daring : $b A New Zealand story,A free public domain fiction book,Eleanor Stredder,Fiction,free,0,188,A classic fiction work by Eleanor Stredder now available as a free public domain PDF. Originally published in the 19th–early 20th century this 188-page edition has been carefully formatted for modern screen and print reading.,<p>Doing and daring : $b A New Zealand story by Eleanor Stredder is a classic work now available as a free public domain PDF download on Bookshelf. Part of Project Gutenberg's digital library of over 70 000 free ebooks.</p>,https://www.gutenberg.org/ebooks/43620.pdf.images,https://www.gutenberg.org/cache/epub/43620/pg43620.cover.medium.jpg,Free,#1a1a2e,#f5f1e8,#f59e0b,p-rings
Naval Occasions and Some Traits of the Sailor-man,A free public domain fiction book,Bartimeus,Fiction,free,0,218,A classic fiction work by Bartimeus now available as a free public domain PDF. Originally published in the 19th–early 20th century this 218-page edition has been carefully formatted for modern screen and print reading.,<p>Naval Occasions and Some Traits of the Sailor-man by Bartimeus is a classic work now available as a free public domain PDF download on Bookshelf. Part of Project Gutenberg's digital library of over 70 000 free ebooks.</p>,https://www.gutenberg.org/ebooks/46730.pdf.images,https://www.gutenberg.org/cache/epub/46730/pg46730.cover.medium.jpg,Free,#1a1a2e,#f5f1e8,#f59e0b,p-rings
The Story Book Girls,A free public domain fiction book,Christina Gowans Whyte,Fiction,free,0,245,A classic fiction work by Christina Gowans Whyte now available as a free public domain PDF. Originally published in the 19th–early 20th century this 245-page edition has been carefully formatted for modern screen and print reading.,<p>The Story Book Girls by Christina Gowans Whyte is a classic work now available as a free public domain PDF download on Bookshelf. Part of Project Gutenberg's digital library of over 70 000 free ebooks.</p>,https://www.gutenberg.org/ebooks/41797.pdf.images,https://www.gutenberg.org/cache/epub/41797/pg41797.cover.medium.jpg,Free,#1a1a2e,#f5f1e8,#f59e0b,p-rings
A Boy Crusoe; or The Golden Treasure of the Virgin Islands,A free public domain fiction book,Allan Eric,Fiction,free,0,210,A classic fiction work by Allan Eric now available as a free public domain PDF. Originally published in the 19th–early 20th century this 210-page edition has been carefully formatted for modern screen and print reading.,<p>A Boy Crusoe; or The Golden Treasure of the Virgin Islands by Allan Eric is a classic work now available as a free public domain PDF download on Bookshelf. Part of Project Gutenberg's digital library of over 70 000 free ebooks.</p>,https://www.gutenberg.org/ebooks/45397.pdf.images,https://www.gutenberg.org/cache/epub/45397/pg45397.cover.medium.jpg,Free,#1a1a2e,#f5f1e8,#f59e0b,p-rings
The Childhood of Rome,A free public domain children's books book,Louise Lamprey,Children's Books,free,0,124,A classic children's books work by Louise Lamprey now available as a free public domain PDF. Originally published in the 19th–early 20th century this 124-page edition has been carefully formatted for modern screen and print reading.,<p>The Childhood of Rome by Louise Lamprey is a classic work now available as a free public domain PDF download on Bookshelf. Part of Project Gutenberg's digital library of over 70 000 free ebooks.</p>,https://www.gutenberg.org/files/36296/36296-pdf.pdf,https://www.gutenberg.org/cache/epub/36296/pg36296.cover.medium.jpg,Free,#0f2a43,#f5f1e8,#f59e0b,p-rings
Camping For Boys,A free public domain camping book,H. W. (Henry William) Gibson,Camping,free,0,255,A classic camping work by H. W. (Henry William) Gibson now available as a free public domain PDF. Originally published in the 19th–early 20th century this 255-page edition has been carefully formatted for modern screen and print reading.,<p>Camping For Boys by H. W. (Henry William) Gibson is a classic work now available as a free public domain PDF download on Bookshelf. Part of Project Gutenberg's digital library of over 70 000 free ebooks.</p>,https://www.gutenberg.org/files/14759/14759-pdf.pdf,https://www.gutenberg.org/cache/epub/14759/pg14759.cover.medium.jpg,Free,#0f2a43,#f5f1e8,#f59e0b,p-rings
Ann Boyd: A Novel,A free public domain fiction book,Will N. (Will Nathaniel) Harben,Fiction,free,0,201,A classic fiction work by Will N. (Will Nathaniel) Harben now available as a free public domain PDF. Originally published in the 19th–early 20th century this 201-page edition has been carefully formatted for modern screen and print reading.,<p>Ann Boyd: A Novel by Will N. (Will Nathaniel) Harben is a classic work now available as a free public domain PDF download on Bookshelf. Part of Project Gutenberg's digital library of over 70 000 free ebooks.</p>,https://www.gutenberg.org/ebooks/37551.pdf.images,https://www.gutenberg.org/cache/epub/37551/pg37551.cover.medium.jpg,Free,#1a1a2e,#f5f1e8,#f59e0b,p-rings
Perpetua. A Tale of Nimes in A.D. 213,A free public domain fiction book,S. (Sabine) Baring-Gould,Fiction,free,0,283,A classic fiction work by S. (Sabine) Baring-Gould now available as a free public domain PDF. Originally published in the 19th–early 20th century this 283-page edition has been carefully formatted for modern screen and print reading.,<p>Perpetua. A Tale of Nimes in A.D. 213 by S. (Sabine) Baring-Gould is a classic work now available as a free public domain PDF download on Bookshelf. Part of Project Gutenberg's digital library of over 70 000 free ebooks.</p>,https://www.gutenberg.org/files/47832/47832-pdf.pdf,https://www.gutenberg.org/cache/epub/47832/pg47832.cover.medium.jpg,Free,#1a1a2e,#f5f1e8,#f59e0b,p-rings
The Wages of Virtue,A free public domain fiction book,Percival Christopher Wren,Fiction,free,0,163,A classic fiction work by Percival Christopher Wren now available as a free public domain PDF. Originally published in the 19th–early 20th century this 163-page edition has been carefully formatted for modern screen and print reading.,<p>The Wages of Virtue by Percival Christopher Wren is a classic work now available as a free public domain PDF download on Bookshelf. Part of Project Gutenberg's digital library of over 70 000 free ebooks.</p>,https://www.gutenberg.org/ebooks/41652.pdf.images,https://www.gutenberg.org/cache/epub/41652/pg41652.cover.medium.jpg,Free,#1a1a2e,#f5f1e8,#f59e0b,p-rings
Mozart : The story of a little boy and his sister who gave concerts,A free public domain biography book,Thomas Tapper,Biography,free,0,288,A classic biography work by Thomas Tapper now available as a free public domain PDF. Originally published in the 19th–early 20th century this 288-page edition has been carefully formatted for modern screen and print reading.,<p>Mozart : The story of a little boy and his sister who gave concerts by Thomas Tapper is a classic work now available as a free public domain PDF download on Bookshelf. Part of Project Gutenberg's digital library of over 70 000 free ebooks.</p>,https://www.gutenberg.org/files/34582/34582-pdf.pdf,https://www.gutenberg.org/cache/epub/34582/pg34582.cover.medium.jpg,Free,#2d4a22,#f5f1e8,#f59e0b,p-rings
Jean Baptiste: A Story of French Canada,A free public domain fiction book,James Edward Le Rossignol,Fiction,free,0,302,A classic fiction work by James Edward Le Rossignol now available as a free public domain PDF. Originally published in the 19th–early 20th century this 302-page edition has been carefully formatted for modern screen and print reading.,<p>Jean Baptiste: A Story of French Canada by James Edward Le Rossignol is a classic work now available as a free public domain PDF download on Bookshelf. Part of Project Gutenberg's digital library of over 70 000 free ebooks.</p>,https://www.gutenberg.org/ebooks/43280.pdf.images,https://www.gutenberg.org/cache/epub/43280/pg43280.cover.medium.jpg,Free,#1a1a2e,#f5f1e8,#f59e0b,p-rings
The Captain of the Wight: A Romance of Carisbrooke Castle in 1488,A free public domain fiction book,Frank Cowper,Fiction,free,0,311,A classic fiction work by Frank Cowper now available as a free public domain PDF. Originally published in the 19th–early 20th century this 311-page edition has been carefully formatted for modern screen and print reading.,<p>The Captain of the Wight: A Romance of Carisbrooke Castle in 1488 by Frank Cowper is a classic work now available as a free public domain PDF download on Bookshelf. Part of Project Gutenberg's digital library of over 70 000 free ebooks.</p>,https://www.gutenberg.org/ebooks/53754.pdf.images,https://www.gutenberg.org/cache/epub/53754/pg53754.cover.medium.jpg,Free,#1a1a2e,#f5f1e8,#f59e0b,p-rings
Historical Romance of the American Negro,A free public domain history book,Charles Henry Fowler,History,free,0,264,A classic history work by Charles Henry Fowler now available as a free public domain PDF. Originally published in the 19th–early 20th century this 264-page edition has been carefully formatted for modern screen and print reading.,<p>Historical Romance of the American Negro by Charles Henry Fowler is a classic work now available as a free public domain PDF download on Bookshelf. Part of Project Gutenberg's digital library of over 70 000 free ebooks.</p>,https://www.gutenberg.org/ebooks/35189.pdf.images,https://www.gutenberg.org/cache/epub/35189/pg35189.cover.medium.jpg,Free,#4a3728,#f5f1e8,#f59e0b,p-rings
The Book of the Duke of True Lovers,A free public domain poetry book,de Pisan Christine,Poetry,free,0,234,A classic poetry work by de Pisan Christine now available as a free public domain PDF. Originally published in the 19th–early 20th century this 234-page edition has been carefully formatted for modern screen and print reading.,<p>The Book of the Duke of True Lovers by de Pisan Christine is a classic work now available as a free public domain PDF download on Bookshelf. Part of Project Gutenberg's digital library of over 70 000 free ebooks.</p>,https://www.gutenberg.org/ebooks/36737.pdf.images,https://www.gutenberg.org/cache/epub/36737/pg36737.cover.medium.jpg,Free,#4a2b3d,#f5f1e8,#f59e0b,p-rings
The Romance of a Poor Young Man,A free public domain fiction book,Octave Feuillet,Fiction,free,0,290,A classic fiction work by Octave Feuillet now available as a free public domain PDF. Originally published in the 19th–early 20th century this 290-page edition has been carefully formatted for modern screen and print reading.,<p>The Romance of a Poor Young Man by Octave Feuillet is a classic work now available as a free public domain PDF download on Bookshelf. Part of Project Gutenberg's digital library of over 70 000 free ebooks.</p>,https://www.gutenberg.org/ebooks/45200.pdf.images,https://www.gutenberg.org/cache/epub/45200/pg45200.cover.medium.jpg,Free,#1a1a2e,#f5f1e8,#f59e0b,p-rings
The Grey Man,A free public domain fiction book,S. R. (Samuel Rutherford) Crockett,Fiction,free,0,171,A classic fiction work by S. R. (Samuel Rutherford) Crockett now available as a free public domain PDF. Originally published in the 19th–early 20th century this 171-page edition has been carefully formatted for modern screen and print reading.,<p>The Grey Man by S. R. (Samuel Rutherford) Crockett is a classic work now available as a free public domain PDF download on Bookshelf. Part of Project Gutenberg's digital library of over 70 000 free ebooks.</p>,https://www.gutenberg.org/ebooks/49301.pdf.images,https://www.gutenberg.org/cache/epub/49301/pg49301.cover.medium.jpg,Free,#1a1a2e,#f5f1e8,#f59e0b,p-rings
Pictorial Photography in America 1921,A free public domain art book,Pictorial Photographers of America,Art,free,0,236,A classic art work by Pictorial Photographers of America now available as a free public domain PDF. Originally published in the 19th–early 20th century this 236-page edition has been carefully formatted for modern screen and print reading.,<p>Pictorial Photography in America 1921 by Pictorial Photographers of America is a classic work now available as a free public domain PDF download on Bookshelf. Part of Project Gutenberg's digital library of over 70 000 free ebooks.</p>,https://www.gutenberg.org/files/28023/28023-pdf.pdf,https://www.gutenberg.org/cache/epub/28023/pg28023.cover.medium.jpg,Free,#4a2b2b,#f5f1e8,#f59e0b,p-rings
Imperfectly Proper,A free public domain canadian essays book,Peter Donovan,Canadian essays,free,0,250,A classic canadian essays work by Peter Donovan now available as a free public domain PDF. Originally published in the 19th–early 20th century this 250-page edition has been carefully formatted for modern screen and print reading.,<p>Imperfectly Proper by Peter Donovan is a classic work now available as a free public domain PDF download on Bookshelf. Part of Project Gutenberg's digital library of over 70 000 free ebooks.</p>,https://www.gutenberg.org/ebooks/52438.pdf.images,https://www.gutenberg.org/cache/epub/52438/pg52438.cover.medium.jpg,Free,#0f2a43,#f5f1e8,#f59e0b,p-rings
The Laughing Girl,A free public domain fiction book,Robert W. (Robert William) Chambers,Fiction,free,0,153,A classic fiction work by Robert W. (Robert William) Chambers now available as a free public domain PDF. Originally published in the 19th–early 20th century this 153-page edition has been carefully formatted for modern screen and print reading.,<p>The Laughing Girl by Robert W. (Robert William) Chambers is a classic work now available as a free public domain PDF download on Bookshelf. Part of Project Gutenberg's digital library of over 70 000 free ebooks.</p>,https://www.gutenberg.org/ebooks/53249.pdf.images,https://www.gutenberg.org/cache/epub/53249/pg53249.cover.medium.jpg,Free,#1a1a2e,#f5f1e8,#f59e0b,p-rings
Vaninka: Celebrated Crimes,A free public domain crime book,Alexandre Dumas,Crime,free,0,88,A classic crime work by Alexandre Dumas now available as a free public domain PDF. Originally published in the 19th–early 20th century this 88-page edition has been carefully formatted for modern screen and print reading.,<p>Vaninka: Celebrated Crimes by Alexandre Dumas is a classic work now available as a free public domain PDF download on Bookshelf. Part of Project Gutenberg's digital library of over 70 000 free ebooks.</p>,https://www.gutenberg.org/ebooks/2757.pdf.images,https://www.gutenberg.org/cache/epub/2757/pg2757.cover.medium.jpg,Free,#0f2a43,#f5f1e8,#f59e0b,p-rings
Draining for Profit and Draining for Health,A free public domain drain-tiles book,George E. (George Edwin) Waring,Drain-tiles,free,0,269,A classic drain-tiles work by George E. (George Edwin) Waring now available as a free public domain PDF. Originally published in the 19th–early 20th century this 269-page edition has been carefully formatted for modern screen and print reading.,<p>Draining for Profit and Draining for Health by George E. (George Edwin) Waring is a classic work now available as a free public domain PDF download on Bookshelf. Part of Project Gutenberg's digital library of over 70 000 free ebooks.</p>,https://www.gutenberg.org/files/19465/19465-pdf.pdf,https://www.gutenberg.org/cache/epub/19465/pg19465.cover.medium.jpg,Free,#0f2a43,#f5f1e8,#f59e0b,p-rings
One Year Abroad,A free public domain travel book,Blanche Willis Howard,Travel,free,0,288,A classic travel work by Blanche Willis Howard now available as a free public domain PDF. Originally published in the 19th–early 20th century this 288-page edition has been carefully formatted for modern screen and print reading.,<p>One Year Abroad by Blanche Willis Howard is a classic work now available as a free public domain PDF download on Bookshelf. Part of Project Gutenberg's digital library of over 70 000 free ebooks.</p>,https://www.gutenberg.org/ebooks/35680.pdf.images,https://www.gutenberg.org/cache/epub/35680/pg35680.cover.medium.jpg,Free,#2b4a4a,#f5f1e8,#f59e0b,p-rings
Mystic Immanence the Indwelling Spirit,A free public domain immanence of god book,Basil Wilberforce,Immanence of god,free,0,202,A classic immanence of god work by Basil Wilberforce now available as a free public domain PDF. Originally published in the 19th–early 20th century this 202-page edition has been carefully formatted for modern screen and print reading.,<p>Mystic Immanence the Indwelling Spirit by Basil Wilberforce is a classic work now available as a free public domain PDF download on Bookshelf. Part of Project Gutenberg's digital library of over 70 000 free ebooks.</p>,https://www.gutenberg.org/ebooks/36996.pdf.images,https://www.gutenberg.org/cache/epub/36996/pg36996.cover.medium.jpg,Free,#0f2a43,#f5f1e8,#f59e0b,p-rings
The Expositor's Bible: The Gospel According to St. Mark,A free public domain bible. mark book,G. A. (George Alexander) Chadwick,Bible. mark,free,0,94,A classic bible. mark work by G. A. (George Alexander) Chadwick now available as a free public domain PDF. Originally published in the 19th–early 20th century this 94-page edition has been carefully formatted for modern screen and print reading.,<p>The Expositor's Bible: The Gospel According to St. Mark by G. A. (George Alexander) Chadwick is a classic work now available as a free public domain PDF download on Bookshelf. Part of Project Gutenberg's digital library of over 70 000 free ebooks.</p>,https://www.gutenberg.org/files/37120/37120-pdf.pdf,https://www.gutenberg.org/cache/epub/37120/pg37120.cover.medium.jpg,Free,#0f2a43,#f5f1e8,#f59e0b,p-rings
Stories of the Lifeboat,A free public domain lifeboat service book,Frank Mundell,Lifeboat service,free,0,305,A classic lifeboat service work by Frank Mundell now available as a free public domain PDF. Originally published in the 19th–early 20th century this 305-page edition has been carefully formatted for modern screen and print reading.,<p>Stories of the Lifeboat by Frank Mundell is a classic work now available as a free public domain PDF download on Bookshelf. Part of Project Gutenberg's digital library of over 70 000 free ebooks.</p>,https://www.gutenberg.org/ebooks/42394.pdf.images,https://www.gutenberg.org/cache/epub/42394/pg42394.cover.medium.jpg,Free,#0f2a43,#f5f1e8,#f59e0b,p-rings
The Theory of Spectra and Atomic Constitution: Three Essays,A free public domain atomic theory book,Niels Bohr,Atomic theory,free,0,128,A classic atomic theory work by Niels Bohr now available as a free public domain PDF. Originally published in the 19th–early 20th century this 128-page edition has been carefully formatted for modern screen and print reading.,<p>The Theory of Spectra and Atomic Constitution: Three Essays by Niels Bohr is a classic work now available as a free public domain PDF download on Bookshelf. Part of Project Gutenberg's digital library of over 70 000 free ebooks.</p>,https://www.gutenberg.org/files/47464/47464-pdf.pdf,https://www.gutenberg.org/cache/epub/47464/pg47464.cover.medium.jpg,Free,#0f2a43,#f5f1e8,#f59e0b,p-rings
A Deal with the Devil,A free public domain fiction book,Eden Phillpotts,Fiction,free,0,287,A classic fiction work by Eden Phillpotts now available as a free public domain PDF. Originally published in the 19th–early 20th century this 287-page edition has been carefully formatted for modern screen and print reading.,<p>A Deal with the Devil by Eden Phillpotts is a classic work now available as a free public domain PDF download on Bookshelf. Part of Project Gutenberg's digital library of over 70 000 free ebooks.</p>,https://www.gutenberg.org/ebooks/47246.pdf.images,https://www.gutenberg.org/cache/epub/47246/pg47246.cover.medium.jpg,Free,#1a1a2e,#f5f1e8,#f59e0b,p-rings
Sarita the Carlist,A free public domain fiction book,Arthur W. Marchmont,Fiction,free,0,203,A classic fiction work by Arthur W. Marchmont now available as a free public domain PDF. Originally published in the 19th–early 20th century this 203-page edition has been carefully formatted for modern screen and print reading.,<p>Sarita the Carlist by Arthur W. Marchmont is a classic work now available as a free public domain PDF download on Bookshelf. Part of Project Gutenberg's digital library of over 70 000 free ebooks.</p>,https://www.gutenberg.org/ebooks/53551.pdf.images,https://www.gutenberg.org/cache/epub/53551/pg53551.cover.medium.jpg,Free,#1a1a2e,#f5f1e8,#f59e0b,p-rings
The Condition of Catholics Under James I.: Father Gerard's Narrative of the Gunpowder Plot,A free public domain catholic church book,John Gerard,Catholic church,free,0,300,A classic catholic church work by John Gerard now available as a free public domain PDF. Originally published in the 19th–early 20th century this 300-page edition has been carefully formatted for modern screen and print reading.,<p>The Condition of Catholics Under James I.: Father Gerard's Narrative of the Gunpowder Plot by John Gerard is a classic work now available as a free public domain PDF download on Bookshelf. Part of Project Gutenberg's digital library of over 70 000 free ebooks.</p>,https://www.gutenberg.org/files/35501/35501-pdf.pdf,https://www.gutenberg.org/cache/epub/35501/pg35501.cover.medium.jpg,Free,#0f2a43,#f5f1e8,#f59e0b,p-rings
Photographic Reproduction Processes,A free public domain photographic reproduction of plans drawings etc. book,P. C. (Peter C.) Duchochois,"Photographic reproduction of plans, drawings, etc.",free,0,228,A classic photographic reproduction of plans drawings etc. work by P. C. (Peter C.) Duchochois now available as a free public domain PDF. Originally published in the 19th–early 20th century this 228-page edition has been carefully formatted for modern screen and print reading.,<p>Photographic Reproduction Processes by P. C. (Peter C.) Duchochois is a classic work now available as a free public domain PDF download on Bookshelf. Part of Project Gutenberg's digital library of over 70 000 free ebooks.</p>,https://www.gutenberg.org/files/24016/24016-pdf.pdf,https://www.gutenberg.org/cache/epub/24016/pg24016.cover.medium.jpg,Free,#0f2a43,#f5f1e8,#f59e0b,p-rings
The Chronicles of the Imp: A Romance,A free public domain fiction book,Jeffery Farnol,Fiction,free,0,315,A classic fiction work by Jeffery Farnol now available as a free public domain PDF. Originally published in the 19th–early 20th century this 315-page edition has been carefully formatted for modern screen and print reading.,<p>The Chronicles of the Imp: A Romance by Jeffery Farnol is a classic work now available as a free public domain PDF download on Bookshelf. Part of Project Gutenberg's digital library of over 70 000 free ebooks.</p>,https://www.gutenberg.org/ebooks/49282.pdf.images,https://www.gutenberg.org/cache/epub/49282/pg49282.cover.medium.jpg,Free,#1a1a2e,#f5f1e8,#f59e0b,p-rings
String Quartet No. 15 in A minor Opus 132,A free public domain art book,Ludwig van Beethoven,Art,free,0,257,A classic art work by Ludwig van Beethoven now available as a free public domain PDF. Originally published in the 19th–early 20th century this 257-page edition has been carefully formatted for modern screen and print reading.,<p>String Quartet No. 15 in A minor Opus 132 by Ludwig van Beethoven is a classic work now available as a free public domain PDF download on Bookshelf. Part of Project Gutenberg's digital library of over 70 000 free ebooks.</p>,https://www.gutenberg.org/files/13153/13153-pdf/13153-all.pdf,https://www.gutenberg.org/cache/epub/13153/pg13153.cover.medium.jpg,Free,#4a2b2b,#f5f1e8,#f59e0b,p-rings
The Tell El Amarna Period,A free public domain history book,Carl Niebuhr,History,free,0,212,A classic history work by Carl Niebuhr now available as a free public domain PDF. Originally published in the 19th–early 20th century this 212-page edition has been carefully formatted for modern screen and print reading.,<p>The Tell El Amarna Period by Carl Niebuhr is a classic work now available as a free public domain PDF download on Bookshelf. Part of Project Gutenberg's digital library of over 70 000 free ebooks.</p>,https://www.gutenberg.org/files/26145/26145-pdf.pdf,https://www.gutenberg.org/cache/epub/26145/pg26145.cover.medium.jpg,Free,#4a3728,#f5f1e8,#f59e0b,p-rings
Lilian,A free public domain fiction book,Arnold Bennett,Fiction,free,0,276,A classic fiction work by Arnold Bennett now available as a free public domain PDF. Originally published in the 19th–early 20th century this 276-page edition has been carefully formatted for modern screen and print reading.,<p>Lilian by Arnold Bennett is a classic work now available as a free public domain PDF download on Bookshelf. Part of Project Gutenberg's digital library of over 70 000 free ebooks.</p>,https://www.gutenberg.org/ebooks/40343.pdf.images,https://www.gutenberg.org/cache/epub/40343/pg40343.cover.medium.jpg,Free,#1a1a2e,#f5f1e8,#f59e0b,p-rings
The Secret of Divine Civilization,A free public domain bahai faith book,ʻAbdu'l-Bahá,Bahai faith,free,0,188,A classic bahai faith work by ʻAbdu'l-Bahá now available as a free public domain PDF. Originally published in the 19th–early 20th century this 188-page edition has been carefully formatted for modern screen and print reading.,<p>The Secret of Divine Civilization by ʻAbdu'l-Bahá is a classic work now available as a free public domain PDF download on Bookshelf. Part of Project Gutenberg's digital library of over 70 000 free ebooks.</p>,https://www.gutenberg.org/files/19237/19237-pdf.pdf,https://www.gutenberg.org/cache/epub/19237/pg19237.cover.medium.jpg,Free,#0f2a43,#f5f1e8,#f59e0b,p-rings
Clara Vaughan Volume 3 (of 3),A free public domain fiction book,R. D. (Richard Doddridge) Blackmore,Fiction,free,0,257,A classic fiction work by R. D. (Richard Doddridge) Blackmore now available as a free public domain PDF. Originally published in the 19th–early 20th century this 257-page edition has been carefully formatted for modern screen and print reading.,<p>Clara Vaughan Volume 3 (of 3) by R. D. (Richard Doddridge) Blackmore is a classic work now available as a free public domain PDF download on Bookshelf. Part of Project Gutenberg's digital library of over 70 000 free ebooks.</p>,https://www.gutenberg.org/ebooks/41022.pdf.images,https://www.gutenberg.org/cache/epub/41022/pg41022.cover.medium.jpg,Free,#1a1a2e,#f5f1e8,#f59e0b,p-rings
Love Among the Ruins,A free public domain fiction book,Warwick Deeping,Fiction,free,0,157,A classic fiction work by Warwick Deeping now available as a free public domain PDF. Originally published in the 19th–early 20th century this 157-page edition has been carefully formatted for modern screen and print reading.,<p>Love Among the Ruins by Warwick Deeping is a classic work now available as a free public domain PDF download on Bookshelf. Part of Project Gutenberg's digital library of over 70 000 free ebooks.</p>,https://www.gutenberg.org/ebooks/42284.pdf.images,https://www.gutenberg.org/cache/epub/42284/pg42284.cover.medium.jpg,Free,#1a1a2e,#f5f1e8,#f59e0b,p-rings
A Maid of Brittany: A Romance,A free public domain fiction book,Mabel Winifred Knowles,Fiction,free,0,299,A classic fiction work by Mabel Winifred Knowles now available as a free public domain PDF. Originally published in the 19th–early 20th century this 299-page edition has been carefully formatted for modern screen and print reading.,<p>A Maid of Brittany: A Romance by Mabel Winifred Knowles is a classic work now available as a free public domain PDF download on Bookshelf. Part of Project Gutenberg's digital library of over 70 000 free ebooks.</p>,https://www.gutenberg.org/ebooks/49284.pdf.images,https://www.gutenberg.org/cache/epub/49284/pg49284.cover.medium.jpg,Free,#1a1a2e,#f5f1e8,#f59e0b,p-rings
Philip Massinger,A free public domain massinger philip 1583-1640 book,Alfred Hamilton Cruickshank,"Massinger, philip, 1583-1640",free,0,250,A classic massinger philip 1583-1640 work by Alfred Hamilton Cruickshank now available as a free public domain PDF. Originally published in the 19th–early 20th century this 250-page edition has been carefully formatted for modern screen and print reading.,<p>Philip Massinger by Alfred Hamilton Cruickshank is a classic work now available as a free public domain PDF download on Bookshelf. Part of Project Gutenberg's digital library of over 70 000 free ebooks.</p>,https://www.gutenberg.org/files/35365/35365-pdf.pdf,https://www.gutenberg.org/cache/epub/35365/pg35365.cover.medium.jpg,Free,#0f2a43,#f5f1e8,#f59e0b,p-rings
Dave Fearless and the Cave of Mystery; or Adrift on the Pacific,A free public domain fiction book,Roy Rockwood,Fiction,free,0,214,A classic fiction work by Roy Rockwood now available as a free public domain PDF. Originally published in the 19th–early 20th century this 214-page edition has been carefully formatted for modern screen and print reading.,<p>Dave Fearless and the Cave of Mystery; or Adrift on the Pacific by Roy Rockwood is a classic work now available as a free public domain PDF download on Bookshelf. Part of Project Gutenberg's digital library of over 70 000 free ebooks.</p>,https://www.gutenberg.org/ebooks/41896.pdf.images,https://www.gutenberg.org/cache/epub/41896/pg41896.cover.medium.jpg,Free,#1a1a2e,#f5f1e8,#f59e0b,p-rings
Arius the Libyan: A Romance of the Primitive Church,A free public domain fiction book,Nathan C. (Nathan Chapman) Kouns,Fiction,free,0,159,A classic fiction work by Nathan C. (Nathan Chapman) Kouns now available as a free public domain PDF. Originally published in the 19th–early 20th century this 159-page edition has been carefully formatted for modern screen and print reading.,<p>Arius the Libyan: A Romance of the Primitive Church by Nathan C. (Nathan Chapman) Kouns is a classic work now available as a free public domain PDF download on Bookshelf. Part of Project Gutenberg's digital library of over 70 000 free ebooks.</p>,https://www.gutenberg.org/ebooks/42895.pdf.images,https://www.gutenberg.org/cache/epub/42895/pg42895.cover.medium.jpg,Free,#1a1a2e,#f5f1e8,#f59e0b,p-rings
Bob Dexter and the Storm Mountain Mystery; or The Secret of the Log Cabin,A free public domain fiction book,Willard F. Baker,Fiction,free,0,137,A classic fiction work by Willard F. Baker now available as a free public domain PDF. Originally published in the 19th–early 20th century this 137-page edition has been carefully formatted for modern screen and print reading.,<p>Bob Dexter and the Storm Mountain Mystery; or The Secret of the Log Cabin by Willard F. Baker is a classic work now available as a free public domain PDF download on Bookshelf. Part of Project Gutenberg's digital library of over 70 000 free ebooks.</p>,https://www.gutenberg.org/ebooks/48124.pdf.images,https://www.gutenberg.org/cache/epub/48124/pg48124.cover.medium.jpg,Free,#1a1a2e,#f5f1e8,#f59e0b,p-rings
Joffre and His Army,A free public domain france. armée book,Charles Dawbarn,France. armée,free,0,314,A classic france. armée work by Charles Dawbarn now available as a free public domain PDF. Originally published in the 19th–early 20th century this 314-page edition has been carefully formatted for modern screen and print reading.,<p>Joffre and His Army by Charles Dawbarn is a classic work now available as a free public domain PDF download on Bookshelf. Part of Project Gutenberg's digital library of over 70 000 free ebooks.</p>,https://www.gutenberg.org/ebooks/52696.pdf.images,https://www.gutenberg.org/cache/epub/52696/pg52696.cover.medium.jpg,Free,#0f2a43,#f5f1e8,#f59e0b,p-rings
The Quest of the Four: A Story of the Comanches and Buena Vista,A free public domain fiction book,Joseph A. (Joseph Alexander) Altsheler,Fiction,free,0,193,A classic fiction work by Joseph A. (Joseph Alexander) Altsheler now available as a free public domain PDF. Originally published in the 19th–early 20th century this 193-page edition has been carefully formatted for modern screen and print reading.,<p>The Quest of the Four: A Story of the Comanches and Buena Vista by Joseph A. (Joseph Alexander) Altsheler is a classic work now available as a free public domain PDF download on Bookshelf. Part of Project Gutenberg's digital library of over 70 000 free ebooks.</p>,https://www.gutenberg.org/ebooks/40480.pdf.images,https://www.gutenberg.org/cache/epub/40480/pg40480.cover.medium.jpg,Free,#1a1a2e,#f5f1e8,#f59e0b,p-rings
La Constantin: Celebrated Crimes,A free public domain crime book,Alexandre Dumas,Crime,free,0,138,A classic crime work by Alexandre Dumas now available as a free public domain PDF. Originally published in the 19th–early 20th century this 138-page edition has been carefully formatted for modern screen and print reading.,<p>La Constantin: Celebrated Crimes by Alexandre Dumas is a classic work now available as a free public domain PDF download on Bookshelf. Part of Project Gutenberg's digital library of over 70 000 free ebooks.</p>,https://www.gutenberg.org/ebooks/2749.pdf.images,https://www.gutenberg.org/cache/epub/2749/pg2749.cover.medium.jpg,Free,#0f2a43,#f5f1e8,#f59e0b,p-rings
Mafeking : $b a diary of the siege,A free public domain history book,Frederick David Baillie,History,free,0,161,A classic history work by Frederick David Baillie now available as a free public domain PDF. Originally published in the 19th–early 20th century this 161-page edition has been carefully formatted for modern screen and print reading.,<p>Mafeking : $b a diary of the siege by Frederick David Baillie is a classic work now available as a free public domain PDF download on Bookshelf. Part of Project Gutenberg's digital library of over 70 000 free ebooks.</p>,https://www.gutenberg.org/ebooks/41511.pdf.images,https://www.gutenberg.org/cache/epub/41511/pg41511.cover.medium.jpg,Free,#4a3728,#f5f1e8,#f59e0b,p-rings
Knights in Armour,A free public domain christian life book,Edward S. (Edward Sydney) Woods,Christian life,free,0,139,A classic christian life work by Edward S. (Edward Sydney) Woods now available as a free public domain PDF. Originally published in the 19th–early 20th century this 139-page edition has been carefully formatted for modern screen and print reading.,<p>Knights in Armour by Edward S. (Edward Sydney) Woods is a classic work now available as a free public domain PDF download on Bookshelf. Part of Project Gutenberg's digital library of over 70 000 free ebooks.</p>,https://www.gutenberg.org/ebooks/52854.pdf.images,https://www.gutenberg.org/cache/epub/52854/pg52854.cover.medium.jpg,Free,#0f2a43,#f5f1e8,#f59e0b,p-rings
Leatherface: A Tale of Old Flanders,A free public domain fiction book,Baroness Emmuska Orczy Orczy,Fiction,free,0,205,A classic fiction work by Baroness Emmuska Orczy Orczy now available as a free public domain PDF. Originally published in the 19th–early 20th century this 205-page edition has been carefully formatted for modern screen and print reading.,<p>Leatherface: A Tale of Old Flanders by Baroness Emmuska Orczy Orczy is a classic work now available as a free public domain PDF download on Bookshelf. Part of Project Gutenberg's digital library of over 70 000 free ebooks.</p>,https://www.gutenberg.org/ebooks/40500.pdf.images,https://www.gutenberg.org/cache/epub/40500/pg40500.cover.medium.jpg,Free,#1a1a2e,#f5f1e8,#f59e0b,p-rings
Technology and Books for All,A free public domain electronic books book,Marie Lebert,Electronic books,free,0,147,A classic electronic books work by Marie Lebert now available as a free public domain PDF. Originally published in the 19th–early 20th century this 147-page edition has been carefully formatted for modern screen and print reading.,<p>Technology and Books for All by Marie Lebert is a classic work now available as a free public domain PDF download on Bookshelf. Part of Project Gutenberg's digital library of over 70 000 free ebooks.</p>,https://www.gutenberg.org/files/27098/27098-pdf.pdf,https://www.gutenberg.org/cache/epub/27098/pg27098.cover.medium.jpg,Free,#0f2a43,#f5f1e8,#f59e0b,p-rings
The Prodigal Son,A free public domain fiction book,Sir Hall Caine,Fiction,free,0,215,A classic fiction work by Sir Hall Caine now available as a free public domain PDF. Originally published in the 19th–early 20th century this 215-page edition has been carefully formatted for modern screen and print reading.,<p>The Prodigal Son by Sir Hall Caine is a classic work now available as a free public domain PDF download on Bookshelf. Part of Project Gutenberg's digital library of over 70 000 free ebooks.</p>,https://www.gutenberg.org/ebooks/51950.pdf.images,https://www.gutenberg.org/cache/epub/51950/pg51950.cover.medium.jpg,Free,#1a1a2e,#f5f1e8,#f59e0b,p-rings
The Acts of the General Assemblies of the Church of Scotland,A free public domain history book,Church of Scotland. General Assembly,History,free,0,148,A classic history work by Church of Scotland. General Assembly now available as a free public domain PDF. Originally published in the 19th–early 20th century this 148-page edition has been carefully formatted for modern screen and print reading.,<p>The Acts of the General Assemblies of the Church of Scotland by Church of Scotland. General Assembly is a classic work now available as a free public domain PDF download on Bookshelf. Part of Project Gutenberg's digital library of over 70 000 free ebooks.</p>,https://www.gutenberg.org/files/28957/28957-pdf.pdf,https://www.gutenberg.org/cache/epub/28957/pg28957.cover.medium.jpg,Free,#4a3728,#f5f1e8,#f59e0b,p-rings
The Secret of the Earth,A free public domain fiction book,Charles Willing Beale,Fiction,free,0,204,A classic fiction work by Charles Willing Beale now available as a free public domain PDF. Originally published in the 19th–early 20th century this 204-page edition has been carefully formatted for modern screen and print reading.,<p>The Secret of the Earth by Charles Willing Beale is a classic work now available as a free public domain PDF download on Bookshelf. Part of Project Gutenberg's digital library of over 70 000 free ebooks.</p>,https://www.gutenberg.org/ebooks/44535.pdf.images,https://www.gutenberg.org/cache/epub/44535/pg44535.cover.medium.jpg,Free,#1a1a2e,#f5f1e8,#f59e0b,p-rings
Open That Door!,A free public domain books and reading book,R. Sturgis (Robert Sturgis) Ingersoll,Books and reading,free,0,323,A classic books and reading work by R. Sturgis (Robert Sturgis) Ingersoll now available as a free public domain PDF. Originally published in the 19th–early 20th century this 323-page edition has been carefully formatted for modern screen and print reading.,<p>Open That Door! by R. Sturgis (Robert Sturgis) Ingersoll is a classic work now available as a free public domain PDF download on Bookshelf. Part of Project Gutenberg's digital library of over 70 000 free ebooks.</p>,https://www.gutenberg.org/ebooks/45959.pdf.images,https://www.gutenberg.org/cache/epub/45959/pg45959.cover.medium.jpg,Free,#0f2a43,#f5f1e8,#f59e0b,p-rings
The marines have landed,A free public domain fiction book,Giles Bishop,Fiction,free,0,118,A classic fiction work by Giles Bishop now available as a free public domain PDF. Originally published in the 19th–early 20th century this 118-page edition has been carefully formatted for modern screen and print reading.,<p>The marines have landed by Giles Bishop is a classic work now available as a free public domain PDF download on Bookshelf. Part of Project Gutenberg's digital library of over 70 000 free ebooks.</p>,https://www.gutenberg.org/ebooks/41037.pdf.images,https://www.gutenberg.org/cache/epub/41037/pg41037.cover.medium.jpg,Free,#1a1a2e,#f5f1e8,#f59e0b,p-rings
My Strange Rescue and Other Stories of Sport and Adventure in Canada,A free public domain fiction book,J. Macdonald (James Macdonald) Oxley,Fiction,free,0,169,A classic fiction work by J. Macdonald (James Macdonald) Oxley now available as a free public domain PDF. Originally published in the 19th–early 20th century this 169-page edition has been carefully formatted for modern screen and print reading.,<p>My Strange Rescue and Other Stories of Sport and Adventure in Canada by J. Macdonald (James Macdonald) Oxley is a classic work now available as a free public domain PDF download on Bookshelf. Part of Project Gutenberg's digital library of over 70 000 free ebooks.</p>,https://www.gutenberg.org/ebooks/51308.pdf.images,https://www.gutenberg.org/cache/epub/51308/pg51308.cover.medium.jpg,Free,#1a1a2e,#f5f1e8,#f59e0b,p-rings
Jack Hardy: A Story of English Smugglers in the Days of Napoleon,A free public domain fiction book,Herbert Strang,Fiction,free,0,329,A classic fiction work by Herbert Strang now available as a free public domain PDF. Originally published in the 19th–early 20th century this 329-page edition has been carefully formatted for modern screen and print reading.,<p>Jack Hardy: A Story of English Smugglers in the Days of Napoleon by Herbert Strang is a classic work now available as a free public domain PDF download on Bookshelf. Part of Project Gutenberg's digital library of over 70 000 free ebooks.</p>,https://www.gutenberg.org/ebooks/43334.pdf.images,https://www.gutenberg.org/cache/epub/43334/pg43334.cover.medium.jpg,Free,#1a1a2e,#f5f1e8,#f59e0b,p-rings
An introduction to nonassociative algebras,A free public domain nonassociative algebras book,Richard D. (Richard Donald) Schafer,Nonassociative algebras,free,0,278,A classic nonassociative algebras work by Richard D. (Richard Donald) Schafer now available as a free public domain PDF. Originally published in the 19th–early 20th century this 278-page edition has been carefully formatted for modern screen and print reading.,<p>An introduction to nonassociative algebras by Richard D. (Richard Donald) Schafer is a classic work now available as a free public domain PDF download on Bookshelf. Part of Project Gutenberg's digital library of over 70 000 free ebooks.</p>,https://www.gutenberg.org/files/25156/25156-pdf.pdf,https://www.gutenberg.org/cache/epub/25156/pg25156.cover.medium.jpg,Free,#0f2a43,#f5f1e8,#f59e0b,p-rings
The Life of William Ewart Gladstone Vol. 3 (of 3): 1890-1898,A free public domain biography book,John Morley,Biography,free,0,108,A classic biography work by John Morley now available as a free public domain PDF. Originally published in the 19th–early 20th century this 108-page edition has been carefully formatted for modern screen and print reading.,<p>The Life of William Ewart Gladstone Vol. 3 (of 3): 1890-1898 by John Morley is a classic work now available as a free public domain PDF download on Bookshelf. Part of Project Gutenberg's digital library of over 70 000 free ebooks.</p>,https://www.gutenberg.org/files/31711/31711-pdf.pdf,https://www.gutenberg.org/cache/epub/31711/pg31711.cover.medium.jpg,Free,#2d4a22,#f5f1e8,#f59e0b,p-rings
The Man Who Lived in a Shoe,A free public domain fiction book,Henry James Forman,Fiction,free,0,265,A classic fiction work by Henry James Forman now available as a free public domain PDF. Originally published in the 19th–early 20th century this 265-page edition has been carefully formatted for modern screen and print reading.,<p>The Man Who Lived in a Shoe by Henry James Forman is a classic work now available as a free public domain PDF download on Bookshelf. Part of Project Gutenberg's digital library of over 70 000 free ebooks.</p>,https://www.gutenberg.org/ebooks/49757.pdf.images,https://www.gutenberg.org/cache/epub/49757/pg49757.cover.medium.jpg,Free,#1a1a2e,#f5f1e8,#f59e0b,p-rings
Submarine U93,A free public domain fiction book,Charles Gilson,Fiction,free,0,153,A classic fiction work by Charles Gilson now available as a free public domain PDF. Originally published in the 19th–early 20th century this 153-page edition has been carefully formatted for modern screen and print reading.,<p>Submarine U93 by Charles Gilson is a classic work now available as a free public domain PDF download on Bookshelf. Part of Project Gutenberg's digital library of over 70 000 free ebooks.</p>,https://www.gutenberg.org/ebooks/39387.pdf.images,https://www.gutenberg.org/cache/epub/39387/pg39387.cover.medium.jpg,Free,#1a1a2e,#f5f1e8,#f59e0b,p-rings
String Quartet No. 12 in E flat major Opus 127,A free public domain art book,Ludwig van Beethoven,Art,free,0,328,A classic art work by Ludwig van Beethoven now available as a free public domain PDF. Originally published in the 19th–early 20th century this 328-page edition has been carefully formatted for modern screen and print reading.,<p>String Quartet No. 12 in E flat major Opus 127 by Ludwig van Beethoven is a classic work now available as a free public domain PDF download on Bookshelf. Part of Project Gutenberg's digital library of over 70 000 free ebooks.</p>,https://www.gutenberg.org/files/13078/13078-pdf/13078-Complete-pdf.pdf,https://www.gutenberg.org/cache/epub/13078/pg13078.cover.medium.jpg,Free,#4a2b2b,#f5f1e8,#f59e0b,p-rings
Spherical Trigonometry: For the Use of Colleges and Schools,A free public domain spherical trigonometry book,I. (Isaac) Todhunter,Spherical trigonometry,free,0,318,A classic spherical trigonometry work by I. (Isaac) Todhunter now available as a free public domain PDF. Originally published in the 19th–early 20th century this 318-page edition has been carefully formatted for modern screen and print reading.,<p>Spherical Trigonometry: For the Use of Colleges and Schools by I. (Isaac) Todhunter is a classic work now available as a free public domain PDF download on Bookshelf. Part of Project Gutenberg's digital library of over 70 000 free ebooks.</p>,https://www.gutenberg.org/files/19770/19770-pdf.pdf,https://www.gutenberg.org/cache/epub/19770/pg19770.cover.medium.jpg,Free,#0f2a43,#f5f1e8,#f59e0b,p-rings
The Duke Decides,A free public domain fiction book,Headon Hill,Fiction,free,0,264,A classic fiction work by Headon Hill now available as a free public domain PDF. Originally published in the 19th–early 20th century this 264-page edition has been carefully formatted for modern screen and print reading.,<p>The Duke Decides by Headon Hill is a classic work now available as a free public domain PDF download on Bookshelf. Part of Project Gutenberg's digital library of over 70 000 free ebooks.</p>,https://www.gutenberg.org/ebooks/37413.pdf.images,https://www.gutenberg.org/cache/epub/37413/pg37413.cover.medium.jpg,Free,#1a1a2e,#f5f1e8,#f59e0b,p-rings
The Romance of War; or The Highlanders in Spain Volume 1 (of 3),A free public domain fiction book,James Grant,Fiction,free,0,236,A classic fiction work by James Grant now available as a free public domain PDF. Originally published in the 19th–early 20th century this 236-page edition has been carefully formatted for modern screen and print reading.,<p>The Romance of War; or The Highlanders in Spain Volume 1 (of 3) by James Grant is a classic work now available as a free public domain PDF download on Bookshelf. Part of Project Gutenberg's digital library of over 70 000 free ebooks.</p>,https://www.gutenberg.org/ebooks/54918.pdf.images,https://www.gutenberg.org/cache/epub/54918/pg54918.cover.medium.jpg,Free,#1a1a2e,#f5f1e8,#f59e0b,p-rings
The Settler,A free public domain fiction book,Herman Whitaker,Fiction,free,0,200,A classic fiction work by Herman Whitaker now available as a free public domain PDF. Originally published in the 19th–early 20th century this 200-page edition has been carefully formatted for modern screen and print reading.,<p>The Settler by Herman Whitaker is a classic work now available as a free public domain PDF download on Bookshelf. Part of Project Gutenberg's digital library of over 70 000 free ebooks.</p>,https://www.gutenberg.org/ebooks/43450.pdf.images,https://www.gutenberg.org/cache/epub/43450/pg43450.cover.medium.jpg,Free,#1a1a2e,#f5f1e8,#f59e0b,p-rings
The Diary of a Freshman,A free public domain fiction book,Charles Macomb Flandrau,Fiction,free,0,287,A classic fiction work by Charles Macomb Flandrau now available as a free public domain PDF. Originally published in the 19th–early 20th century this 287-page edition has been carefully formatted for modern screen and print reading.,<p>The Diary of a Freshman by Charles Macomb Flandrau is a classic work now available as a free public domain PDF download on Bookshelf. Part of Project Gutenberg's digital library of over 70 000 free ebooks.</p>,https://www.gutenberg.org/ebooks/44888.pdf.images,https://www.gutenberg.org/cache/epub/44888/pg44888.cover.medium.jpg,Free,#1a1a2e,#f5f1e8,#f59e0b,p-rings
The Adventures of Dick Trevanion: A Story of Eighteen Hundred and Four,A free public domain fiction book,Herbert Strang,Fiction,free,0,227,A classic fiction work by Herbert Strang now available as a free public domain PDF. Originally published in the 19th–early 20th century this 227-page edition has been carefully formatted for modern screen and print reading.,<p>The Adventures of Dick Trevanion: A Story of Eighteen Hundred and Four by Herbert Strang is a classic work now available as a free public domain PDF download on Bookshelf. Part of Project Gutenberg's digital library of over 70 000 free ebooks.</p>,https://www.gutenberg.org/ebooks/39800.pdf.images,https://www.gutenberg.org/cache/epub/39800/pg39800.cover.medium.jpg,Free,#1a1a2e,#f5f1e8,#f59e0b,p-rings
The Young Marooners on the Florida Coast,A free public domain fiction book,F. R. (Francis Robert) Goulding,Fiction,free,0,315,A classic fiction work by F. R. (Francis Robert) Goulding now available as a free public domain PDF. Originally published in the 19th–early 20th century this 315-page edition has been carefully formatted for modern screen and print reading.,<p>The Young Marooners on the Florida Coast by F. R. (Francis Robert) Goulding is a classic work now available as a free public domain PDF download on Bookshelf. Part of Project Gutenberg's digital library of over 70 000 free ebooks.</p>,https://www.gutenberg.org/ebooks/42066.pdf.images,https://www.gutenberg.org/cache/epub/42066/pg42066.cover.medium.jpg,Free,#1a1a2e,#f5f1e8,#f59e0b,p-rings
The Love Chase,A free public domain fiction book,Felix Grendon,Fiction,free,0,192,A classic fiction work by Felix Grendon now available as a free public domain PDF. Originally published in the 19th–early 20th century this 192-page edition has been carefully formatted for modern screen and print reading.,<p>The Love Chase by Felix Grendon is a classic work now available as a free public domain PDF download on Bookshelf. Part of Project Gutenberg's digital library of over 70 000 free ebooks.</p>,https://www.gutenberg.org/ebooks/49632.pdf.images,https://www.gutenberg.org/cache/epub/49632/pg49632.cover.medium.jpg,Free,#1a1a2e,#f5f1e8,#f59e0b,p-rings
Elementary Illustrations of the Differential and Integral Calculus,A free public domain calculus book,Augustus De Morgan,Calculus,free,0,124,A classic calculus work by Augustus De Morgan now available as a free public domain PDF. Originally published in the 19th–early 20th century this 124-page edition has been carefully formatted for modern screen and print reading.,<p>Elementary Illustrations of the Differential and Integral Calculus by Augustus De Morgan is a classic work now available as a free public domain PDF download on Bookshelf. Part of Project Gutenberg's digital library of over 70 000 free ebooks.</p>,https://www.gutenberg.org/files/39041/39041-pdf.pdf,https://www.gutenberg.org/cache/epub/39041/pg39041.cover.medium.jpg,Free,#0f2a43,#f5f1e8,#f59e0b,p-rings
My Mamie Rose: The Story of My Regeneration,A free public domain biography book,Owen Kildare,Biography,free,0,155,A classic biography work by Owen Kildare now available as a free public domain PDF. Originally published in the 19th–early 20th century this 155-page edition has been carefully formatted for modern screen and print reading.,<p>My Mamie Rose: The Story of My Regeneration by Owen Kildare is a classic work now available as a free public domain PDF download on Bookshelf. Part of Project Gutenberg's digital library of over 70 000 free ebooks.</p>,https://www.gutenberg.org/ebooks/45684.pdf.images,https://www.gutenberg.org/cache/epub/45684/pg45684.cover.medium.jpg,Free,#2d4a22,#f5f1e8,#f59e0b,p-rings
The Golden Bough,A free public domain fiction book,George Gibbs,Fiction,free,0,242,A classic fiction work by George Gibbs now available as a free public domain PDF. Originally published in the 19th–early 20th century this 242-page edition has been carefully formatted for modern screen and print reading.,<p>The Golden Bough by George Gibbs is a classic work now available as a free public domain PDF download on Bookshelf. Part of Project Gutenberg's digital library of over 70 000 free ebooks.</p>,https://www.gutenberg.org/ebooks/41844.pdf.images,https://www.gutenberg.org/cache/epub/41844/pg41844.cover.medium.jpg,Free,#1a1a2e,#f5f1e8,#f59e0b,p-rings
The Night Club,A free public domain fiction book,Herbert George Jenkins,Fiction,free,0,211,A classic fiction work by Herbert George Jenkins now available as a free public domain PDF. Originally published in the 19th–early 20th century this 211-page edition has been carefully formatted for modern screen and print reading.,<p>The Night Club by Herbert George Jenkins is a classic work now available as a free public domain PDF download on Bookshelf. Part of Project Gutenberg's digital library of over 70 000 free ebooks.</p>,https://www.gutenberg.org/ebooks/52590.pdf.images,https://www.gutenberg.org/cache/epub/52590/pg52590.cover.medium.jpg,Free,#1a1a2e,#f5f1e8,#f59e0b,p-rings
The Story of Westminster Abbey,A free public domain westminster abbey book,Violet Brooke-Hunt,Westminster abbey,free,0,90,A classic westminster abbey work by Violet Brooke-Hunt now available as a free public domain PDF. Originally published in the 19th–early 20th century this 90-page edition has been carefully formatted for modern screen and print reading.,<p>The Story of Westminster Abbey by Violet Brooke-Hunt is a classic work now available as a free public domain PDF download on Bookshelf. Part of Project Gutenberg's digital library of over 70 000 free ebooks.</p>,https://www.gutenberg.org/ebooks/55373.pdf.images,https://www.gutenberg.org/cache/epub/55373/pg55373.cover.medium.jpg,Free,#0f2a43,#f5f1e8,#f59e0b,p-rings
Philochristus: Memoirs of a Disciple of the Lord,A free public domain fiction book,Edwin Abbott Abbott,Fiction,free,0,85,A classic fiction work by Edwin Abbott Abbott now available as a free public domain PDF. Originally published in the 19th–early 20th century this 85-page edition has been carefully formatted for modern screen and print reading.,<p>Philochristus: Memoirs of a Disciple of the Lord by Edwin Abbott Abbott is a classic work now available as a free public domain PDF download on Bookshelf. Part of Project Gutenberg's digital library of over 70 000 free ebooks.</p>,https://www.gutenberg.org/files/48843/48843-pdf.pdf,https://www.gutenberg.org/cache/epub/48843/pg48843.cover.medium.jpg,Free,#1a1a2e,#f5f1e8,#f59e0b,p-rings
The Stickit Minister's Wooing and Other Galloway Stories,A free public domain fiction book,S. R. (Samuel Rutherford) Crockett,Fiction,free,0,116,A classic fiction work by S. R. (Samuel Rutherford) Crockett now available as a free public domain PDF. Originally published in the 19th–early 20th century this 116-page edition has been carefully formatted for modern screen and print reading.,<p>The Stickit Minister's Wooing and Other Galloway Stories by S. R. (Samuel Rutherford) Crockett is a classic work now available as a free public domain PDF download on Bookshelf. Part of Project Gutenberg's digital library of over 70 000 free ebooks.</p>,https://www.gutenberg.org/ebooks/49342.pdf.images,https://www.gutenberg.org/cache/epub/49342/pg49342.cover.medium.jpg,Free,#1a1a2e,#f5f1e8,#f59e0b,p-rings
An Englishwoman's Home,A free public domain world war 1914-1918 book,Annie S. Swan,"World war, 1914-1918",free,0,149,A classic world war 1914-1918 work by Annie S. Swan now available as a free public domain PDF. Originally published in the 19th–early 20th century this 149-page edition has been carefully formatted for modern screen and print reading.,<p>An Englishwoman's Home by Annie S. Swan is a classic work now available as a free public domain PDF download on Bookshelf. Part of Project Gutenberg's digital library of over 70 000 free ebooks.</p>,https://www.gutenberg.org/ebooks/22193.pdf.images,https://www.gutenberg.org/cache/epub/22193/pg22193.cover.medium.jpg,Free,#0f2a43,#f5f1e8,#f59e0b,p-rings
History of the United States Volume 2,A free public domain history book,Elisha Benjamin Andrews,History,free,0,152,A classic history work by Elisha Benjamin Andrews now available as a free public domain PDF. Originally published in the 19th–early 20th century this 152-page edition has been carefully formatted for modern screen and print reading.,<p>History of the United States Volume 2 by Elisha Benjamin Andrews is a classic work now available as a free public domain PDF download on Bookshelf. Part of Project Gutenberg's digital library of over 70 000 free ebooks.</p>,https://www.gutenberg.org/files/22567/22567-pdf.pdf,https://www.gutenberg.org/cache/epub/22567/pg22567.cover.medium.jpg,Free,#4a3728,#f5f1e8,#f59e0b,p-rings
Stephen: A Soldier of the Cross,A free public domain fiction book,Florence Morse Kingsley,Fiction,free,0,107,A classic fiction work by Florence Morse Kingsley now available as a free public domain PDF. Originally published in the 19th–early 20th century this 107-page edition has been carefully formatted for modern screen and print reading.,<p>Stephen: A Soldier of the Cross by Florence Morse Kingsley is a classic work now available as a free public domain PDF download on Bookshelf. Part of Project Gutenberg's digital library of over 70 000 free ebooks.</p>,https://www.gutenberg.org/ebooks/41655.pdf.images,https://www.gutenberg.org/cache/epub/41655/pg41655.cover.medium.jpg,Free,#1a1a2e,#f5f1e8,#f59e0b,p-rings
A First Book in Algebra,A free public domain algebra book,Wallace C. (Wallace Clarke) Boyden,Algebra,free,0,226,A classic algebra work by Wallace C. (Wallace Clarke) Boyden now available as a free public domain PDF. Originally published in the 19th–early 20th century this 226-page edition has been carefully formatted for modern screen and print reading.,<p>A First Book in Algebra by Wallace C. (Wallace Clarke) Boyden is a classic work now available as a free public domain PDF download on Bookshelf. Part of Project Gutenberg's digital library of over 70 000 free ebooks.</p>,https://www.gutenberg.org/files/13309/13309-pdf.pdf,https://www.gutenberg.org/cache/epub/13309/pg13309.cover.medium.jpg,Free,#0f2a43,#f5f1e8,#f59e0b,p-rings
A Legacy to the Friends of Free Discussion: Principal Historical Facts and Personages of the Books Known as The Old and ,A free public domain bible book,Benjamin Offen,Bible,free,0,312,A classic bible work by Benjamin Offen now available as a free public domain PDF. Originally published in the 19th–early 20th century this 312-page edition has been carefully formatted for modern screen and print reading.,<p>A Legacy to the Friends of Free Discussion: Principal Historical Facts and Personages of the Books Known as The Old and New Testament; With Remarks on the Morality of Nature by Benjamin Offen is a classic work now available as a free public domain PDF download on Bookshelf. Part of Project Gutenberg's digital library of over 70 000 free ebooks.</p>,https://www.gutenberg.org/ebooks/39371.pdf.images,https://www.gutenberg.org/cache/epub/39371/pg39371.cover.medium.jpg,Free,#0f2a43,#f5f1e8,#f59e0b,p-rings
Semiramis: A Tale of Battle and of Love,A free public domain fiction book,Edward Peple,Fiction,free,0,157,A classic fiction work by Edward Peple now available as a free public domain PDF. Originally published in the 19th–early 20th century this 157-page edition has been carefully formatted for modern screen and print reading.,<p>Semiramis: A Tale of Battle and of Love by Edward Peple is a classic work now available as a free public domain PDF download on Bookshelf. Part of Project Gutenberg's digital library of over 70 000 free ebooks.</p>,https://www.gutenberg.org/ebooks/42822.pdf.images,https://www.gutenberg.org/cache/epub/42822/pg42822.cover.medium.jpg,Free,#1a1a2e,#f5f1e8,#f59e0b,p-rings
The Forest Schoolmaster,A free public domain fiction book,Peter Rosegger,Fiction,free,0,177,A classic fiction work by Peter Rosegger now available as a free public domain PDF. Originally published in the 19th–early 20th century this 177-page edition has been carefully formatted for modern screen and print reading.,<p>The Forest Schoolmaster by Peter Rosegger is a classic work now available as a free public domain PDF download on Bookshelf. Part of Project Gutenberg's digital library of over 70 000 free ebooks.</p>,https://www.gutenberg.org/ebooks/47168.pdf.images,https://www.gutenberg.org/cache/epub/47168/pg47168.cover.medium.jpg,Free,#1a1a2e,#f5f1e8,#f59e0b,p-rings
Letters From Rome on the Council,A free public domain popes book,Johann Joseph Ignaz von Döllinger,Popes,free,0,159,A classic popes work by Johann Joseph Ignaz von Döllinger now available as a free public domain PDF. Originally published in the 19th–early 20th century this 159-page edition has been carefully formatted for modern screen and print reading.,<p>Letters From Rome on the Council by Johann Joseph Ignaz von Döllinger is a classic work now available as a free public domain PDF download on Bookshelf. Part of Project Gutenberg's digital library of over 70 000 free ebooks.</p>,https://www.gutenberg.org/files/38116/38116-pdf.pdf,https://www.gutenberg.org/cache/epub/38116/pg38116.cover.medium.jpg,Free,#0f2a43,#f5f1e8,#f59e0b,p-rings
John Burnet of Barns: A Romance,A free public domain fiction book,John Buchan,Fiction,free,0,173,A classic fiction work by John Buchan now available as a free public domain PDF. Originally published in the 19th–early 20th century this 173-page edition has been carefully formatted for modern screen and print reading.,<p>John Burnet of Barns: A Romance by John Buchan is a classic work now available as a free public domain PDF download on Bookshelf. Part of Project Gutenberg's digital library of over 70 000 free ebooks.</p>,https://www.gutenberg.org/ebooks/40014.pdf.images,https://www.gutenberg.org/cache/epub/40014/pg40014.cover.medium.jpg,Free,#1a1a2e,#f5f1e8,#f59e0b,p-rings
Gabrielle of the Lagoon: A Romance of the South Seas,A free public domain fiction book,W. H. (William Henry) Myddleton,Fiction,free,0,240,A classic fiction work by W. H. (William Henry) Myddleton now available as a free public domain PDF. Originally published in the 19th–early 20th century this 240-page edition has been carefully formatted for modern screen and print reading.,<p>Gabrielle of the Lagoon: A Romance of the South Seas by W. H. (William Henry) Myddleton is a classic work now available as a free public domain PDF download on Bookshelf. Part of Project Gutenberg's digital library of over 70 000 free ebooks.</p>,https://www.gutenberg.org/ebooks/40614.pdf.images,https://www.gutenberg.org/cache/epub/40614/pg40614.cover.medium.jpg,Free,#1a1a2e,#f5f1e8,#f59e0b,p-rings
The Spanish brothers : $b A tale of the sixteenth century,A free public domain fiction book,Deborah Alcock,Fiction,free,0,164,A classic fiction work by Deborah Alcock now available as a free public domain PDF. Originally published in the 19th–early 20th century this 164-page edition has been carefully formatted for modern screen and print reading.,<p>The Spanish brothers : $b A tale of the sixteenth century by Deborah Alcock is a classic work now available as a free public domain PDF download on Bookshelf. Part of Project Gutenberg's digital library of over 70 000 free ebooks.</p>,https://www.gutenberg.org/ebooks/40346.pdf.images,https://www.gutenberg.org/cache/epub/40346/pg40346.cover.medium.jpg,Free,#1a1a2e,#f5f1e8,#f59e0b,p-rings
Rip Foster Rides the Gray Planet,A free public domain fiction book,Harold L. (Harold Leland) Goodwin,Fiction,free,0,251,A classic fiction work by Harold L. (Harold Leland) Goodwin now available as a free public domain PDF. Originally published in the 19th–early 20th century this 251-page edition has been carefully formatted for modern screen and print reading.,<p>Rip Foster Rides the Gray Planet by Harold L. (Harold Leland) Goodwin is a classic work now available as a free public domain PDF download on Bookshelf. Part of Project Gutenberg's digital library of over 70 000 free ebooks.</p>,https://www.gutenberg.org/files/20147/20147-pdf.pdf,https://www.gutenberg.org/cache/epub/20147/pg20147.cover.medium.jpg,Free,#1a1a2e,#f5f1e8,#f59e0b,p-rings
The Origin and Development of the Quantum Theory,A free public domain quantum theory book,Max Planck,Quantum theory,free,0,131,A classic quantum theory work by Max Planck now available as a free public domain PDF. Originally published in the 19th–early 20th century this 131-page edition has been carefully formatted for modern screen and print reading.,<p>The Origin and Development of the Quantum Theory by Max Planck is a classic work now available as a free public domain PDF download on Bookshelf. Part of Project Gutenberg's digital library of over 70 000 free ebooks.</p>,https://www.gutenberg.org/files/33663/33663-pdf.pdf,https://www.gutenberg.org/cache/epub/33663/pg33663.cover.medium.jpg,Free,#0f2a43,#f5f1e8,#f59e0b,p-rings
Lady Penelope,A free public domain fiction book,Morley Roberts,Fiction,free,0,132,A classic fiction work by Morley Roberts now available as a free public domain PDF. Originally published in the 19th–early 20th century this 132-page edition has been carefully formatted for modern screen and print reading.,<p>Lady Penelope by Morley Roberts is a classic work now available as a free public domain PDF download on Bookshelf. Part of Project Gutenberg's digital library of over 70 000 free ebooks.</p>,https://www.gutenberg.org/ebooks/45648.pdf.images,https://www.gutenberg.org/cache/epub/45648/pg45648.cover.medium.jpg,Free,#1a1a2e,#f5f1e8,#f59e0b,p-rings
The story of Kentucky,A free public domain history book,Rice S. Eubank,History,free,0,276,A classic history work by Rice S. Eubank now available as a free public domain PDF. Originally published in the 19th–early 20th century this 276-page edition has been carefully formatted for modern screen and print reading.,<p>The story of Kentucky by Rice S. Eubank is a classic work now available as a free public domain PDF download on Bookshelf. Part of Project Gutenberg's digital library of over 70 000 free ebooks.</p>,https://www.gutenberg.org/files/28239/28239-pdf.pdf,https://www.gutenberg.org/cache/epub/28239/pg28239.cover.medium.jpg,Free,#4a3728,#f5f1e8,#f59e0b,p-rings
The Ice Pilot,A free public domain fiction book,Henry Leverage,Fiction,free,0,292,A classic fiction work by Henry Leverage now available as a free public domain PDF. Originally published in the 19th–early 20th century this 292-page edition has been carefully formatted for modern screen and print reading.,<p>The Ice Pilot by Henry Leverage is a classic work now available as a free public domain PDF download on Bookshelf. Part of Project Gutenberg's digital library of over 70 000 free ebooks.</p>,https://www.gutenberg.org/ebooks/35518.pdf.images,https://www.gutenberg.org/cache/epub/35518/pg35518.cover.medium.jpg,Free,#1a1a2e,#f5f1e8,#f59e0b,p-rings
The Hammer: A Story of the Maccabean Times,A free public domain fiction book,Alfred John Church,Fiction,free,0,154,A classic fiction work by Alfred John Church now available as a free public domain PDF. Originally published in the 19th–early 20th century this 154-page edition has been carefully formatted for modern screen and print reading.,<p>The Hammer: A Story of the Maccabean Times by Alfred John Church is a classic work now available as a free public domain PDF download on Bookshelf. Part of Project Gutenberg's digital library of over 70 000 free ebooks.</p>,https://www.gutenberg.org/files/44550/44550-pdf.pdf,https://www.gutenberg.org/cache/epub/44550/pg44550.cover.medium.jpg,Free,#1a1a2e,#f5f1e8,#f59e0b,p-rings
Tales from the Works of G. A. Henty,A free public domain fiction book,G. A. (George Alfred) Henty,Fiction,free,0,249,A classic fiction work by G. A. (George Alfred) Henty now available as a free public domain PDF. Originally published in the 19th–early 20th century this 249-page edition has been carefully formatted for modern screen and print reading.,<p>Tales from the Works of G. A. Henty by G. A. (George Alfred) Henty is a classic work now available as a free public domain PDF download on Bookshelf. Part of Project Gutenberg's digital library of over 70 000 free ebooks.</p>,https://www.gutenberg.org/ebooks/53700.pdf.images,https://www.gutenberg.org/cache/epub/53700/pg53700.cover.medium.jpg,Free,#1a1a2e,#f5f1e8,#f59e0b,p-rings
Bahíyyih Khánum,A free public domain bahai faith book,Baha'i World Centre,Bahai faith,free,0,191,A classic bahai faith work by Baha'i World Centre now available as a free public domain PDF. Originally published in the 19th–early 20th century this 191-page edition has been carefully formatted for modern screen and print reading.,<p>Bahíyyih Khánum by Baha'i World Centre is a classic work now available as a free public domain PDF download on Bookshelf. Part of Project Gutenberg's digital library of over 70 000 free ebooks.</p>,https://www.gutenberg.org/files/19242/19242-pdf.pdf,https://www.gutenberg.org/cache/epub/19242/pg19242.cover.medium.jpg,Free,#0f2a43,#f5f1e8,#f59e0b,p-rings
The Tale of a Field Hospital,A free public domain medicine book,Frederick Treves,Medicine,free,0,268,A classic medicine work by Frederick Treves now available as a free public domain PDF. Originally published in the 19th–early 20th century this 268-page edition has been carefully formatted for modern screen and print reading.,<p>The Tale of a Field Hospital by Frederick Treves is a classic work now available as a free public domain PDF download on Bookshelf. Part of Project Gutenberg's digital library of over 70 000 free ebooks.</p>,https://www.gutenberg.org/ebooks/41432.pdf.images,https://www.gutenberg.org/cache/epub/41432/pg41432.cover.medium.jpg,Free,#0f2a43,#f5f1e8,#f59e0b,p-rings
Tales of the Covenanters,A free public domain fiction book,Ellen Emma Guthrie,Fiction,free,0,91,A classic fiction work by Ellen Emma Guthrie now available as a free public domain PDF. Originally published in the 19th–early 20th century this 91-page edition has been carefully formatted for modern screen and print reading.,<p>Tales of the Covenanters by Ellen Emma Guthrie is a classic work now available as a free public domain PDF download on Bookshelf. Part of Project Gutenberg's digital library of over 70 000 free ebooks.</p>,https://www.gutenberg.org/ebooks/45678.pdf.images,https://www.gutenberg.org/cache/epub/45678/pg45678.cover.medium.jpg,Free,#1a1a2e,#f5f1e8,#f59e0b,p-rings
Sons of the Morning,A free public domain fiction book,Eden Phillpotts,Fiction,free,0,292,A classic fiction work by Eden Phillpotts now available as a free public domain PDF. Originally published in the 19th–early 20th century this 292-page edition has been carefully formatted for modern screen and print reading.,<p>Sons of the Morning by Eden Phillpotts is a classic work now available as a free public domain PDF download on Bookshelf. Part of Project Gutenberg's digital library of over 70 000 free ebooks.</p>,https://www.gutenberg.org/ebooks/46857.pdf.images,https://www.gutenberg.org/cache/epub/46857/pg46857.cover.medium.jpg,Free,#1a1a2e,#f5f1e8,#f59e0b,p-rings
The Virgin in Judgment,A free public domain fiction book,Eden Phillpotts,Fiction,free,0,168,A classic fiction work by Eden Phillpotts now available as a free public domain PDF. Originally published in the 19th–early 20th century this 168-page edition has been carefully formatted for modern screen and print reading.,<p>The Virgin in Judgment by Eden Phillpotts is a classic work now available as a free public domain PDF download on Bookshelf. Part of Project Gutenberg's digital library of over 70 000 free ebooks.</p>,https://www.gutenberg.org/ebooks/46926.pdf.images,https://www.gutenberg.org/cache/epub/46926/pg46926.cover.medium.jpg,Free,#1a1a2e,#f5f1e8,#f59e0b,p-rings
Susan,A free public domain fiction book,Ernest Oldmeadow,Fiction,free,0,127,A classic fiction work by Ernest Oldmeadow now available as a free public domain PDF. Originally published in the 19th–early 20th century this 127-page edition has been carefully formatted for modern screen and print reading.,<p>Susan by Ernest Oldmeadow is a classic work now available as a free public domain PDF download on Bookshelf. Part of Project Gutenberg's digital library of over 70 000 free ebooks.</p>,https://www.gutenberg.org/ebooks/48418.pdf.images,https://www.gutenberg.org/cache/epub/48418/pg48418.cover.medium.jpg,Free,#1a1a2e,#f5f1e8,#f59e0b,p-rings
The Admiral's Daughter,A free public domain fiction book,Margaret Stuart Lane,Fiction,free,0,272,A classic fiction work by Margaret Stuart Lane now available as a free public domain PDF. Originally published in the 19th–early 20th century this 272-page edition has been carefully formatted for modern screen and print reading.,<p>The Admiral's Daughter by Margaret Stuart Lane is a classic work now available as a free public domain PDF download on Bookshelf. Part of Project Gutenberg's digital library of over 70 000 free ebooks.</p>,https://www.gutenberg.org/ebooks/53134.pdf.images,https://www.gutenberg.org/cache/epub/53134/pg53134.cover.medium.jpg,Free,#1a1a2e,#f5f1e8,#f59e0b,p-rings
The World Order of Bahá'u'lláh,A free public domain bahai faith book,Effendi Shoghi,Bahai faith,free,0,119,A classic bahai faith work by Effendi Shoghi now available as a free public domain PDF. Originally published in the 19th–early 20th century this 119-page edition has been carefully formatted for modern screen and print reading.,<p>The World Order of Bahá'u'lláh by Effendi Shoghi is a classic work now available as a free public domain PDF download on Bookshelf. Part of Project Gutenberg's digital library of over 70 000 free ebooks.</p>,https://www.gutenberg.org/files/19298/19298-pdf.pdf,https://www.gutenberg.org/cache/epub/19298/pg19298.cover.medium.jpg,Free,#0f2a43,#f5f1e8,#f59e0b,p-rings
The Egypt of the Hebrews and Herodotos,A free public domain history book,A. H. (Archibald Henry) Sayce,History,free,0,212,A classic history work by A. H. (Archibald Henry) Sayce now available as a free public domain PDF. Originally published in the 19th–early 20th century this 212-page edition has been carefully formatted for modern screen and print reading.,<p>The Egypt of the Hebrews and Herodotos by A. H. (Archibald Henry) Sayce is a classic work now available as a free public domain PDF download on Bookshelf. Part of Project Gutenberg's digital library of over 70 000 free ebooks.</p>,https://www.gutenberg.org/files/38843/38843-pdf.pdf,https://www.gutenberg.org/cache/epub/38843/pg38843.cover.medium.jpg,Free,#4a3728,#f5f1e8,#f59e0b,p-rings
Scandal : $b A novel,A free public domain fiction book,Cosmo Hamilton,Fiction,free,0,119,A classic fiction work by Cosmo Hamilton now available as a free public domain PDF. Originally published in the 19th–early 20th century this 119-page edition has been carefully formatted for modern screen and print reading.,<p>Scandal : $b A novel by Cosmo Hamilton is a classic work now available as a free public domain PDF download on Bookshelf. Part of Project Gutenberg's digital library of over 70 000 free ebooks.</p>,https://www.gutenberg.org/ebooks/50317.pdf.images,https://www.gutenberg.org/cache/epub/50317/pg50317.cover.medium.jpg,Free,#1a1a2e,#f5f1e8,#f59e0b,p-rings
Tobias o' the Light: A Story of Cape Cod,A free public domain fiction book,James A. Cooper,Fiction,free,0,284,A classic fiction work by James A. Cooper now available as a free public domain PDF. Originally published in the 19th–early 20th century this 284-page edition has been carefully formatted for modern screen and print reading.,<p>Tobias o' the Light: A Story of Cape Cod by James A. Cooper is a classic work now available as a free public domain PDF download on Bookshelf. Part of Project Gutenberg's digital library of over 70 000 free ebooks.</p>,https://www.gutenberg.org/ebooks/40104.pdf.images,https://www.gutenberg.org/cache/epub/40104/pg40104.cover.medium.jpg,Free,#1a1a2e,#f5f1e8,#f59e0b,p-rings
The Black Tortoise: Being the Strange Story of Old Frick's Diamond,A free public domain fiction book,Christian Sparre,Fiction,free,0,140,A classic fiction work by Christian Sparre now available as a free public domain PDF. Originally published in the 19th–early 20th century this 140-page edition has been carefully formatted for modern screen and print reading.,<p>The Black Tortoise: Being the Strange Story of Old Frick's Diamond by Christian Sparre is a classic work now available as a free public domain PDF download on Bookshelf. Part of Project Gutenberg's digital library of over 70 000 free ebooks.</p>,https://www.gutenberg.org/ebooks/46006.pdf.images,https://www.gutenberg.org/cache/epub/46006/pg46006.cover.medium.jpg,Free,#1a1a2e,#f5f1e8,#f59e0b,p-rings
Faery Lands of the South Seas,A free public domain travel book,James Norman Hall,Travel,free,0,192,A classic travel work by James Norman Hall now available as a free public domain PDF. Originally published in the 19th–early 20th century this 192-page edition has been carefully formatted for modern screen and print reading.,<p>Faery Lands of the South Seas by James Norman Hall is a classic work now available as a free public domain PDF download on Bookshelf. Part of Project Gutenberg's digital library of over 70 000 free ebooks.</p>,https://www.gutenberg.org/ebooks/54479.pdf.images,https://www.gutenberg.org/cache/epub/54479/pg54479.cover.medium.jpg,Free,#2b4a4a,#f5f1e8,#f59e0b,p-rings
Round the Corner in Gay Street,A free public domain fiction book,Grace S. (Grace Smith) Richmond,Fiction,free,0,301,A classic fiction work by Grace S. (Grace Smith) Richmond now available as a free public domain PDF. Originally published in the 19th–early 20th century this 301-page edition has been carefully formatted for modern screen and print reading.,<p>Round the Corner in Gay Street by Grace S. (Grace Smith) Richmond is a classic work now available as a free public domain PDF download on Bookshelf. Part of Project Gutenberg's digital library of over 70 000 free ebooks.</p>,https://www.gutenberg.org/ebooks/42370.pdf.images,https://www.gutenberg.org/cache/epub/42370/pg42370.cover.medium.jpg,Free,#1a1a2e,#f5f1e8,#f59e0b,p-rings
A Marriage Under the Terror,A free public domain fiction book,Patricia Wentworth,Fiction,free,0,240,A classic fiction work by Patricia Wentworth now available as a free public domain PDF. Originally published in the 19th–early 20th century this 240-page edition has been carefully formatted for modern screen and print reading.,<p>A Marriage Under the Terror by Patricia Wentworth is a classic work now available as a free public domain PDF download on Bookshelf. Part of Project Gutenberg's digital library of over 70 000 free ebooks.</p>,https://www.gutenberg.org/ebooks/42520.pdf.images,https://www.gutenberg.org/cache/epub/42520/pg42520.cover.medium.jpg,Free,#1a1a2e,#f5f1e8,#f59e0b,p-rings
The Forbidden Way,A free public domain fiction book,George Gibbs,Fiction,free,0,196,A classic fiction work by George Gibbs now available as a free public domain PDF. Originally published in the 19th–early 20th century this 196-page edition has been carefully formatted for modern screen and print reading.,<p>The Forbidden Way by George Gibbs is a classic work now available as a free public domain PDF download on Bookshelf. Part of Project Gutenberg's digital library of over 70 000 free ebooks.</p>,https://www.gutenberg.org/ebooks/47899.pdf.images,https://www.gutenberg.org/cache/epub/47899/pg47899.cover.medium.jpg,Free,#1a1a2e,#f5f1e8,#f59e0b,p-rings
These Twain,A free public domain fiction book,Arnold Bennett,Fiction,free,0,152,A classic fiction work by Arnold Bennett now available as a free public domain PDF. Originally published in the 19th–early 20th century this 152-page edition has been carefully formatted for modern screen and print reading.,<p>These Twain by Arnold Bennett is a classic work now available as a free public domain PDF download on Bookshelf. Part of Project Gutenberg's digital library of over 70 000 free ebooks.</p>,https://www.gutenberg.org/ebooks/40483.pdf.images,https://www.gutenberg.org/cache/epub/40483/pg40483.cover.medium.jpg,Free,#1a1a2e,#f5f1e8,#f59e0b,p-rings
Tom Wallis: A Tale of the South Seas,A free public domain fiction book,Louis Becke,Fiction,free,0,278,A classic fiction work by Louis Becke now available as a free public domain PDF. Originally published in the 19th–early 20th century this 278-page edition has been carefully formatted for modern screen and print reading.,<p>Tom Wallis: A Tale of the South Seas by Louis Becke is a classic work now available as a free public domain PDF download on Bookshelf. Part of Project Gutenberg's digital library of over 70 000 free ebooks.</p>,https://www.gutenberg.org/ebooks/40705.pdf.images,https://www.gutenberg.org/cache/epub/40705/pg40705.cover.medium.jpg,Free,#1a1a2e,#f5f1e8,#f59e0b,p-rings
Budd Boyd's Triumph; or The Boy-Firm of Fox Island,A free public domain fiction book,William P. (William Pendleton) Chipman,Fiction,free,0,309,A classic fiction work by William P. (William Pendleton) Chipman now available as a free public domain PDF. Originally published in the 19th–early 20th century this 309-page edition has been carefully formatted for modern screen and print reading.,<p>Budd Boyd's Triumph; or The Boy-Firm of Fox Island by William P. (William Pendleton) Chipman is a classic work now available as a free public domain PDF download on Bookshelf. Part of Project Gutenberg's digital library of over 70 000 free ebooks.</p>,https://www.gutenberg.org/ebooks/39732.pdf.images,https://www.gutenberg.org/cache/epub/39732/pg39732.cover.medium.jpg,Free,#1a1a2e,#f5f1e8,#f59e0b,p-rings
The Expositor's Bible: The Book of Ezekiel,A free public domain bible. ezekiel book,John Skinner,Bible. ezekiel,free,0,270,A classic bible. ezekiel work by John Skinner now available as a free public domain PDF. Originally published in the 19th–early 20th century this 270-page edition has been carefully formatted for modern screen and print reading.,<p>The Expositor's Bible: The Book of Ezekiel by John Skinner is a classic work now available as a free public domain PDF download on Bookshelf. Part of Project Gutenberg's digital library of over 70 000 free ebooks.</p>,https://www.gutenberg.org/files/46975/46975-pdf.pdf,https://www.gutenberg.org/cache/epub/46975/pg46975.cover.medium.jpg,Free,#0f2a43,#f5f1e8,#f59e0b,p-rings
The Chariot of the Flesh,A free public domain fiction book,Hedley Peek,Fiction,free,0,264,A classic fiction work by Hedley Peek now available as a free public domain PDF. Originally published in the 19th–early 20th century this 264-page edition has been carefully formatted for modern screen and print reading.,<p>The Chariot of the Flesh by Hedley Peek is a classic work now available as a free public domain PDF download on Bookshelf. Part of Project Gutenberg's digital library of over 70 000 free ebooks.</p>,https://www.gutenberg.org/ebooks/48080.pdf.images,https://www.gutenberg.org/cache/epub/48080/pg48080.cover.medium.jpg,Free,#1a1a2e,#f5f1e8,#f59e0b,p-rings
Cædwalla; or The Saxons in the Isle of Wight: A Tale,A free public domain fiction book,Frank Cowper,Fiction,free,0,306,A classic fiction work by Frank Cowper now available as a free public domain PDF. Originally published in the 19th–early 20th century this 306-page edition has been carefully formatted for modern screen and print reading.,<p>Cædwalla; or The Saxons in the Isle of Wight: A Tale by Frank Cowper is a classic work now available as a free public domain PDF download on Bookshelf. Part of Project Gutenberg's digital library of over 70 000 free ebooks.</p>,https://www.gutenberg.org/ebooks/53726.pdf.images,https://www.gutenberg.org/cache/epub/53726/pg53726.cover.medium.jpg,Free,#1a1a2e,#f5f1e8,#f59e0b,p-rings
Nisida: Celebrated Crimes,A free public domain crime book,Alexandre Dumas,Crime,free,0,179,A classic crime work by Alexandre Dumas now available as a free public domain PDF. Originally published in the 19th–early 20th century this 179-page edition has been carefully formatted for modern screen and print reading.,<p>Nisida: Celebrated Crimes by Alexandre Dumas is a classic work now available as a free public domain PDF download on Bookshelf. Part of Project Gutenberg's digital library of over 70 000 free ebooks.</p>,https://www.gutenberg.org/ebooks/2747.pdf.images,https://www.gutenberg.org/cache/epub/2747/pg2747.cover.medium.jpg,Free,#0f2a43,#f5f1e8,#f59e0b,p-rings
The Promise of World Peace,A free public domain bahai faith book,Universal House of Justice,Bahai faith,free,0,152,A classic bahai faith work by Universal House of Justice now available as a free public domain PDF. Originally published in the 19th–early 20th century this 152-page edition has been carefully formatted for modern screen and print reading.,<p>The Promise of World Peace by Universal House of Justice is a classic work now available as a free public domain PDF download on Bookshelf. Part of Project Gutenberg's digital library of over 70 000 free ebooks.</p>,https://www.gutenberg.org/files/19286/19286-pdf.pdf,https://www.gutenberg.org/cache/epub/19286/pg19286.cover.medium.jpg,Free,#0f2a43,#f5f1e8,#f59e0b,p-rings
The Hungry Heart: A Novel,A free public domain fiction book,David Graham Phillips,Fiction,free,0,80,A classic fiction work by David Graham Phillips now available as a free public domain PDF. Originally published in the 19th–early 20th century this 80-page edition has been carefully formatted for modern screen and print reading.,<p>The Hungry Heart: A Novel by David Graham Phillips is a classic work now available as a free public domain PDF download on Bookshelf. Part of Project Gutenberg's digital library of over 70 000 free ebooks.</p>,https://www.gutenberg.org/ebooks/48699.pdf.images,https://www.gutenberg.org/cache/epub/48699/pg48699.cover.medium.jpg,Free,#1a1a2e,#f5f1e8,#f59e0b,p-rings
Tom Moore: An Unhistorical Romance: Founded on Certain Happenings in the Life of Ireland's Greatest Poet,A free public domain fiction book,Theodore Burt Sayre,Fiction,free,0,282,A classic fiction work by Theodore Burt Sayre now available as a free public domain PDF. Originally published in the 19th–early 20th century this 282-page edition has been carefully formatted for modern screen and print reading.,<p>Tom Moore: An Unhistorical Romance: Founded on Certain Happenings in the Life of Ireland's Greatest Poet by Theodore Burt Sayre is a classic work now available as a free public domain PDF download on Bookshelf. Part of Project Gutenberg's digital library of over 70 000 free ebooks.</p>,https://www.gutenberg.org/ebooks/41656.pdf.images,https://www.gutenberg.org/cache/epub/41656/pg41656.cover.medium.jpg,Free,#1a1a2e,#f5f1e8,#f59e0b,p-rings
Bahá'í prayers : $b a selection of prayers revealed by Bahá'u'lláh the Báb and ‘Abdu'l-Bahá,A free public domain bahai faith book,Bahá'u'lláh,Bahai faith,free,0,93,A classic bahai faith work by Bahá'u'lláh now available as a free public domain PDF. Originally published in the 19th–early 20th century this 93-page edition has been carefully formatted for modern screen and print reading.,<p>Bahá'í prayers : $b a selection of prayers revealed by Bahá'u'lláh the Báb and ‘Abdu'l-Bahá by Bahá'u'lláh is a classic work now available as a free public domain PDF download on Bookshelf. Part of Project Gutenberg's digital library of over 70 000 free ebooks.</p>,https://www.gutenberg.org/files/19240/19240-pdf.pdf,https://www.gutenberg.org/cache/epub/19240/pg19240.cover.medium.jpg,Free,#0f2a43,#f5f1e8,#f59e0b,p-rings
The Formation of Christendom Volume II,A free public domain christianity book,T. W. (Thomas William) Allies,Christianity,free,0,151,A classic christianity work by T. W. (Thomas William) Allies now available as a free public domain PDF. Originally published in the 19th–early 20th century this 151-page edition has been carefully formatted for modern screen and print reading.,<p>The Formation of Christendom Volume II by T. W. (Thomas William) Allies is a classic work now available as a free public domain PDF download on Bookshelf. Part of Project Gutenberg's digital library of over 70 000 free ebooks.</p>,https://www.gutenberg.org/files/39873/39873-pdf.pdf,https://www.gutenberg.org/cache/epub/39873/pg39873.cover.medium.jpg,Free,#0f2a43,#f5f1e8,#f59e0b,p-rings
A Daughter of the Rich,A free public domain fiction book,Mary E. (Mary Ella) Waller,Fiction,free,0,187,A classic fiction work by Mary E. (Mary Ella) Waller now available as a free public domain PDF. Originally published in the 19th–early 20th century this 187-page edition has been carefully formatted for modern screen and print reading.,<p>A Daughter of the Rich by Mary E. (Mary Ella) Waller is a classic work now available as a free public domain PDF download on Bookshelf. Part of Project Gutenberg's digital library of over 70 000 free ebooks.</p>,https://www.gutenberg.org/ebooks/40661.pdf.images,https://www.gutenberg.org/cache/epub/40661/pg40661.cover.medium.jpg,Free,#1a1a2e,#f5f1e8,#f59e0b,p-rings
Crumps The Plain Story of a Canadian Who Went,A free public domain world war 1914-1918 book,Louis Keene,"World war, 1914-1918",free,0,220,A classic world war 1914-1918 work by Louis Keene now available as a free public domain PDF. Originally published in the 19th–early 20th century this 220-page edition has been carefully formatted for modern screen and print reading.,<p> Crumps The Plain Story of a Canadian Who Went by Louis Keene is a classic work now available as a free public domain PDF download on Bookshelf. Part of Project Gutenberg's digital library of over 70 000 free ebooks.</p>,https://www.gutenberg.org/files/28964/28964-pdf.pdf,https://www.gutenberg.org/cache/epub/28964/pg28964.cover.medium.jpg,Free,#0f2a43,#f5f1e8,#f59e0b,p-rings
Fairy Tales from Spain,A free public domain fairy tales book,José Muñoz Escámez,Fairy tales,free,0,302,A classic fairy tales work by José Muñoz Escámez now available as a free public domain PDF. Originally published in the 19th–early 20th century this 302-page edition has been carefully formatted for modern screen and print reading.,<p>Fairy Tales from Spain by José Muñoz Escámez is a classic work now available as a free public domain PDF download on Bookshelf. Part of Project Gutenberg's digital library of over 70 000 free ebooks.</p>,https://www.gutenberg.org/ebooks/43212.pdf.images,https://www.gutenberg.org/cache/epub/43212/pg43212.cover.medium.jpg,Free,#0f2a43,#f5f1e8,#f59e0b,p-rings
An Australian Girl,A free public domain fiction book,Catherine Martin,Fiction,free,0,248,A classic fiction work by Catherine Martin now available as a free public domain PDF. Originally published in the 19th–early 20th century this 248-page edition has been carefully formatted for modern screen and print reading.,<p>An Australian Girl by Catherine Martin is a classic work now available as a free public domain PDF download on Bookshelf. Part of Project Gutenberg's digital library of over 70 000 free ebooks.</p>,https://www.gutenberg.org/ebooks/50832.pdf.images,https://www.gutenberg.org/cache/epub/50832/pg50832.cover.medium.jpg,Free,#1a1a2e,#f5f1e8,#f59e0b,p-rings
The post-girl,A free public domain fiction book,Edward Charles Booth,Fiction,free,0,325,A classic fiction work by Edward Charles Booth now available as a free public domain PDF. Originally published in the 19th–early 20th century this 325-page edition has been carefully formatted for modern screen and print reading.,<p>The post-girl by Edward Charles Booth is a classic work now available as a free public domain PDF download on Bookshelf. Part of Project Gutenberg's digital library of over 70 000 free ebooks.</p>,https://www.gutenberg.org/ebooks/49856.pdf.images,https://www.gutenberg.org/cache/epub/49856/pg49856.cover.medium.jpg,Free,#1a1a2e,#f5f1e8,#f59e0b,p-rings
The Motor Maids by Rose Shamrock and Thistle,A free public domain fiction book,Katherine Stokes,Fiction,free,0,322,A classic fiction work by Katherine Stokes now available as a free public domain PDF. Originally published in the 19th–early 20th century this 322-page edition has been carefully formatted for modern screen and print reading.,<p>The Motor Maids by Rose Shamrock and Thistle by Katherine Stokes is a classic work now available as a free public domain PDF download on Bookshelf. Part of Project Gutenberg's digital library of over 70 000 free ebooks.</p>,https://www.gutenberg.org/ebooks/35857.pdf.images,https://www.gutenberg.org/cache/epub/35857/pg35857.cover.medium.jpg,Free,#1a1a2e,#f5f1e8,#f59e0b,p-rings
Blackie & Son's Illustrated Story Books Catalogue 1889,A free public domain children's books book,Blackie & Son,Children's Books,free,0,110,A classic children's books work by Blackie & Son now available as a free public domain PDF. Originally published in the 19th–early 20th century this 110-page edition has been carefully formatted for modern screen and print reading.,<p>Blackie & Son's Illustrated Story Books Catalogue 1889 by Blackie & Son is a classic work now available as a free public domain PDF download on Bookshelf. Part of Project Gutenberg's digital library of over 70 000 free ebooks.</p>,https://www.gutenberg.org/ebooks/48619.pdf.images,https://www.gutenberg.org/cache/epub/48619/pg48619.cover.medium.jpg,Free,#0f2a43,#f5f1e8,#f59e0b,p-rings
Lonesome Town,A free public domain fiction book,E. S. (Ethel Smith) Dorrance,Fiction,free,0,113,A classic fiction work by E. S. (Ethel Smith) Dorrance now available as a free public domain PDF. Originally published in the 19th–early 20th century this 113-page edition has been carefully formatted for modern screen and print reading.,<p>Lonesome Town by E. S. (Ethel Smith) Dorrance is a classic work now available as a free public domain PDF download on Bookshelf. Part of Project Gutenberg's digital library of over 70 000 free ebooks.</p>,https://www.gutenberg.org/ebooks/35819.pdf.images,https://www.gutenberg.org/cache/epub/35819/pg35819.cover.medium.jpg,Free,#1a1a2e,#f5f1e8,#f59e0b,p-rings
Carolina Lee,A free public domain fiction book,Lilian Bell,Fiction,free,0,322,A classic fiction work by Lilian Bell now available as a free public domain PDF. Originally published in the 19th–early 20th century this 322-page edition has been carefully formatted for modern screen and print reading.,<p>Carolina Lee by Lilian Bell is a classic work now available as a free public domain PDF download on Bookshelf. Part of Project Gutenberg's digital library of over 70 000 free ebooks.</p>,https://www.gutenberg.org/ebooks/40850.pdf.images,https://www.gutenberg.org/cache/epub/40850/pg40850.cover.medium.jpg,Free,#1a1a2e,#f5f1e8,#f59e0b,p-rings
The Starling: A Scottish Story,A free public domain fiction book,Norman Macleod,Fiction,free,0,155,A classic fiction work by Norman Macleod now available as a free public domain PDF. Originally published in the 19th–early 20th century this 155-page edition has been carefully formatted for modern screen and print reading.,<p>The Starling: A Scottish Story by Norman Macleod is a classic work now available as a free public domain PDF download on Bookshelf. Part of Project Gutenberg's digital library of over 70 000 free ebooks.</p>,https://www.gutenberg.org/ebooks/41989.pdf.images,https://www.gutenberg.org/cache/epub/41989/pg41989.cover.medium.jpg,Free,#1a1a2e,#f5f1e8,#f59e0b,p-rings
The motor-bus in war : $b being the impressions of an A.S.C. officer during two and a half years at the front,A free public domain world war 1914-1918 book,A. M. Beatson,"World war, 1914-1918",free,0,194,A classic world war 1914-1918 work by A. M. Beatson now available as a free public domain PDF. Originally published in the 19th–early 20th century this 194-page edition has been carefully formatted for modern screen and print reading.,<p>The motor-bus in war : $b being the impressions of an A.S.C. officer during two and a half years at the front by A. M. Beatson is a classic work now available as a free public domain PDF download on Bookshelf. Part of Project Gutenberg's digital library of over 70 000 free ebooks.</p>,https://www.gutenberg.org/ebooks/46283.pdf.images,https://www.gutenberg.org/cache/epub/46283/pg46283.cover.medium.jpg,Free,#0f2a43,#f5f1e8,#f59e0b,p-rings
The White Cat,A free public domain fiction book,Gelett Burgess,Fiction,free,0,97,A classic fiction work by Gelett Burgess now available as a free public domain PDF. Originally published in the 19th–early 20th century this 97-page edition has been carefully formatted for modern screen and print reading.,<p>The White Cat by Gelett Burgess is a classic work now available as a free public domain PDF download on Bookshelf. Part of Project Gutenberg's digital library of over 70 000 free ebooks.</p>,https://www.gutenberg.org/ebooks/48084.pdf.images,https://www.gutenberg.org/cache/epub/48084/pg48084.cover.medium.jpg,Free,#1a1a2e,#f5f1e8,#f59e0b,p-rings
The Boys of the Wireless; Or A Stirring Rescue from the Deep,A free public domain fiction book,Frank V. Webster,Fiction,free,0,267,A classic fiction work by Frank V. Webster now available as a free public domain PDF. Originally published in the 19th–early 20th century this 267-page edition has been carefully formatted for modern screen and print reading.,<p>The Boys of the Wireless; Or A Stirring Rescue from the Deep by Frank V. Webster is a classic work now available as a free public domain PDF download on Bookshelf. Part of Project Gutenberg's digital library of over 70 000 free ebooks.</p>,https://www.gutenberg.org/ebooks/35044.pdf.images,https://www.gutenberg.org/cache/epub/35044/pg35044.cover.medium.jpg,Free,#1a1a2e,#f5f1e8,#f59e0b,p-rings
Papers of the American Negro Academy. (The American Negro Academy. Occasional Papers No. 18-19.),A free public domain african americans book,Archibald Henry Grimké,African americans,free,0,119,A classic african americans work by Archibald Henry Grimké now available as a free public domain PDF. Originally published in the 19th–early 20th century this 119-page edition has been carefully formatted for modern screen and print reading.,<p>Papers of the American Negro Academy. (The American Negro Academy. Occasional Papers No. 18-19.) by Archibald Henry Grimké is a classic work now available as a free public domain PDF download on Bookshelf. Part of Project Gutenberg's digital library of over 70 000 free ebooks.</p>,https://www.gutenberg.org/ebooks/35352.pdf.images,https://www.gutenberg.org/cache/epub/35352/pg35352.cover.medium.jpg,Free,#0f2a43,#f5f1e8,#f59e0b,p-rings
Little Friend Lydia,A free public domain fiction book,Ethel Calvert Phillips,Fiction,free,0,83,A classic fiction work by Ethel Calvert Phillips now available as a free public domain PDF. Originally published in the 19th–early 20th century this 83-page edition has been carefully formatted for modern screen and print reading.,<p>Little Friend Lydia by Ethel Calvert Phillips is a classic work now available as a free public domain PDF download on Bookshelf. Part of Project Gutenberg's digital library of over 70 000 free ebooks.</p>,https://www.gutenberg.org/ebooks/38844.pdf.images,https://www.gutenberg.org/cache/epub/38844/pg38844.cover.medium.jpg,Free,#1a1a2e,#f5f1e8,#f59e0b,p-rings
Days to Remember: The British Empire in the Great War,A free public domain world war 1914-1918 book,John Buchan,"World war, 1914-1918",free,0,186,A classic world war 1914-1918 work by John Buchan now available as a free public domain PDF. Originally published in the 19th–early 20th century this 186-page edition has been carefully formatted for modern screen and print reading.,<p>Days to Remember: The British Empire in the Great War by John Buchan is a classic work now available as a free public domain PDF download on Bookshelf. Part of Project Gutenberg's digital library of over 70 000 free ebooks.</p>,https://www.gutenberg.org/ebooks/49540.pdf.images,https://www.gutenberg.org/cache/epub/49540/pg49540.cover.medium.jpg,Free,#0f2a43,#f5f1e8,#f59e0b,p-rings
Jessie Graham,A free public domain fiction book,Mary Jane Holmes,Fiction,free,0,214,A classic fiction work by Mary Jane Holmes now available as a free public domain PDF. Originally published in the 19th–early 20th century this 214-page edition has been carefully formatted for modern screen and print reading.,<p>Jessie Graham by Mary Jane Holmes is a classic work now available as a free public domain PDF download on Bookshelf. Part of Project Gutenberg's digital library of over 70 000 free ebooks.</p>,https://www.gutenberg.org/ebooks/37476.pdf.images,https://www.gutenberg.org/cache/epub/37476/pg37476.cover.medium.jpg,Free,#1a1a2e,#f5f1e8,#f59e0b,p-rings
The Family at Misrule,A free public domain fiction book,Ethel Turner,Fiction,free,0,217,A classic fiction work by Ethel Turner now available as a free public domain PDF. Originally published in the 19th–early 20th century this 217-page edition has been carefully formatted for modern screen and print reading.,<p>The Family at Misrule by Ethel Turner is a classic work now available as a free public domain PDF download on Bookshelf. Part of Project Gutenberg's digital library of over 70 000 free ebooks.</p>,https://www.gutenberg.org/ebooks/48304.pdf.images,https://www.gutenberg.org/cache/epub/48304/pg48304.cover.medium.jpg,Free,#1a1a2e,#f5f1e8,#f59e0b,p-rings
Voices; Birth-Marks; The Man and the Elephant,A free public domain fiction book,Mathew Joseph Holt,Fiction,free,0,126,A classic fiction work by Mathew Joseph Holt now available as a free public domain PDF. Originally published in the 19th–early 20th century this 126-page edition has been carefully formatted for modern screen and print reading.,<p>Voices; Birth-Marks; The Man and the Elephant by Mathew Joseph Holt is a classic work now available as a free public domain PDF download on Bookshelf. Part of Project Gutenberg's digital library of over 70 000 free ebooks.</p>,https://www.gutenberg.org/ebooks/35694.pdf.images,https://www.gutenberg.org/cache/epub/35694/pg35694.cover.medium.jpg,Free,#1a1a2e,#f5f1e8,#f59e0b,p-rings
Children of the Dear Cotswolds,A free public domain fiction book,L. Allen (Lizzie Allen) Harker,Fiction,free,0,314,A classic fiction work by L. Allen (Lizzie Allen) Harker now available as a free public domain PDF. Originally published in the 19th–early 20th century this 314-page edition has been carefully formatted for modern screen and print reading.,<p>Children of the Dear Cotswolds by L. Allen (Lizzie Allen) Harker is a classic work now available as a free public domain PDF download on Bookshelf. Part of Project Gutenberg's digital library of over 70 000 free ebooks.</p>,https://www.gutenberg.org/ebooks/46548.pdf.images,https://www.gutenberg.org/cache/epub/46548/pg46548.cover.medium.jpg,Free,#1a1a2e,#f5f1e8,#f59e0b,p-rings
The Heart of the Red Firs: A Story of the Pacific Northwest,A free public domain fiction book,Ada Woodruff Anderson,Fiction,free,0,133,A classic fiction work by Ada Woodruff Anderson now available as a free public domain PDF. Originally published in the 19th–early 20th century this 133-page edition has been carefully formatted for modern screen and print reading.,<p>The Heart of the Red Firs: A Story of the Pacific Northwest by Ada Woodruff Anderson is a classic work now available as a free public domain PDF download on Bookshelf. Part of Project Gutenberg's digital library of over 70 000 free ebooks.</p>,https://www.gutenberg.org/ebooks/48644.pdf.images,https://www.gutenberg.org/cache/epub/48644/pg48644.cover.medium.jpg,Free,#1a1a2e,#f5f1e8,#f59e0b,p-rings
Plane Geometry,A free public domain geometry plane book,G. A. (George Albert) Wentworth,"Geometry, plane",free,0,109,A classic geometry plane work by G. A. (George Albert) Wentworth now available as a free public domain PDF. Originally published in the 19th–early 20th century this 109-page edition has been carefully formatted for modern screen and print reading.,<p>Plane Geometry by G. A. (George Albert) Wentworth is a classic work now available as a free public domain PDF download on Bookshelf. Part of Project Gutenberg's digital library of over 70 000 free ebooks.</p>,https://www.gutenberg.org/files/33063/33063-pdf.pdf,https://www.gutenberg.org/cache/epub/33063/pg33063.cover.medium.jpg,Free,#0f2a43,#f5f1e8,#f59e0b,p-rings
The city of beautiful nonsense,A free public domain fiction book,E. Temple (Ernest Temple) Thurston,Fiction,free,0,280,A classic fiction work by E. Temple (Ernest Temple) Thurston now available as a free public domain PDF. Originally published in the 19th–early 20th century this 280-page edition has been carefully formatted for modern screen and print reading.,<p>The city of beautiful nonsense by E. Temple (Ernest Temple) Thurston is a classic work now available as a free public domain PDF download on Bookshelf. Part of Project Gutenberg's digital library of over 70 000 free ebooks.</p>,https://www.gutenberg.org/ebooks/41752.pdf.images,https://www.gutenberg.org/cache/epub/41752/pg41752.cover.medium.jpg,Free,#1a1a2e,#f5f1e8,#f59e0b,p-rings
The tale of Reddy Woodpecker,A free public domain fiction book,Arthur Scott Bailey,Fiction,free,0,234,A classic fiction work by Arthur Scott Bailey now available as a free public domain PDF. Originally published in the 19th–early 20th century this 234-page edition has been carefully formatted for modern screen and print reading.,<p>The tale of Reddy Woodpecker by Arthur Scott Bailey is a classic work now available as a free public domain PDF download on Bookshelf. Part of Project Gutenberg's digital library of over 70 000 free ebooks.</p>,https://www.gutenberg.org/ebooks/43447.pdf.images,https://www.gutenberg.org/cache/epub/43447/pg43447.cover.medium.jpg,Free,#1a1a2e,#f5f1e8,#f59e0b,p-rings
The Girls of Silver Spur Ranch,A free public domain fiction book,Grace MacGowan Cooke,Fiction,free,0,147,A classic fiction work by Grace MacGowan Cooke now available as a free public domain PDF. Originally published in the 19th–early 20th century this 147-page edition has been carefully formatted for modern screen and print reading.,<p>The Girls of Silver Spur Ranch by Grace MacGowan Cooke is a classic work now available as a free public domain PDF download on Bookshelf. Part of Project Gutenberg's digital library of over 70 000 free ebooks.</p>,https://www.gutenberg.org/ebooks/44576.pdf.images,https://www.gutenberg.org/cache/epub/44576/pg44576.cover.medium.jpg,Free,#1a1a2e,#f5f1e8,#f59e0b,p-rings
The Wonder-Child: An Australian Story,A free public domain fiction book,Ethel Turner,Fiction,free,0,319,A classic fiction work by Ethel Turner now available as a free public domain PDF. Originally published in the 19th–early 20th century this 319-page edition has been carefully formatted for modern screen and print reading.,<p>The Wonder-Child: An Australian Story by Ethel Turner is a classic work now available as a free public domain PDF download on Bookshelf. Part of Project Gutenberg's digital library of over 70 000 free ebooks.</p>,https://www.gutenberg.org/ebooks/45683.pdf.images,https://www.gutenberg.org/cache/epub/45683/pg45683.cover.medium.jpg,Free,#1a1a2e,#f5f1e8,#f59e0b,p-rings
Billy Bunny and Daddy Fox,A free public domain fiction book,David Cory,Fiction,free,0,235,A classic fiction work by David Cory now available as a free public domain PDF. Originally published in the 19th–early 20th century this 235-page edition has been carefully formatted for modern screen and print reading.,<p>Billy Bunny and Daddy Fox by David Cory is a classic work now available as a free public domain PDF download on Bookshelf. Part of Project Gutenberg's digital library of over 70 000 free ebooks.</p>,https://www.gutenberg.org/ebooks/35090.pdf.images,https://www.gutenberg.org/cache/epub/35090/pg35090.cover.medium.jpg,Free,#1a1a2e,#f5f1e8,#f59e0b,p-rings
The Northfield Tragedy; or the Robber's Raid: A Thrilling Narrative; A history of the remarkable attempt to rob the bank,A free public domain history book,J. H. (Joseph Have) Hanson,History,free,0,179,A classic history work by J. H. (Joseph Have) Hanson now available as a free public domain PDF. Originally published in the 19th–early 20th century this 179-page edition has been carefully formatted for modern screen and print reading.,<p>The Northfield Tragedy; or the Robber's Raid: A Thrilling Narrative; A history of the remarkable attempt to rob the bank at Northfield Minnesota; the Cold-Blooded Murder of the Brave Cashier and an Inoffensive Citizen. The Slaying of Two of the Brigands. The Wonderful Robber Hunt and Capture Graphically Described. Biographies of the Victims the Captors & the Notorious Younger and James Gang of Desperadoes by J. H. (Joseph Have) Hanson is a classic work now available as a free public domain PDF download on Bookshelf. Part of Project Gutenberg's digital library of over 70 000 free ebooks.</p>,https://www.gutenberg.org/files/44609/44609-pdf.pdf,https://www.gutenberg.org/cache/epub/44609/pg44609.cover.medium.jpg,Free,#4a3728,#f5f1e8,#f59e0b,p-rings
The Old Dominion,A free public domain fiction book,Mary Johnston,Fiction,free,0,226,A classic fiction work by Mary Johnston now available as a free public domain PDF. Originally published in the 19th–early 20th century this 226-page edition has been carefully formatted for modern screen and print reading.,<p>The Old Dominion by Mary Johnston is a classic work now available as a free public domain PDF download on Bookshelf. Part of Project Gutenberg's digital library of over 70 000 free ebooks.</p>,https://www.gutenberg.org/ebooks/48258.pdf.images,https://www.gutenberg.org/cache/epub/48258/pg48258.cover.medium.jpg,Free,#1a1a2e,#f5f1e8,#f59e0b,p-rings
String Quartet No. 04 in C minor Opus 18,A free public domain art book,Ludwig van Beethoven,Art,free,0,248,A classic art work by Ludwig van Beethoven now available as a free public domain PDF. Originally published in the 19th–early 20th century this 248-page edition has been carefully formatted for modern screen and print reading.,<p>String Quartet No. 04 in C minor Opus 18 by Ludwig van Beethoven is a classic work now available as a free public domain PDF download on Bookshelf. Part of Project Gutenberg's digital library of over 70 000 free ebooks.</p>,https://www.gutenberg.org/files/12695/12695-pdf/12695-complete.pdf,https://www.gutenberg.org/cache/epub/12695/pg12695.cover.medium.jpg,Free,#4a2b2b,#f5f1e8,#f59e0b,p-rings
Billie Bradley and Her Classmates; Or The Secret of the Locked Tower,A free public domain fiction book,Janet D. Wheeler,Fiction,free,0,324,A classic fiction work by Janet D. Wheeler now available as a free public domain PDF. Originally published in the 19th–early 20th century this 324-page edition has been carefully formatted for modern screen and print reading.,<p>Billie Bradley and Her Classmates; Or The Secret of the Locked Tower by Janet D. Wheeler is a classic work now available as a free public domain PDF download on Bookshelf. Part of Project Gutenberg's digital library of over 70 000 free ebooks.</p>,https://www.gutenberg.org/ebooks/40586.pdf.images,https://www.gutenberg.org/cache/epub/40586/pg40586.cover.medium.jpg,Free,#1a1a2e,#f5f1e8,#f59e0b,p-rings
Prayers and Meditations,A free public domain bahai faith book,Bahá'u'lláh,Bahai faith,free,0,320,A classic bahai faith work by Bahá'u'lláh now available as a free public domain PDF. Originally published in the 19th–early 20th century this 320-page edition has been carefully formatted for modern screen and print reading.,<p>Prayers and Meditations by Bahá'u'lláh is a classic work now available as a free public domain PDF download on Bookshelf. Part of Project Gutenberg's digital library of over 70 000 free ebooks.</p>,https://www.gutenberg.org/files/16984/16984-pdf.pdf,https://www.gutenberg.org/cache/epub/16984/pg16984.cover.medium.jpg,Free,#0f2a43,#f5f1e8,#f59e0b,p-rings
Danger! A True History of a Great City's Wiles and Temptations: The Veil Lifted and Light Thrown on Crime and its Causes,A free public domain crime book,William F. Howe,Crime,free,0,132,A classic crime work by William F. Howe now available as a free public domain PDF. Originally published in the 19th–early 20th century this 132-page edition has been carefully formatted for modern screen and print reading.,<p>Danger! A True History of a Great City's Wiles and Temptations: The Veil Lifted and Light Thrown on Crime and its Causes and Criminals and their Haunts. Facts and Disclosures. by William F. Howe is a classic work now available as a free public domain PDF download on Bookshelf. Part of Project Gutenberg's digital library of over 70 000 free ebooks.</p>,https://www.gutenberg.org/files/24717/24717-pdf.pdf,https://www.gutenberg.org/cache/epub/24717/pg24717.cover.medium.jpg,Free,#0f2a43,#f5f1e8,#f59e0b,p-rings
Historic Tales: The Romance of Reality. Vol. 03 (of 15) Spanish American,A free public domain history book,Charles Morris,History,free,0,119,A classic history work by Charles Morris now available as a free public domain PDF. Originally published in the 19th–early 20th century this 119-page edition has been carefully formatted for modern screen and print reading.,<p>Historic Tales: The Romance of Reality. Vol. 03 (of 15) Spanish American by Charles Morris is a classic work now available as a free public domain PDF download on Bookshelf. Part of Project Gutenberg's digital library of over 70 000 free ebooks.</p>,https://www.gutenberg.org/files/19503/19503-pdf.pdf,https://www.gutenberg.org/cache/epub/19503/pg19503.cover.medium.jpg,Free,#4a3728,#f5f1e8,#f59e0b,p-rings
The First Steps in Algebra,A free public domain algebra book,G. A. (George Albert) Wentworth,Algebra,free,0,219,A classic algebra work by G. A. (George Albert) Wentworth now available as a free public domain PDF. Originally published in the 19th–early 20th century this 219-page edition has been carefully formatted for modern screen and print reading.,<p>The First Steps in Algebra by G. A. (George Albert) Wentworth is a classic work now available as a free public domain PDF download on Bookshelf. Part of Project Gutenberg's digital library of over 70 000 free ebooks.</p>,https://www.gutenberg.org/files/36670/36670-pdf.pdf,https://www.gutenberg.org/cache/epub/36670/pg36670.cover.medium.jpg,Free,#0f2a43,#f5f1e8,#f59e0b,p-rings
Tarnished Silver,A free public domain fiction book,Mary Frances Outram,Fiction,free,0,304,A classic fiction work by Mary Frances Outram now available as a free public domain PDF. Originally published in the 19th–early 20th century this 304-page edition has been carefully formatted for modern screen and print reading.,<p>Tarnished Silver by Mary Frances Outram is a classic work now available as a free public domain PDF download on Bookshelf. Part of Project Gutenberg's digital library of over 70 000 free ebooks.</p>,https://www.gutenberg.org/ebooks/43318.pdf.images,https://www.gutenberg.org/cache/epub/43318/pg43318.cover.medium.jpg,Free,#1a1a2e,#f5f1e8,#f59e0b,p-rings
Hector Graeme,A free public domain fiction book,Evelyn Brentwood,Fiction,free,0,127,A classic fiction work by Evelyn Brentwood now available as a free public domain PDF. Originally published in the 19th–early 20th century this 127-page edition has been carefully formatted for modern screen and print reading.,<p>Hector Graeme by Evelyn Brentwood is a classic work now available as a free public domain PDF download on Bookshelf. Part of Project Gutenberg's digital library of over 70 000 free ebooks.</p>,https://www.gutenberg.org/ebooks/46833.pdf.images,https://www.gutenberg.org/cache/epub/46833/pg46833.cover.medium.jpg,Free,#1a1a2e,#f5f1e8,#f59e0b,p-rings
Experience,A free public domain fiction book,Catherine (Catherine M.) Cotton,Fiction,free,0,328,A classic fiction work by Catherine (Catherine M.) Cotton now available as a free public domain PDF. Originally published in the 19th–early 20th century this 328-page edition has been carefully formatted for modern screen and print reading.,<p>Experience by Catherine (Catherine M.) Cotton is a classic work now available as a free public domain PDF download on Bookshelf. Part of Project Gutenberg's digital library of over 70 000 free ebooks.</p>,https://www.gutenberg.org/ebooks/49400.pdf.images,https://www.gutenberg.org/cache/epub/49400/pg49400.cover.medium.jpg,Free,#1a1a2e,#f5f1e8,#f59e0b,p-rings
Some Irish Yesterdays,A free public domain ireland book,E. Oe. (Edith Oenone) Somerville,Ireland,free,0,173,A classic ireland work by E. Oe. (Edith Oenone) Somerville now available as a free public domain PDF. Originally published in the 19th–early 20th century this 173-page edition has been carefully formatted for modern screen and print reading.,<p>Some Irish Yesterdays by E. Oe. (Edith Oenone) Somerville is a classic work now available as a free public domain PDF download on Bookshelf. Part of Project Gutenberg's digital library of over 70 000 free ebooks.</p>,https://www.gutenberg.org/ebooks/53348.pdf.images,https://www.gutenberg.org/cache/epub/53348/pg53348.cover.medium.jpg,Free,#0f2a43,#f5f1e8,#f59e0b,p-rings
The Mormon Menace: The Confessions of John Doyle Lee Danite,A free public domain history book,Alfred Henry Lewis,History,free,0,232,A classic history work by Alfred Henry Lewis now available as a free public domain PDF. Originally published in the 19th–early 20th century this 232-page edition has been carefully formatted for modern screen and print reading.,<p>The Mormon Menace: The Confessions of John Doyle Lee Danite by Alfred Henry Lewis is a classic work now available as a free public domain PDF download on Bookshelf. Part of Project Gutenberg's digital library of over 70 000 free ebooks.</p>,https://www.gutenberg.org/files/23519/23519-pdf.pdf,https://www.gutenberg.org/cache/epub/23519/pg23519.cover.medium.jpg,Free,#4a3728,#f5f1e8,#f59e0b,p-rings
The Summons of the Lord of Hosts,A free public domain bahai faith book,Bahá'u'lláh,Bahai faith,free,0,119,A classic bahai faith work by Bahá'u'lláh now available as a free public domain PDF. Originally published in the 19th–early 20th century this 119-page edition has been carefully formatted for modern screen and print reading.,<p>The Summons of the Lord of Hosts by Bahá'u'lláh is a classic work now available as a free public domain PDF download on Bookshelf. Part of Project Gutenberg's digital library of over 70 000 free ebooks.</p>,https://www.gutenberg.org/files/17309/17309-pdf.pdf,https://www.gutenberg.org/cache/epub/17309/pg17309.cover.medium.jpg,Free,#0f2a43,#f5f1e8,#f59e0b,p-rings
If Youth but Knew!,A free public domain fiction book,Egerton Castle,Fiction,free,0,243,A classic fiction work by Egerton Castle now available as a free public domain PDF. Originally published in the 19th–early 20th century this 243-page edition has been carefully formatted for modern screen and print reading.,<p> If Youth but Knew! by Egerton Castle is a classic work now available as a free public domain PDF download on Bookshelf. Part of Project Gutenberg's digital library of over 70 000 free ebooks.</p>,https://www.gutenberg.org/ebooks/44286.pdf.images,https://www.gutenberg.org/cache/epub/44286/pg44286.cover.medium.jpg,Free,#1a1a2e,#f5f1e8,#f59e0b,p-rings
The Robber Baron of Bedford Castle,A free public domain fiction book,A. J. Foster,Fiction,free,0,146,A classic fiction work by A. J. Foster now available as a free public domain PDF. Originally published in the 19th–early 20th century this 146-page edition has been carefully formatted for modern screen and print reading.,<p>The Robber Baron of Bedford Castle by A. J. Foster is a classic work now available as a free public domain PDF download on Bookshelf. Part of Project Gutenberg's digital library of over 70 000 free ebooks.</p>,https://www.gutenberg.org/ebooks/44374.pdf.images,https://www.gutenberg.org/cache/epub/44374/pg44374.cover.medium.jpg,Free,#1a1a2e,#f5f1e8,#f59e0b,p-rings
Mam'selle Jo,A free public domain fiction book,Harriet T. (Harriet Theresa) Comstock,Fiction,free,0,311,A classic fiction work by Harriet T. (Harriet Theresa) Comstock now available as a free public domain PDF. Originally published in the 19th–early 20th century this 311-page edition has been carefully formatted for modern screen and print reading.,<p>Mam'selle Jo by Harriet T. (Harriet Theresa) Comstock is a classic work now available as a free public domain PDF download on Bookshelf. Part of Project Gutenberg's digital library of over 70 000 free ebooks.</p>,https://www.gutenberg.org/ebooks/49361.pdf.images,https://www.gutenberg.org/cache/epub/49361/pg49361.cover.medium.jpg,Free,#1a1a2e,#f5f1e8,#f59e0b,p-rings
The Gold Kloof,A free public domain fiction book,H. A. (Henry Anderson) Bryden,Fiction,free,0,250,A classic fiction work by H. A. (Henry Anderson) Bryden now available as a free public domain PDF. Originally published in the 19th–early 20th century this 250-page edition has been carefully formatted for modern screen and print reading.,<p>The Gold Kloof by H. A. (Henry Anderson) Bryden is a classic work now available as a free public domain PDF download on Bookshelf. Part of Project Gutenberg's digital library of over 70 000 free ebooks.</p>,https://www.gutenberg.org/ebooks/43114.pdf.images,https://www.gutenberg.org/cache/epub/43114/pg43114.cover.medium.jpg,Free,#1a1a2e,#f5f1e8,#f59e0b,p-rings
Insurgent Mexico,A free public domain history book,John Reed,History,free,0,327,A classic history work by John Reed now available as a free public domain PDF. Originally published in the 19th–early 20th century this 327-page edition has been carefully formatted for modern screen and print reading.,<p>Insurgent Mexico by John Reed is a classic work now available as a free public domain PDF download on Bookshelf. Part of Project Gutenberg's digital library of over 70 000 free ebooks.</p>,https://www.gutenberg.org/ebooks/48108.pdf.images,https://www.gutenberg.org/cache/epub/48108/pg48108.cover.medium.jpg,Free,#4a3728,#f5f1e8,#f59e0b,p-rings
The Cruise of the Dream Ship,A free public domain travel book,Ralph Stock,Travel,free,0,243,A classic travel work by Ralph Stock now available as a free public domain PDF. Originally published in the 19th–early 20th century this 243-page edition has been carefully formatted for modern screen and print reading.,<p>The Cruise of the Dream Ship by Ralph Stock is a classic work now available as a free public domain PDF download on Bookshelf. Part of Project Gutenberg's digital library of over 70 000 free ebooks.</p>,https://www.gutenberg.org/ebooks/54533.pdf.images,https://www.gutenberg.org/cache/epub/54533/pg54533.cover.medium.jpg,Free,#2b4a4a,#f5f1e8,#f59e0b,p-rings
The Lost Cabin Mine,A free public domain fiction book,Frederick Niven,Fiction,free,0,242,A classic fiction work by Frederick Niven now available as a free public domain PDF. Originally published in the 19th–early 20th century this 242-page edition has been carefully formatted for modern screen and print reading.,<p>The Lost Cabin Mine by Frederick Niven is a classic work now available as a free public domain PDF download on Bookshelf. Part of Project Gutenberg's digital library of over 70 000 free ebooks.</p>,https://www.gutenberg.org/ebooks/43975.pdf.images,https://www.gutenberg.org/cache/epub/43975/pg43975.cover.medium.jpg,Free,#1a1a2e,#f5f1e8,#f59e0b,p-rings
The Murder of Delicia,A free public domain fiction book,Marie Corelli,Fiction,free,0,171,A classic fiction work by Marie Corelli now available as a free public domain PDF. Originally published in the 19th–early 20th century this 171-page edition has been carefully formatted for modern screen and print reading.,<p>The Murder of Delicia by Marie Corelli is a classic work now available as a free public domain PDF download on Bookshelf. Part of Project Gutenberg's digital library of over 70 000 free ebooks.</p>,https://www.gutenberg.org/ebooks/53097.pdf.images,https://www.gutenberg.org/cache/epub/53097/pg53097.cover.medium.jpg,Free,#1a1a2e,#f5f1e8,#f59e0b,p-rings
Stories of the Scottish Border,A free public domain history book,William Platt,History,free,0,156,A classic history work by William Platt now available as a free public domain PDF. Originally published in the 19th–early 20th century this 156-page edition has been carefully formatted for modern screen and print reading.,<p>Stories of the Scottish Border by William Platt is a classic work now available as a free public domain PDF download on Bookshelf. Part of Project Gutenberg's digital library of over 70 000 free ebooks.</p>,https://www.gutenberg.org/ebooks/38845.pdf.images,https://www.gutenberg.org/cache/epub/38845/pg38845.cover.medium.jpg,Free,#4a3728,#f5f1e8,#f59e0b,p-rings
The Kitáb-i-Íqán,A free public domain bahai faith book,Bahá'u'lláh,Bahai faith,free,0,250,A classic bahai faith work by Bahá'u'lláh now available as a free public domain PDF. Originally published in the 19th–early 20th century this 250-page edition has been carefully formatted for modern screen and print reading.,<p>The Kitáb-i-Íqán by Bahá'u'lláh is a classic work now available as a free public domain PDF download on Bookshelf. Part of Project Gutenberg's digital library of over 70 000 free ebooks.</p>,https://www.gutenberg.org/files/16983/16983-pdf.pdf,https://www.gutenberg.org/cache/epub/16983/pg16983.cover.medium.jpg,Free,#0f2a43,#f5f1e8,#f59e0b,p-rings
The Historical Evidence for the Virgin Birth,A free public domain bible. gospels book,Vincent Taylor,Bible. gospels,free,0,289,A classic bible. gospels work by Vincent Taylor now available as a free public domain PDF. Originally published in the 19th–early 20th century this 289-page edition has been carefully formatted for modern screen and print reading.,<p>The Historical Evidence for the Virgin Birth by Vincent Taylor is a classic work now available as a free public domain PDF download on Bookshelf. Part of Project Gutenberg's digital library of over 70 000 free ebooks.</p>,https://www.gutenberg.org/files/54858/54858-pdf.pdf,https://www.gutenberg.org/cache/epub/54858/pg54858.cover.medium.jpg,Free,#0f2a43,#f5f1e8,#f59e0b,p-rings
God and the King,A free public domain fiction book,Marjorie Bowen,Fiction,free,0,157,A classic fiction work by Marjorie Bowen now available as a free public domain PDF. Originally published in the 19th–early 20th century this 157-page edition has been carefully formatted for modern screen and print reading.,<p>God and the King by Marjorie Bowen is a classic work now available as a free public domain PDF download on Bookshelf. Part of Project Gutenberg's digital library of over 70 000 free ebooks.</p>,https://www.gutenberg.org/ebooks/42521.pdf.images,https://www.gutenberg.org/cache/epub/42521/pg42521.cover.medium.jpg,Free,#1a1a2e,#f5f1e8,#f59e0b,p-rings
The Winepress,A free public domain fiction book,Christine Beals,Fiction,free,0,269,A classic fiction work by Christine Beals now available as a free public domain PDF. Originally published in the 19th–early 20th century this 269-page edition has been carefully formatted for modern screen and print reading.,<p>The Winepress by Christine Beals is a classic work now available as a free public domain PDF download on Bookshelf. Part of Project Gutenberg's digital library of over 70 000 free ebooks.</p>,https://www.gutenberg.org/ebooks/45248.pdf.images,https://www.gutenberg.org/cache/epub/45248/pg45248.cover.medium.jpg,Free,#1a1a2e,#f5f1e8,#f59e0b,p-rings
Lena Graham,A free public domain fiction book,Cecilia Selby Lowndes,Fiction,free,0,261,A classic fiction work by Cecilia Selby Lowndes now available as a free public domain PDF. Originally published in the 19th–early 20th century this 261-page edition has been carefully formatted for modern screen and print reading.,<p>Lena Graham by Cecilia Selby Lowndes is a classic work now available as a free public domain PDF download on Bookshelf. Part of Project Gutenberg's digital library of over 70 000 free ebooks.</p>,https://www.gutenberg.org/ebooks/43793.pdf.images,https://www.gutenberg.org/cache/epub/43793/pg43793.cover.medium.jpg,Free,#1a1a2e,#f5f1e8,#f59e0b,p-rings
An Appeal to the People in Behalf of Their Rights as Authorized Interpreters of the Bible,A free public domain philosophy book,Catharine Esther Beecher,Philosophy,free,0,125,A classic philosophy work by Catharine Esther Beecher now available as a free public domain PDF. Originally published in the 19th–early 20th century this 125-page edition has been carefully formatted for modern screen and print reading.,<p>An Appeal to the People in Behalf of Their Rights as Authorized Interpreters of the Bible by Catharine Esther Beecher is a classic work now available as a free public domain PDF download on Bookshelf. Part of Project Gutenberg's digital library of over 70 000 free ebooks.</p>,https://www.gutenberg.org/files/56354/56354-pdf.pdf,https://www.gutenberg.org/cache/epub/56354/pg56354.cover.medium.jpg,Free,#3d2b4a,#f5f1e8,#f59e0b,p-rings
String Quartet No. 05 in A major Opus 18,A free public domain art book,Ludwig van Beethoven,Art,free,0,268,A classic art work by Ludwig van Beethoven now available as a free public domain PDF. Originally published in the 19th–early 20th century this 268-page edition has been carefully formatted for modern screen and print reading.,<p>String Quartet No. 05 in A major Opus 18 by Ludwig van Beethoven is a classic work now available as a free public domain PDF download on Bookshelf. Part of Project Gutenberg's digital library of over 70 000 free ebooks.</p>,https://www.gutenberg.org/files/11001/11001-pdf/11001-Complete.pdf,https://www.gutenberg.org/cache/epub/11001/pg11001.cover.medium.jpg,Free,#4a2b2b,#f5f1e8,#f59e0b,p-rings
The Adventures of Sammy Jay,A free public domain fiction book,Thornton W. (Thornton Waldo) Burgess,Fiction,free,0,329,A classic fiction work by Thornton W. (Thornton Waldo) Burgess now available as a free public domain PDF. Originally published in the 19th–early 20th century this 329-page edition has been carefully formatted for modern screen and print reading.,<p>The Adventures of Sammy Jay by Thornton W. (Thornton Waldo) Burgess is a classic work now available as a free public domain PDF download on Bookshelf. Part of Project Gutenberg's digital library of over 70 000 free ebooks.</p>,https://www.gutenberg.org/ebooks/43596.pdf.images,https://www.gutenberg.org/cache/epub/43596/pg43596.cover.medium.jpg,Free,#1a1a2e,#f5f1e8,#f59e0b,p-rings
Girl Alone,A free public domain fiction book,Anne Austin,Fiction,free,0,130,A classic fiction work by Anne Austin now available as a free public domain PDF. Originally published in the 19th–early 20th century this 130-page edition has been carefully formatted for modern screen and print reading.,<p>Girl Alone by Anne Austin is a classic work now available as a free public domain PDF download on Bookshelf. Part of Project Gutenberg's digital library of over 70 000 free ebooks.</p>,https://www.gutenberg.org/ebooks/35077.pdf.images,https://www.gutenberg.org/cache/epub/35077/pg35077.cover.medium.jpg,Free,#1a1a2e,#f5f1e8,#f59e0b,p-rings
A Trip to Mars,A free public domain fiction book,Frank Aubrey,Fiction,free,0,190,A classic fiction work by Frank Aubrey now available as a free public domain PDF. Originally published in the 19th–early 20th century this 190-page edition has been carefully formatted for modern screen and print reading.,<p>A Trip to Mars by Frank Aubrey is a classic work now available as a free public domain PDF download on Bookshelf. Part of Project Gutenberg's digital library of over 70 000 free ebooks.</p>,https://www.gutenberg.org/ebooks/44534.pdf.images,https://www.gutenberg.org/cache/epub/44534/pg44534.cover.medium.jpg,Free,#1a1a2e,#f5f1e8,#f59e0b,p-rings
Romanesque Art in Southern Manche: Album,A free public domain travel book,Marie Lebert,Travel,free,0,232,A classic travel work by Marie Lebert now available as a free public domain PDF. Originally published in the 19th–early 20th century this 232-page edition has been carefully formatted for modern screen and print reading.,<p>Romanesque Art in Southern Manche: Album by Marie Lebert is a classic work now available as a free public domain PDF download on Bookshelf. Part of Project Gutenberg's digital library of over 70 000 free ebooks.</p>,https://www.gutenberg.org/files/33249/33249-pdf.pdf,https://www.gutenberg.org/cache/epub/33249/pg33249.cover.medium.jpg,Free,#2b4a4a,#f5f1e8,#f59e0b,p-rings
The Mesa Trail,A free public domain fiction book,H. (Henry) Bedford-Jones,Fiction,free,0,239,A classic fiction work by H. (Henry) Bedford-Jones now available as a free public domain PDF. Originally published in the 19th–early 20th century this 239-page edition has been carefully formatted for modern screen and print reading.,<p>The Mesa Trail by H. (Henry) Bedford-Jones is a classic work now available as a free public domain PDF download on Bookshelf. Part of Project Gutenberg's digital library of over 70 000 free ebooks.</p>,https://www.gutenberg.org/ebooks/35078.pdf.images,https://www.gutenberg.org/cache/epub/35078/pg35078.cover.medium.jpg,Free,#1a1a2e,#f5f1e8,#f59e0b,p-rings
The Vision Splendid,A free public domain fiction book,D. K. (Dorothy Kathleen) Broster,Fiction,free,0,158,A classic fiction work by D. K. (Dorothy Kathleen) Broster now available as a free public domain PDF. Originally published in the 19th–early 20th century this 158-page edition has been carefully formatted for modern screen and print reading.,<p>The Vision Splendid by D. K. (Dorothy Kathleen) Broster is a classic work now available as a free public domain PDF download on Bookshelf. Part of Project Gutenberg's digital library of over 70 000 free ebooks.</p>,https://www.gutenberg.org/ebooks/45074.pdf.images,https://www.gutenberg.org/cache/epub/45074/pg45074.cover.medium.jpg,Free,#1a1a2e,#f5f1e8,#f59e0b,p-rings
Gunboat and Gun-runner: A Tale of the Persian Gulf,A free public domain fiction book,T. T. (Thomas Tendron) Jeans,Fiction,free,0,163,A classic fiction work by T. T. (Thomas Tendron) Jeans now available as a free public domain PDF. Originally published in the 19th–early 20th century this 163-page edition has been carefully formatted for modern screen and print reading.,<p>Gunboat and Gun-runner: A Tale of the Persian Gulf by T. T. (Thomas Tendron) Jeans is a classic work now available as a free public domain PDF download on Bookshelf. Part of Project Gutenberg's digital library of over 70 000 free ebooks.</p>,https://www.gutenberg.org/ebooks/46460.pdf.images,https://www.gutenberg.org/cache/epub/46460/pg46460.cover.medium.jpg,Free,#1a1a2e,#f5f1e8,#f59e0b,p-rings
The Motor Boat Club at Nantucket; or The Mystery of the Dunstan Heir,A free public domain fiction book,H. Irving (Harrie Irving) Hancock,Fiction,free,0,291,A classic fiction work by H. Irving (Harrie Irving) Hancock now available as a free public domain PDF. Originally published in the 19th–early 20th century this 291-page edition has been carefully formatted for modern screen and print reading.,<p>The Motor Boat Club at Nantucket; or The Mystery of the Dunstan Heir by H. Irving (Harrie Irving) Hancock is a classic work now available as a free public domain PDF download on Bookshelf. Part of Project Gutenberg's digital library of over 70 000 free ebooks.</p>,https://www.gutenberg.org/ebooks/40605.pdf.images,https://www.gutenberg.org/cache/epub/40605/pg40605.cover.medium.jpg,Free,#1a1a2e,#f5f1e8,#f59e0b,p-rings
The White Prophet Volume 2 (of 2),A free public domain fiction book,Sir Hall Caine,Fiction,free,0,278,A classic fiction work by Sir Hall Caine now available as a free public domain PDF. Originally published in the 19th–early 20th century this 278-page edition has been carefully formatted for modern screen and print reading.,<p>The White Prophet Volume 2 (of 2) by Sir Hall Caine is a classic work now available as a free public domain PDF download on Bookshelf. Part of Project Gutenberg's digital library of over 70 000 free ebooks.</p>,https://www.gutenberg.org/ebooks/52343.pdf.images,https://www.gutenberg.org/cache/epub/52343/pg52343.cover.medium.jpg,Free,#1a1a2e,#f5f1e8,#f59e0b,p-rings
The Flying Boat: A Story of Adventure and Misadventure,A free public domain fiction book,Herbert Strang,Fiction,free,0,283,A classic fiction work by Herbert Strang now available as a free public domain PDF. Originally published in the 19th–early 20th century this 283-page edition has been carefully formatted for modern screen and print reading.,<p>The Flying Boat: A Story of Adventure and Misadventure by Herbert Strang is a classic work now available as a free public domain PDF download on Bookshelf. Part of Project Gutenberg's digital library of over 70 000 free ebooks.</p>,https://www.gutenberg.org/ebooks/41366.pdf.images,https://www.gutenberg.org/cache/epub/41366/pg41366.cover.medium.jpg,Free,#1a1a2e,#f5f1e8,#f59e0b,p-rings
The Coming of Cassidy—And the Others,A free public domain fiction book,Clarence Edward Mulford,Fiction,free,0,173,A classic fiction work by Clarence Edward Mulford now available as a free public domain PDF. Originally published in the 19th–early 20th century this 173-page edition has been carefully formatted for modern screen and print reading.,<p>The Coming of Cassidy—And the Others by Clarence Edward Mulford is a classic work now available as a free public domain PDF download on Bookshelf. Part of Project Gutenberg's digital library of over 70 000 free ebooks.</p>,https://www.gutenberg.org/ebooks/42441.pdf.images,https://www.gutenberg.org/cache/epub/42441/pg42441.cover.medium.jpg,Free,#1a1a2e,#f5f1e8,#f59e0b,p-rings
The Sandman's Hour: Stories for Bedtime,A free public domain children's books book,Abbie Phillips Walker,Children's Books,free,0,285,A classic children's books work by Abbie Phillips Walker now available as a free public domain PDF. Originally published in the 19th–early 20th century this 285-page edition has been carefully formatted for modern screen and print reading.,<p>The Sandman's Hour: Stories for Bedtime by Abbie Phillips Walker is a classic work now available as a free public domain PDF download on Bookshelf. Part of Project Gutenberg's digital library of over 70 000 free ebooks.</p>,https://www.gutenberg.org/ebooks/43558.pdf.images,https://www.gutenberg.org/cache/epub/43558/pg43558.cover.medium.jpg,Free,#0f2a43,#f5f1e8,#f59e0b,p-rings
Foundations of World Unity,A free public domain bahai faith book,ʻAbdu'l-Bahá,Bahai faith,free,0,117,A classic bahai faith work by ʻAbdu'l-Bahá now available as a free public domain PDF. Originally published in the 19th–early 20th century this 117-page edition has been carefully formatted for modern screen and print reading.,<p>Foundations of World Unity by ʻAbdu'l-Bahá is a classic work now available as a free public domain PDF download on Bookshelf. Part of Project Gutenberg's digital library of over 70 000 free ebooks.</p>,https://www.gutenberg.org/files/19238/19238-pdf.pdf,https://www.gutenberg.org/cache/epub/19238/pg19238.cover.medium.jpg,Free,#0f2a43,#f5f1e8,#f59e0b,p-rings
Is The Bible Worth Reading and Other Essays,A free public domain free thought book,L. K. (Lemuel Kelley) Washburn,Free thought,free,0,202,A classic free thought work by L. K. (Lemuel Kelley) Washburn now available as a free public domain PDF. Originally published in the 19th–early 20th century this 202-page edition has been carefully formatted for modern screen and print reading.,<p>Is The Bible Worth Reading and Other Essays by L. K. (Lemuel Kelley) Washburn is a classic work now available as a free public domain PDF download on Bookshelf. Part of Project Gutenberg's digital library of over 70 000 free ebooks.</p>,https://www.gutenberg.org/files/35539/35539-pdf.pdf,https://www.gutenberg.org/cache/epub/35539/pg35539.cover.medium.jpg,Free,#0f2a43,#f5f1e8,#f59e0b,p-rings
A Young Inventor's Pluck; or The Mystery of the Willington Legacy,A free public domain fiction book,Edward Stratemeyer,Fiction,free,0,97,A classic fiction work by Edward Stratemeyer now available as a free public domain PDF. Originally published in the 19th–early 20th century this 97-page edition has been carefully formatted for modern screen and print reading.,<p>A Young Inventor's Pluck; or The Mystery of the Willington Legacy by Edward Stratemeyer is a classic work now available as a free public domain PDF download on Bookshelf. Part of Project Gutenberg's digital library of over 70 000 free ebooks.</p>,https://www.gutenberg.org/ebooks/42142.pdf.images,https://www.gutenberg.org/cache/epub/42142/pg42142.cover.medium.jpg,Free,#1a1a2e,#f5f1e8,#f59e0b,p-rings
A Madeira Party,A free public domain fiction book,S. Weir (Silas Weir) Mitchell,Fiction,free,0,93,A classic fiction work by S. Weir (Silas Weir) Mitchell now available as a free public domain PDF. Originally published in the 19th–early 20th century this 93-page edition has been carefully formatted for modern screen and print reading.,<p>A Madeira Party by S. Weir (Silas Weir) Mitchell is a classic work now available as a free public domain PDF download on Bookshelf. Part of Project Gutenberg's digital library of over 70 000 free ebooks.</p>,https://www.gutenberg.org/ebooks/43242.pdf.images,https://www.gutenberg.org/cache/epub/43242/pg43242.cover.medium.jpg,Free,#1a1a2e,#f5f1e8,#f59e0b,p-rings
The Quest: A Romance,A free public domain fiction book,Justus Miles Forman,Fiction,free,0,164,A classic fiction work by Justus Miles Forman now available as a free public domain PDF. Originally published in the 19th–early 20th century this 164-page edition has been carefully formatted for modern screen and print reading.,<p>The Quest: A Romance by Justus Miles Forman is a classic work now available as a free public domain PDF download on Bookshelf. Part of Project Gutenberg's digital library of over 70 000 free ebooks.</p>,https://www.gutenberg.org/ebooks/43527.pdf.images,https://www.gutenberg.org/cache/epub/43527/pg43527.cover.medium.jpg,Free,#1a1a2e,#f5f1e8,#f59e0b,p-rings
Gems of Divine Mysteries,A free public domain bahai faith book,Bahá'u'lláh,Bahai faith,free,0,243,A classic bahai faith work by Bahá'u'lláh now available as a free public domain PDF. Originally published in the 19th–early 20th century this 243-page edition has been carefully formatted for modern screen and print reading.,<p>Gems of Divine Mysteries by Bahá'u'lláh is a classic work now available as a free public domain PDF download on Bookshelf. Part of Project Gutenberg's digital library of over 70 000 free ebooks.</p>,https://www.gutenberg.org/files/16939/16939-pdf.pdf,https://www.gutenberg.org/cache/epub/16939/pg16939.cover.medium.jpg,Free,#0f2a43,#f5f1e8,#f59e0b,p-rings
Selections From the Writings of the Báb,A free public domain babism book,ʻAli Muhammad Shirazi Bab,Babism,free,0,189,A classic babism work by ʻAli Muhammad Shirazi Bab now available as a free public domain PDF. Originally published in the 19th–early 20th century this 189-page edition has been carefully formatted for modern screen and print reading.,<p>Selections From the Writings of the Báb by ʻAli Muhammad Shirazi Bab is a classic work now available as a free public domain PDF download on Bookshelf. Part of Project Gutenberg's digital library of over 70 000 free ebooks.</p>,https://www.gutenberg.org/files/18828/18828-pdf.pdf,https://www.gutenberg.org/cache/epub/18828/pg18828.cover.medium.jpg,Free,#0f2a43,#f5f1e8,#f59e0b,p-rings
Religion in Japan,A free public domain religion book,George A. (George Augustus) Cobbold,Religion,free,0,199,A classic religion work by George A. (George Augustus) Cobbold now available as a free public domain PDF. Originally published in the 19th–early 20th century this 199-page edition has been carefully formatted for modern screen and print reading.,<p>Religion in Japan by George A. (George Augustus) Cobbold is a classic work now available as a free public domain PDF download on Bookshelf. Part of Project Gutenberg's digital library of over 70 000 free ebooks.</p>,https://www.gutenberg.org/files/28598/28598-pdf.pdf,https://www.gutenberg.org/cache/epub/28598/pg28598.cover.medium.jpg,Free,#4a4a2b,#f5f1e8,#f59e0b,p-rings
The Short Constitution,A free public domain united states. constitution book,Martin J. (Martin Joseph) Wade,United states. constitution,free,0,320,A classic united states. constitution work by Martin J. (Martin Joseph) Wade now available as a free public domain PDF. Originally published in the 19th–early 20th century this 320-page edition has been carefully formatted for modern screen and print reading.,<p>The Short Constitution by Martin J. (Martin Joseph) Wade is a classic work now available as a free public domain PDF download on Bookshelf. Part of Project Gutenberg's digital library of over 70 000 free ebooks.</p>,https://www.gutenberg.org/files/34839/34839-pdf.pdf,https://www.gutenberg.org/cache/epub/34839/pg34839.cover.medium.jpg,Free,#0f2a43,#f5f1e8,#f59e0b,p-rings
Black-Eyed Susan,A free public domain fiction book,Ethel Calvert Phillips,Fiction,free,0,178,A classic fiction work by Ethel Calvert Phillips now available as a free public domain PDF. Originally published in the 19th–early 20th century this 178-page edition has been carefully formatted for modern screen and print reading.,<p>Black-Eyed Susan by Ethel Calvert Phillips is a classic work now available as a free public domain PDF download on Bookshelf. Part of Project Gutenberg's digital library of over 70 000 free ebooks.</p>,https://www.gutenberg.org/ebooks/38835.pdf.images,https://www.gutenberg.org/cache/epub/38835/pg38835.cover.medium.jpg,Free,#1a1a2e,#f5f1e8,#f59e0b,p-rings
The Willing Horse: A Novel,A free public domain fiction book,Ian Hay,Fiction,free,0,217,A classic fiction work by Ian Hay now available as a free public domain PDF. Originally published in the 19th–early 20th century this 217-page edition has been carefully formatted for modern screen and print reading.,<p>The Willing Horse: A Novel by Ian Hay is a classic work now available as a free public domain PDF download on Bookshelf. Part of Project Gutenberg's digital library of over 70 000 free ebooks.</p>,https://www.gutenberg.org/ebooks/46549.pdf.images,https://www.gutenberg.org/cache/epub/46549/pg46549.cover.medium.jpg,Free,#1a1a2e,#f5f1e8,#f59e0b,p-rings
The Splendid Outcast,A free public domain fiction book,George Gibbs,Fiction,free,0,196,A classic fiction work by George Gibbs now available as a free public domain PDF. Originally published in the 19th–early 20th century this 196-page edition has been carefully formatted for modern screen and print reading.,<p>The Splendid Outcast by George Gibbs is a classic work now available as a free public domain PDF download on Bookshelf. Part of Project Gutenberg's digital library of over 70 000 free ebooks.</p>,https://www.gutenberg.org/ebooks/47900.pdf.images,https://www.gutenberg.org/cache/epub/47900/pg47900.cover.medium.jpg,Free,#1a1a2e,#f5f1e8,#f59e0b,p-rings
Messages to the Bahá'í World: 1950–1957,A free public domain bahai faith book,Effendi Shoghi,Bahai faith,free,0,199,A classic bahai faith work by Effendi Shoghi now available as a free public domain PDF. Originally published in the 19th–early 20th century this 199-page edition has been carefully formatted for modern screen and print reading.,<p>Messages to the Bahá'í World: 1950–1957 by Effendi Shoghi is a classic work now available as a free public domain PDF download on Bookshelf. Part of Project Gutenberg's digital library of over 70 000 free ebooks.</p>,https://www.gutenberg.org/files/19280/19280-pdf.pdf,https://www.gutenberg.org/cache/epub/19280/pg19280.cover.medium.jpg,Free,#0f2a43,#f5f1e8,#f59e0b,p-rings
The Great Captain: A Story of the Days of Sir Walter Raleigh,A free public domain fiction book,Katharine Tynan,Fiction,free,0,258,A classic fiction work by Katharine Tynan now available as a free public domain PDF. Originally published in the 19th–early 20th century this 258-page edition has been carefully formatted for modern screen and print reading.,<p>The Great Captain: A Story of the Days of Sir Walter Raleigh by Katharine Tynan is a classic work now available as a free public domain PDF download on Bookshelf. Part of Project Gutenberg's digital library of over 70 000 free ebooks.</p>,https://www.gutenberg.org/ebooks/35896.pdf.images,https://www.gutenberg.org/cache/epub/35896/pg35896.cover.medium.jpg,Free,#1a1a2e,#f5f1e8,#f59e0b,p-rings
John Inglesant: A Romance (Volume 2 of 2),A free public domain fiction book,J. H. (Joseph Henry) Shorthouse,Fiction,free,0,271,A classic fiction work by J. H. (Joseph Henry) Shorthouse now available as a free public domain PDF. Originally published in the 19th–early 20th century this 271-page edition has been carefully formatted for modern screen and print reading.,<p>John Inglesant: A Romance (Volume 2 of 2) by J. H. (Joseph Henry) Shorthouse is a classic work now available as a free public domain PDF download on Bookshelf. Part of Project Gutenberg's digital library of over 70 000 free ebooks.</p>,https://www.gutenberg.org/ebooks/44588.pdf.images,https://www.gutenberg.org/cache/epub/44588/pg44588.cover.medium.jpg,Free,#1a1a2e,#f5f1e8,#f59e0b,p-rings
Bothwell; or The Days of Mary Queen of Scots Volume 3 (of 3),A free public domain fiction book,James Grant,Fiction,free,0,159,A classic fiction work by James Grant now available as a free public domain PDF. Originally published in the 19th–early 20th century this 159-page edition has been carefully formatted for modern screen and print reading.,<p>Bothwell; or The Days of Mary Queen of Scots Volume 3 (of 3) by James Grant is a classic work now available as a free public domain PDF download on Bookshelf. Part of Project Gutenberg's digital library of over 70 000 free ebooks.</p>,https://www.gutenberg.org/ebooks/55529.pdf.images,https://www.gutenberg.org/cache/epub/55529/pg55529.cover.medium.jpg,Free,#1a1a2e,#f5f1e8,#f59e0b,p-rings
The Shepherd Of My Soul,A free public domain bible. psalms xxiii book,Charles J. (Charles Jerome) Callan,Bible. psalms xxiii,free,0,140,A classic bible. psalms xxiii work by Charles J. (Charles Jerome) Callan now available as a free public domain PDF. Originally published in the 19th–early 20th century this 140-page edition has been carefully formatted for modern screen and print reading.,<p>The Shepherd Of My Soul by Charles J. (Charles Jerome) Callan is a classic work now available as a free public domain PDF download on Bookshelf. Part of Project Gutenberg's digital library of over 70 000 free ebooks.</p>,https://www.gutenberg.org/files/30579/30579-pdf.pdf,https://www.gutenberg.org/cache/epub/30579/pg30579.cover.medium.jpg,Free,#0f2a43,#f5f1e8,#f59e0b,p-rings
Mary Magdalen: A Chronicle,A free public domain fiction book,Edgar Saltus,Fiction,free,0,222,A classic fiction work by Edgar Saltus now available as a free public domain PDF. Originally published in the 19th–early 20th century this 222-page edition has been carefully formatted for modern screen and print reading.,<p>Mary Magdalen: A Chronicle by Edgar Saltus is a classic work now available as a free public domain PDF download on Bookshelf. Part of Project Gutenberg's digital library of over 70 000 free ebooks.</p>,https://www.gutenberg.org/files/31510/31510-pdf.pdf,https://www.gutenberg.org/cache/epub/31510/pg31510.cover.medium.jpg,Free,#1a1a2e,#f5f1e8,#f59e0b,p-rings
The Trail of the Seneca,A free public domain fiction book,James A. (James Andrew) Braden,Fiction,free,0,195,A classic fiction work by James A. (James Andrew) Braden now available as a free public domain PDF. Originally published in the 19th–early 20th century this 195-page edition has been carefully formatted for modern screen and print reading.,<p>The Trail of the Seneca by James A. (James Andrew) Braden is a classic work now available as a free public domain PDF download on Bookshelf. Part of Project Gutenberg's digital library of over 70 000 free ebooks.</p>,https://www.gutenberg.org/ebooks/42032.pdf.images,https://www.gutenberg.org/cache/epub/42032/pg42032.cover.medium.jpg,Free,#1a1a2e,#f5f1e8,#f59e0b,p-rings
The Restless Sex,A free public domain fiction book,Robert W. (Robert William) Chambers,Fiction,free,0,210,A classic fiction work by Robert W. (Robert William) Chambers now available as a free public domain PDF. Originally published in the 19th–early 20th century this 210-page edition has been carefully formatted for modern screen and print reading.,<p>The Restless Sex by Robert W. (Robert William) Chambers is a classic work now available as a free public domain PDF download on Bookshelf. Part of Project Gutenberg's digital library of over 70 000 free ebooks.</p>,https://www.gutenberg.org/ebooks/53289.pdf.images,https://www.gutenberg.org/cache/epub/53289/pg53289.cover.medium.jpg,Free,#1a1a2e,#f5f1e8,#f59e0b,p-rings
The New Irish Constitution: An Exposition and Some Arguments,A free public domain home rule book,Unknown Author,Home rule,free,0,216,A classic home rule work by Unknown Author now available as a free public domain PDF. Originally published in the 19th–early 20th century this 216-page edition has been carefully formatted for modern screen and print reading.,<p>The New Irish Constitution: An Exposition and Some Arguments by Unknown Author is a classic work now available as a free public domain PDF download on Bookshelf. Part of Project Gutenberg's digital library of over 70 000 free ebooks.</p>,https://www.gutenberg.org/files/35172/35172-pdf.pdf,https://www.gutenberg.org/cache/epub/35172/pg35172.cover.medium.jpg,Free,#0f2a43,#f5f1e8,#f59e0b,p-rings
Ian Hamilton's March,A free public domain hamilton ian sir 1853-1947 book,Winston Churchill,"Hamilton, ian, sir, 1853-1947",free,0,232,A classic hamilton ian sir 1853-1947 work by Winston Churchill now available as a free public domain PDF. Originally published in the 19th–early 20th century this 232-page edition has been carefully formatted for modern screen and print reading.,<p>Ian Hamilton's March by Winston Churchill is a classic work now available as a free public domain PDF download on Bookshelf. Part of Project Gutenberg's digital library of over 70 000 free ebooks.</p>,https://www.gutenberg.org/ebooks/41487.pdf.images,https://www.gutenberg.org/cache/epub/41487/pg41487.cover.medium.jpg,Free,#0f2a43,#f5f1e8,#f59e0b,p-rings
The Arch-Satirist,A free public domain fiction book,Frances Fenwick Williams,Fiction,free,0,94,A classic fiction work by Frances Fenwick Williams now available as a free public domain PDF. Originally published in the 19th–early 20th century this 94-page edition has been carefully formatted for modern screen and print reading.,<p>The Arch-Satirist by Frances Fenwick Williams is a classic work now available as a free public domain PDF download on Bookshelf. Part of Project Gutenberg's digital library of over 70 000 free ebooks.</p>,https://www.gutenberg.org/ebooks/44419.pdf.images,https://www.gutenberg.org/cache/epub/44419/pg44419.cover.medium.jpg,Free,#1a1a2e,#f5f1e8,#f59e0b,p-rings
The Red White and Green,A free public domain fiction book,Herbert Hayens,Fiction,free,0,81,A classic fiction work by Herbert Hayens now available as a free public domain PDF. Originally published in the 19th–early 20th century this 81-page edition has been carefully formatted for modern screen and print reading.,<p>The Red White and Green by Herbert Hayens is a classic work now available as a free public domain PDF download on Bookshelf. Part of Project Gutenberg's digital library of over 70 000 free ebooks.</p>,https://www.gutenberg.org/ebooks/40137.pdf.images,https://www.gutenberg.org/cache/epub/40137/pg40137.cover.medium.jpg,Free,#1a1a2e,#f5f1e8,#f59e0b,p-rings
The Motor Scout: A Story of Adventure in South America,A free public domain fiction book,Herbert Strang,Fiction,free,0,326,A classic fiction work by Herbert Strang now available as a free public domain PDF. Originally published in the 19th–early 20th century this 326-page edition has been carefully formatted for modern screen and print reading.,<p>The Motor Scout: A Story of Adventure in South America by Herbert Strang is a classic work now available as a free public domain PDF download on Bookshelf. Part of Project Gutenberg's digital library of over 70 000 free ebooks.</p>,https://www.gutenberg.org/ebooks/42953.pdf.images,https://www.gutenberg.org/cache/epub/42953/pg42953.cover.medium.jpg,Free,#1a1a2e,#f5f1e8,#f59e0b,p-rings
Selected Poems,A free public domain poetry book,Rupert Brooke,Poetry,free,0,103,A classic poetry work by Rupert Brooke now available as a free public domain PDF. Originally published in the 19th–early 20th century this 103-page edition has been carefully formatted for modern screen and print reading.,<p>Selected Poems by Rupert Brooke is a classic work now available as a free public domain PDF download on Bookshelf. Part of Project Gutenberg's digital library of over 70 000 free ebooks.</p>,https://www.gutenberg.org/ebooks/48306.pdf.images,https://www.gutenberg.org/cache/epub/48306/pg48306.cover.medium.jpg,Free,#4a2b3d,#f5f1e8,#f59e0b,p-rings
The Third Circle,A free public domain fiction book,Frank Norris,Fiction,free,0,181,A classic fiction work by Frank Norris now available as a free public domain PDF. Originally published in the 19th–early 20th century this 181-page edition has been carefully formatted for modern screen and print reading.,<p>The Third Circle by Frank Norris is a classic work now available as a free public domain PDF download on Bookshelf. Part of Project Gutenberg's digital library of over 70 000 free ebooks.</p>,https://www.gutenberg.org/ebooks/48620.pdf.images,https://www.gutenberg.org/cache/epub/48620/pg48620.cover.medium.jpg,Free,#1a1a2e,#f5f1e8,#f59e0b,p-rings
Elementary Principles of Statistical Mechanics: Developed with Especial Reference to the Rational Foundation of Thermody,A free public domain statistical mechanics book,J. Willard (Josiah Willard) Gibbs,Statistical mechanics,free,0,130,A classic statistical mechanics work by J. Willard (Josiah Willard) Gibbs now available as a free public domain PDF. Originally published in the 19th–early 20th century this 130-page edition has been carefully formatted for modern screen and print reading.,<p>Elementary Principles of Statistical Mechanics: Developed with Especial Reference to the Rational Foundation of Thermodynamics by J. Willard (Josiah Willard) Gibbs is a classic work now available as a free public domain PDF download on Bookshelf. Part of Project Gutenberg's digital library of over 70 000 free ebooks.</p>,https://www.gutenberg.org/files/50992/50992-pdf.pdf,https://www.gutenberg.org/cache/epub/50992/pg50992.cover.medium.jpg,Free,#0f2a43,#f5f1e8,#f59e0b,p-rings
A Prince of Swindlers,A free public domain fiction book,Guy Boothby,Fiction,free,0,81,A classic fiction work by Guy Boothby now available as a free public domain PDF. Originally published in the 19th–early 20th century this 81-page edition has been carefully formatted for modern screen and print reading.,<p>A Prince of Swindlers by Guy Boothby is a classic work now available as a free public domain PDF download on Bookshelf. Part of Project Gutenberg's digital library of over 70 000 free ebooks.</p>,https://www.gutenberg.org/ebooks/54771.pdf.images,https://www.gutenberg.org/cache/epub/54771/pg54771.cover.medium.jpg,Free,#1a1a2e,#f5f1e8,#f59e0b,p-rings
Barbara Winslow Rebel,A free public domain fiction book,Beth Ellis,Fiction,free,0,93,A classic fiction work by Beth Ellis now available as a free public domain PDF. Originally published in the 19th–early 20th century this 93-page edition has been carefully formatted for modern screen and print reading.,<p>Barbara Winslow Rebel by Beth Ellis is a classic work now available as a free public domain PDF download on Bookshelf. Part of Project Gutenberg's digital library of over 70 000 free ebooks.</p>,https://www.gutenberg.org/ebooks/55464.pdf.images,https://www.gutenberg.org/cache/epub/55464/pg55464.cover.medium.jpg,Free,#1a1a2e,#f5f1e8,#f59e0b,p-rings
The Lead of Honour,A free public domain fiction book,Norval Richardson,Fiction,free,0,183,A classic fiction work by Norval Richardson now available as a free public domain PDF. Originally published in the 19th–early 20th century this 183-page edition has been carefully formatted for modern screen and print reading.,<p>The Lead of Honour by Norval Richardson is a classic work now available as a free public domain PDF download on Bookshelf. Part of Project Gutenberg's digital library of over 70 000 free ebooks.</p>,https://www.gutenberg.org/ebooks/46381.pdf.images,https://www.gutenberg.org/cache/epub/46381/pg46381.cover.medium.jpg,Free,#1a1a2e,#f5f1e8,#f59e0b,p-rings
The Secret of Lonesome Cove,A free public domain fiction book,Samuel Hopkins Adams,Fiction,free,0,213,A classic fiction work by Samuel Hopkins Adams now available as a free public domain PDF. Originally published in the 19th–early 20th century this 213-page edition has been carefully formatted for modern screen and print reading.,<p>The Secret of Lonesome Cove by Samuel Hopkins Adams is a classic work now available as a free public domain PDF download on Bookshelf. Part of Project Gutenberg's digital library of over 70 000 free ebooks.</p>,https://www.gutenberg.org/ebooks/36335.pdf.images,https://www.gutenberg.org/cache/epub/36335/pg36335.cover.medium.jpg,Free,#1a1a2e,#f5f1e8,#f59e0b,p-rings
Under One Sceptre or Mortimer's Mission: The Story of the Lord of the Marches,A free public domain fiction book,Emily Sarah Holt,Fiction,free,0,312,A classic fiction work by Emily Sarah Holt now available as a free public domain PDF. Originally published in the 19th–early 20th century this 312-page edition has been carefully formatted for modern screen and print reading.,<p>Under One Sceptre or Mortimer's Mission: The Story of the Lord of the Marches by Emily Sarah Holt is a classic work now available as a free public domain PDF download on Bookshelf. Part of Project Gutenberg's digital library of over 70 000 free ebooks.</p>,https://www.gutenberg.org/ebooks/44464.pdf.images,https://www.gutenberg.org/cache/epub/44464/pg44464.cover.medium.jpg,Free,#1a1a2e,#f5f1e8,#f59e0b,p-rings
The Squaw Man: A Novel,A free public domain fiction book,Edwin Milton Royle,Fiction,free,0,310,A classic fiction work by Edwin Milton Royle now available as a free public domain PDF. Originally published in the 19th–early 20th century this 310-page edition has been carefully formatted for modern screen and print reading.,<p>The Squaw Man: A Novel by Edwin Milton Royle is a classic work now available as a free public domain PDF download on Bookshelf. Part of Project Gutenberg's digital library of over 70 000 free ebooks.</p>,https://www.gutenberg.org/ebooks/52804.pdf.images,https://www.gutenberg.org/cache/epub/52804/pg52804.cover.medium.jpg,Free,#1a1a2e,#f5f1e8,#f59e0b,p-rings
Solid Geometry with Problems and Applications (Revised edition),A free public domain geometry solid book,N. J. (Nels Johann) Lennes,"Geometry, solid",free,0,99,A classic geometry solid work by N. J. (Nels Johann) Lennes now available as a free public domain PDF. Originally published in the 19th–early 20th century this 99-page edition has been carefully formatted for modern screen and print reading.,<p>Solid Geometry with Problems and Applications (Revised edition) by N. J. (Nels Johann) Lennes is a classic work now available as a free public domain PDF download on Bookshelf. Part of Project Gutenberg's digital library of over 70 000 free ebooks.</p>,https://www.gutenberg.org/files/29807/29807-pdf.pdf,https://www.gutenberg.org/cache/epub/29807/pg29807.cover.medium.jpg,Free,#0f2a43,#f5f1e8,#f59e0b,p-rings
Frank Merriwell's Champions; Or All in the Game,A free public domain fiction book,Burt L. Standish,Fiction,free,0,283,A classic fiction work by Burt L. Standish now available as a free public domain PDF. Originally published in the 19th–early 20th century this 283-page edition has been carefully formatted for modern screen and print reading.,<p>Frank Merriwell's Champions; Or All in the Game by Burt L. Standish is a classic work now available as a free public domain PDF download on Bookshelf. Part of Project Gutenberg's digital library of over 70 000 free ebooks.</p>,https://www.gutenberg.org/ebooks/42049.pdf.images,https://www.gutenberg.org/cache/epub/42049/pg42049.cover.medium.jpg,Free,#1a1a2e,#f5f1e8,#f59e0b,p-rings
Frank Forester: A Story of the Dardanelles,A free public domain fiction book,Herbert Strang,Fiction,free,0,98,A classic fiction work by Herbert Strang now available as a free public domain PDF. Originally published in the 19th–early 20th century this 98-page edition has been carefully formatted for modern screen and print reading.,<p>Frank Forester: A Story of the Dardanelles by Herbert Strang is a classic work now available as a free public domain PDF download on Bookshelf. Part of Project Gutenberg's digital library of over 70 000 free ebooks.</p>,https://www.gutenberg.org/ebooks/42943.pdf.images,https://www.gutenberg.org/cache/epub/42943/pg42943.cover.medium.jpg,Free,#1a1a2e,#f5f1e8,#f59e0b,p-rings
Lady Sybil's Choice: A Tale of the Crusades,A free public domain fiction book,Emily Sarah Holt,Fiction,free,0,229,A classic fiction work by Emily Sarah Holt now available as a free public domain PDF. Originally published in the 19th–early 20th century this 229-page edition has been carefully formatted for modern screen and print reading.,<p>Lady Sybil's Choice: A Tale of the Crusades by Emily Sarah Holt is a classic work now available as a free public domain PDF download on Bookshelf. Part of Project Gutenberg's digital library of over 70 000 free ebooks.</p>,https://www.gutenberg.org/ebooks/44115.pdf.images,https://www.gutenberg.org/cache/epub/44115/pg44115.cover.medium.jpg,Free,#1a1a2e,#f5f1e8,#f59e0b,p-rings
Wastralls: A Novel,A free public domain fiction book,C. A. (Catharine Amy) Dawson Scott,Fiction,free,0,128,A classic fiction work by C. A. (Catharine Amy) Dawson Scott now available as a free public domain PDF. Originally published in the 19th–early 20th century this 128-page edition has been carefully formatted for modern screen and print reading.,<p>Wastralls: A Novel by C. A. (Catharine Amy) Dawson Scott is a classic work now available as a free public domain PDF download on Bookshelf. Part of Project Gutenberg's digital library of over 70 000 free ebooks.</p>,https://www.gutenberg.org/ebooks/53370.pdf.images,https://www.gutenberg.org/cache/epub/53370/pg53370.cover.medium.jpg,Free,#1a1a2e,#f5f1e8,#f59e0b,p-rings
Leo the Circus Boy; or Life under the great white canvas,A free public domain fiction book,Edward Stratemeyer,Fiction,free,0,327,A classic fiction work by Edward Stratemeyer now available as a free public domain PDF. Originally published in the 19th–early 20th century this 327-page edition has been carefully formatted for modern screen and print reading.,<p>Leo the Circus Boy; or Life under the great white canvas by Edward Stratemeyer is a classic work now available as a free public domain PDF download on Bookshelf. Part of Project Gutenberg's digital library of over 70 000 free ebooks.</p>,https://www.gutenberg.org/ebooks/35821.pdf.images,https://www.gutenberg.org/cache/epub/35821/pg35821.cover.medium.jpg,Free,#1a1a2e,#f5f1e8,#f59e0b,p-rings
The New Christianity; or The Religion of the New Age,A free public domain christian sociology book,Salem Goldworth Bland,Christian sociology,free,0,188,A classic christian sociology work by Salem Goldworth Bland now available as a free public domain PDF. Originally published in the 19th–early 20th century this 188-page edition has been carefully formatted for modern screen and print reading.,<p>The New Christianity; or The Religion of the New Age by Salem Goldworth Bland is a classic work now available as a free public domain PDF download on Bookshelf. Part of Project Gutenberg's digital library of over 70 000 free ebooks.</p>,https://www.gutenberg.org/ebooks/41559.pdf.images,https://www.gutenberg.org/cache/epub/41559/pg41559.cover.medium.jpg,Free,#0f2a43,#f5f1e8,#f59e0b,p-rings
The Camp Fire Girls by the Blue Lagoon,A free public domain fiction book,Margaret Vandercook,Fiction,free,0,90,A classic fiction work by Margaret Vandercook now available as a free public domain PDF. Originally published in the 19th–early 20th century this 90-page edition has been carefully formatted for modern screen and print reading.,<p>The Camp Fire Girls by the Blue Lagoon by Margaret Vandercook is a classic work now available as a free public domain PDF download on Bookshelf. Part of Project Gutenberg's digital library of over 70 000 free ebooks.</p>,https://www.gutenberg.org/ebooks/53200.pdf.images,https://www.gutenberg.org/cache/epub/53200/pg53200.cover.medium.jpg,Free,#1a1a2e,#f5f1e8,#f59e0b,p-rings
Beethoven : The story of a little boy who was forced to practice,A free public domain biography book,Thomas Tapper,Biography,free,0,313,A classic biography work by Thomas Tapper now available as a free public domain PDF. Originally published in the 19th–early 20th century this 313-page edition has been carefully formatted for modern screen and print reading.,<p>Beethoven : The story of a little boy who was forced to practice by Thomas Tapper is a classic work now available as a free public domain PDF download on Bookshelf. Part of Project Gutenberg's digital library of over 70 000 free ebooks.</p>,https://www.gutenberg.org/files/34737/34737-pdf.pdf,https://www.gutenberg.org/cache/epub/34737/pg34737.cover.medium.jpg,Free,#2d4a22,#f5f1e8,#f59e0b,p-rings
Happy-go-lucky,A free public domain fiction book,Ian Hay,Fiction,free,0,134,A classic fiction work by Ian Hay now available as a free public domain PDF. Originally published in the 19th–early 20th century this 134-page edition has been carefully formatted for modern screen and print reading.,<p>Happy-go-lucky by Ian Hay is a classic work now available as a free public domain PDF download on Bookshelf. Part of Project Gutenberg's digital library of over 70 000 free ebooks.</p>,https://www.gutenberg.org/ebooks/40487.pdf.images,https://www.gutenberg.org/cache/epub/40487/pg40487.cover.medium.jpg,Free,#1a1a2e,#f5f1e8,#f59e0b,p-rings
The Book of Fair Women,A free public domain beauty personal book,Unknown Author,"Beauty, personal",free,0,306,A classic beauty personal work by Unknown Author now available as a free public domain PDF. Originally published in the 19th–early 20th century this 306-page edition has been carefully formatted for modern screen and print reading.,<p>The Book of Fair Women by Unknown Author is a classic work now available as a free public domain PDF download on Bookshelf. Part of Project Gutenberg's digital library of over 70 000 free ebooks.</p>,https://www.gutenberg.org/files/53366/53366-pdf.pdf,https://www.gutenberg.org/cache/epub/53366/pg53366.cover.medium.jpg,Free,#0f2a43,#f5f1e8,#f59e0b,p-rings
Burning Sands,A free public domain fiction book,Arthur E. P. Brome (Arthur Edward Pearse Brome) Weigall,Fiction,free,0,255,A classic fiction work by Arthur E. P. Brome (Arthur Edward Pearse Brome) Weigall now available as a free public domain PDF. Originally published in the 19th–early 20th century this 255-page edition has been carefully formatted for modern screen and print reading.,<p>Burning Sands by Arthur E. P. Brome (Arthur Edward Pearse Brome) Weigall is a classic work now available as a free public domain PDF download on Bookshelf. Part of Project Gutenberg's digital library of over 70 000 free ebooks.</p>,https://www.gutenberg.org/ebooks/34978.pdf.images,https://www.gutenberg.org/cache/epub/34978/pg34978.cover.medium.jpg,Free,#1a1a2e,#f5f1e8,#f59e0b,p-rings
The Air Patrol: A Story of the North-west Frontier,A free public domain fiction book,Herbert Strang,Fiction,free,0,219,A classic fiction work by Herbert Strang now available as a free public domain PDF. Originally published in the 19th–early 20th century this 219-page edition has been carefully formatted for modern screen and print reading.,<p>The Air Patrol: A Story of the North-west Frontier by Herbert Strang is a classic work now available as a free public domain PDF download on Bookshelf. Part of Project Gutenberg's digital library of over 70 000 free ebooks.</p>,https://www.gutenberg.org/ebooks/42417.pdf.images,https://www.gutenberg.org/cache/epub/42417/pg42417.cover.medium.jpg,Free,#1a1a2e,#f5f1e8,#f59e0b,p-rings
The River Motor Boat Boys on the Yukon: The Lost Mine of Rainbow Bend,A free public domain fiction book,Harry Gordon,Fiction,free,0,126,A classic fiction work by Harry Gordon now available as a free public domain PDF. Originally published in the 19th–early 20th century this 126-page edition has been carefully formatted for modern screen and print reading.,<p>The River Motor Boat Boys on the Yukon: The Lost Mine of Rainbow Bend by Harry Gordon is a classic work now available as a free public domain PDF download on Bookshelf. Part of Project Gutenberg's digital library of over 70 000 free ebooks.</p>,https://www.gutenberg.org/ebooks/50831.pdf.images,https://www.gutenberg.org/cache/epub/50831/pg50831.cover.medium.jpg,Free,#1a1a2e,#f5f1e8,#f59e0b,p-rings
Peeps at Many Lands—India,A free public domain travel book,John Finnemore,Travel,free,0,317,A classic travel work by John Finnemore now available as a free public domain PDF. Originally published in the 19th–early 20th century this 317-page edition has been carefully formatted for modern screen and print reading.,<p>Peeps at Many Lands—India by John Finnemore is a classic work now available as a free public domain PDF download on Bookshelf. Part of Project Gutenberg's digital library of over 70 000 free ebooks.</p>,https://www.gutenberg.org/ebooks/44968.pdf.images,https://www.gutenberg.org/cache/epub/44968/pg44968.cover.medium.jpg,Free,#2b4a4a,#f5f1e8,#f59e0b,p-rings
The Cruise of the Sally D,A free public domain fiction book,James Otis,Fiction,free,0,219,A classic fiction work by James Otis now available as a free public domain PDF. Originally published in the 19th–early 20th century this 219-page edition has been carefully formatted for modern screen and print reading.,<p>The Cruise of the Sally D by James Otis is a classic work now available as a free public domain PDF download on Bookshelf. Part of Project Gutenberg's digital library of over 70 000 free ebooks.</p>,https://www.gutenberg.org/ebooks/55074.pdf.images,https://www.gutenberg.org/cache/epub/55074/pg55074.cover.medium.jpg,Free,#1a1a2e,#f5f1e8,#f59e0b,p-rings
The Covenanters of Damascus; A Hitherto Unknown Jewish Sect,A free public domain history book,George Foot Moore,History,free,0,118,A classic history work by George Foot Moore now available as a free public domain PDF. Originally published in the 19th–early 20th century this 118-page edition has been carefully formatted for modern screen and print reading.,<p>The Covenanters of Damascus; A Hitherto Unknown Jewish Sect by George Foot Moore is a classic work now available as a free public domain PDF download on Bookshelf. Part of Project Gutenberg's digital library of over 70 000 free ebooks.</p>,https://www.gutenberg.org/files/31960/31960-pdf.pdf,https://www.gutenberg.org/cache/epub/31960/pg31960.cover.medium.jpg,Free,#4a3728,#f5f1e8,#f59e0b,p-rings
On Foreign Service; Or The Santa Cruz Revolution,A free public domain fiction book,T. T. (Thomas Tendron) Jeans,Fiction,free,0,281,A classic fiction work by T. T. (Thomas Tendron) Jeans now available as a free public domain PDF. Originally published in the 19th–early 20th century this 281-page edition has been carefully formatted for modern screen and print reading.,<p>On Foreign Service; Or The Santa Cruz Revolution by T. T. (Thomas Tendron) Jeans is a classic work now available as a free public domain PDF download on Bookshelf. Part of Project Gutenberg's digital library of over 70 000 free ebooks.</p>,https://www.gutenberg.org/ebooks/45914.pdf.images,https://www.gutenberg.org/cache/epub/45914/pg45914.cover.medium.jpg,Free,#1a1a2e,#f5f1e8,#f59e0b,p-rings
The Grounds of Christianity Examined by Comparing The New Testament with the Old,A free public domain rationalism book,George Bethune English,Rationalism,free,0,260,A classic rationalism work by George Bethune English now available as a free public domain PDF. Originally published in the 19th–early 20th century this 260-page edition has been carefully formatted for modern screen and print reading.,<p>The Grounds of Christianity Examined by Comparing The New Testament with the Old by George Bethune English is a classic work now available as a free public domain PDF download on Bookshelf. Part of Project Gutenberg's digital library of over 70 000 free ebooks.</p>,https://www.gutenberg.org/files/15968/15968-pdf.pdf,https://www.gutenberg.org/cache/epub/15968/pg15968.cover.medium.jpg,Free,#0f2a43,#f5f1e8,#f59e0b,p-rings
The Seven Valleys and the Four Valleys,A free public domain bahai faith book,Bahá'u'lláh,Bahai faith,free,0,213,A classic bahai faith work by Bahá'u'lláh now available as a free public domain PDF. Originally published in the 19th–early 20th century this 213-page edition has been carefully formatted for modern screen and print reading.,<p>The Seven Valleys and the Four Valleys by Bahá'u'lláh is a classic work now available as a free public domain PDF download on Bookshelf. Part of Project Gutenberg's digital library of over 70 000 free ebooks.</p>,https://www.gutenberg.org/files/16986/16986-pdf.pdf,https://www.gutenberg.org/cache/epub/16986/pg16986.cover.medium.jpg,Free,#0f2a43,#f5f1e8,#f59e0b,p-rings
The American Missionary — Volume 49 No. 05 May 1895,A free public domain congregational churches book,Various,Congregational churches,free,0,209,A classic congregational churches work by Various now available as a free public domain PDF. Originally published in the 19th–early 20th century this 209-page edition has been carefully formatted for modern screen and print reading.,<p>The American Missionary — Volume 49 No. 05 May 1895 by Various is a classic work now available as a free public domain PDF download on Bookshelf. Part of Project Gutenberg's digital library of over 70 000 free ebooks.</p>,https://www.gutenberg.org/files/19903/19903-pdf.pdf,https://www.gutenberg.org/cache/epub/19903/pg19903.cover.medium.jpg,Free,#0f2a43,#f5f1e8,#f59e0b,p-rings
The Clergyman's Hand-book of Law: The Law of Church and Grave,A free public domain law book,Charles Martin Scanlan,Law,free,0,153,A classic law work by Charles Martin Scanlan now available as a free public domain PDF. Originally published in the 19th–early 20th century this 153-page edition has been carefully formatted for modern screen and print reading.,<p>The Clergyman's Hand-book of Law: The Law of Church and Grave by Charles Martin Scanlan is a classic work now available as a free public domain PDF download on Bookshelf. Part of Project Gutenberg's digital library of over 70 000 free ebooks.</p>,https://www.gutenberg.org/files/35563/35563-pdf.pdf,https://www.gutenberg.org/cache/epub/35563/pg35563.cover.medium.jpg,Free,#4a3b2b,#f5f1e8,#f59e0b,p-rings
Lost in the Cañon: The Story of Sam Willett's Adventures on the Great Colorado of the West,A free public domain fiction book,A. R. (Alfred Rochefort) Calhoun,Fiction,free,0,136,A classic fiction work by A. R. (Alfred Rochefort) Calhoun now available as a free public domain PDF. Originally published in the 19th–early 20th century this 136-page edition has been carefully formatted for modern screen and print reading.,<p>Lost in the Cañon: The Story of Sam Willett's Adventures on the Great Colorado of the West by A. R. (Alfred Rochefort) Calhoun is a classic work now available as a free public domain PDF download on Bookshelf. Part of Project Gutenberg's digital library of over 70 000 free ebooks.</p>,https://www.gutenberg.org/ebooks/37466.pdf.images,https://www.gutenberg.org/cache/epub/37466/pg37466.cover.medium.jpg,Free,#1a1a2e,#f5f1e8,#f59e0b,p-rings
The Adventures of Fleet Foot and Her Fawns: A True-to-Nature Story for Children and Their Elders,A free public domain fiction book,Allen Chaffee,Fiction,free,0,234,A classic fiction work by Allen Chaffee now available as a free public domain PDF. Originally published in the 19th–early 20th century this 234-page edition has been carefully formatted for modern screen and print reading.,<p>The Adventures of Fleet Foot and Her Fawns: A True-to-Nature Story for Children and Their Elders by Allen Chaffee is a classic work now available as a free public domain PDF download on Bookshelf. Part of Project Gutenberg's digital library of over 70 000 free ebooks.</p>,https://www.gutenberg.org/ebooks/35749.pdf.images,https://www.gutenberg.org/cache/epub/35749/pg35749.cover.medium.jpg,Free,#1a1a2e,#f5f1e8,#f59e0b,p-rings
In the Morning Glow: Short Stories,A free public domain fiction book,Roy Rolfe Gilson,Fiction,free,0,132,A classic fiction work by Roy Rolfe Gilson now available as a free public domain PDF. Originally published in the 19th–early 20th century this 132-page edition has been carefully formatted for modern screen and print reading.,<p>In the Morning Glow: Short Stories by Roy Rolfe Gilson is a classic work now available as a free public domain PDF download on Bookshelf. Part of Project Gutenberg's digital library of over 70 000 free ebooks.</p>,https://www.gutenberg.org/ebooks/43862.pdf.images,https://www.gutenberg.org/cache/epub/43862/pg43862.cover.medium.jpg,Free,#1a1a2e,#f5f1e8,#f59e0b,p-rings
The Bolsheviki and World Peace,A free public domain communism book,Leon Trotsky,Communism,free,0,320,A classic communism work by Leon Trotsky now available as a free public domain PDF. Originally published in the 19th–early 20th century this 320-page edition has been carefully formatted for modern screen and print reading.,<p>The Bolsheviki and World Peace by Leon Trotsky is a classic work now available as a free public domain PDF download on Bookshelf. Part of Project Gutenberg's digital library of over 70 000 free ebooks.</p>,https://www.gutenberg.org/ebooks/40273.pdf.images,https://www.gutenberg.org/cache/epub/40273/pg40273.cover.medium.jpg,Free,#0f2a43,#f5f1e8,#f59e0b,p-rings
The Playground of Satan,A free public domain fiction book,Beatrice C. Baskerville,Fiction,free,0,319,A classic fiction work by Beatrice C. Baskerville now available as a free public domain PDF. Originally published in the 19th–early 20th century this 319-page edition has been carefully formatted for modern screen and print reading.,<p>The Playground of Satan by Beatrice C. Baskerville is a classic work now available as a free public domain PDF download on Bookshelf. Part of Project Gutenberg's digital library of over 70 000 free ebooks.</p>,https://www.gutenberg.org/ebooks/41560.pdf.images,https://www.gutenberg.org/cache/epub/41560/pg41560.cover.medium.jpg,Free,#1a1a2e,#f5f1e8,#f59e0b,p-rings
Victor Victorious,A free public domain fiction book,Cecil Starr Johns,Fiction,free,0,249,A classic fiction work by Cecil Starr Johns now available as a free public domain PDF. Originally published in the 19th–early 20th century this 249-page edition has been carefully formatted for modern screen and print reading.,<p>Victor Victorious by Cecil Starr Johns is a classic work now available as a free public domain PDF download on Bookshelf. Part of Project Gutenberg's digital library of over 70 000 free ebooks.</p>,https://www.gutenberg.org/ebooks/46735.pdf.images,https://www.gutenberg.org/cache/epub/46735/pg46735.cover.medium.jpg,Free,#1a1a2e,#f5f1e8,#f59e0b,p-rings
A Mother's Year Book,A free public domain calendars book,Unknown Author,Calendars,free,0,109,A classic calendars work by Unknown Author now available as a free public domain PDF. Originally published in the 19th–early 20th century this 109-page edition has been carefully formatted for modern screen and print reading.,<p>A Mother's Year Book by Unknown Author is a classic work now available as a free public domain PDF download on Bookshelf. Part of Project Gutenberg's digital library of over 70 000 free ebooks.</p>,https://www.gutenberg.org/ebooks/53378.pdf.images,https://www.gutenberg.org/cache/epub/53378/pg53378.cover.medium.jpg,Free,#0f2a43,#f5f1e8,#f59e0b,p-rings
Bahá'u'lláh and the New Era,A free public domain bahai faith book,J. E. (John Ebenezer) Esslemont,Bahai faith,free,0,101,A classic bahai faith work by J. E. (John Ebenezer) Esslemont now available as a free public domain PDF. Originally published in the 19th–early 20th century this 101-page edition has been carefully formatted for modern screen and print reading.,<p>Bahá'u'lláh and the New Era by J. E. (John Ebenezer) Esslemont is a classic work now available as a free public domain PDF download on Bookshelf. Part of Project Gutenberg's digital library of over 70 000 free ebooks.</p>,https://www.gutenberg.org/files/19241/19241-pdf.pdf,https://www.gutenberg.org/cache/epub/19241/pg19241.cover.medium.jpg,Free,#0f2a43,#f5f1e8,#f59e0b,p-rings
An Imperial Marriage,A free public domain fiction book,Arthur W. Marchmont,Fiction,free,0,285,A classic fiction work by Arthur W. Marchmont now available as a free public domain PDF. Originally published in the 19th–early 20th century this 285-page edition has been carefully formatted for modern screen and print reading.,<p>An Imperial Marriage by Arthur W. Marchmont is a classic work now available as a free public domain PDF download on Bookshelf. Part of Project Gutenberg's digital library of over 70 000 free ebooks.</p>,https://www.gutenberg.org/ebooks/40800.pdf.images,https://www.gutenberg.org/cache/epub/40800/pg40800.cover.medium.jpg,Free,#1a1a2e,#f5f1e8,#f59e0b,p-rings
A Treatise on the Theory of Invariants,A free public domain invariants book,Oliver E. (Oliver Edmunds) Glenn,Invariants,free,0,145,A classic invariants work by Oliver E. (Oliver Edmunds) Glenn now available as a free public domain PDF. Originally published in the 19th–early 20th century this 145-page edition has been carefully formatted for modern screen and print reading.,<p>A Treatise on the Theory of Invariants by Oliver E. (Oliver Edmunds) Glenn is a classic work now available as a free public domain PDF download on Bookshelf. Part of Project Gutenberg's digital library of over 70 000 free ebooks.</p>,https://www.gutenberg.org/files/9933/9933-pdf.pdf,https://www.gutenberg.org/cache/epub/9933/pg9933.cover.medium.jpg,Free,#0f2a43,#f5f1e8,#f59e0b,p-rings
The Girl at Central,A free public domain fiction book,Geraldine Bonner,Fiction,free,0,101,A classic fiction work by Geraldine Bonner now available as a free public domain PDF. Originally published in the 19th–early 20th century this 101-page edition has been carefully formatted for modern screen and print reading.,<p>The Girl at Central by Geraldine Bonner is a classic work now available as a free public domain PDF download on Bookshelf. Part of Project Gutenberg's digital library of over 70 000 free ebooks.</p>,https://www.gutenberg.org/ebooks/35503.pdf.images,https://www.gutenberg.org/cache/epub/35503/pg35503.cover.medium.jpg,Free,#1a1a2e,#f5f1e8,#f59e0b,p-rings
Clara Vaughan Volume 2 (of 3),A free public domain fiction book,R. D. (Richard Doddridge) Blackmore,Fiction,free,0,233,A classic fiction work by R. D. (Richard Doddridge) Blackmore now available as a free public domain PDF. Originally published in the 19th–early 20th century this 233-page edition has been carefully formatted for modern screen and print reading.,<p>Clara Vaughan Volume 2 (of 3) by R. D. (Richard Doddridge) Blackmore is a classic work now available as a free public domain PDF download on Bookshelf. Part of Project Gutenberg's digital library of over 70 000 free ebooks.</p>,https://www.gutenberg.org/ebooks/41021.pdf.images,https://www.gutenberg.org/cache/epub/41021/pg41021.cover.medium.jpg,Free,#1a1a2e,#f5f1e8,#f59e0b,p-rings
Century of Light,A free public domain history book,Bahá'í International Community,History,free,0,113,A classic history work by Bahá'í International Community now available as a free public domain PDF. Originally published in the 19th–early 20th century this 113-page edition has been carefully formatted for modern screen and print reading.,<p>Century of Light by Bahá'í International Community is a classic work now available as a free public domain PDF download on Bookshelf. Part of Project Gutenberg's digital library of over 70 000 free ebooks.</p>,https://www.gutenberg.org/files/19267/19267-pdf.pdf,https://www.gutenberg.org/cache/epub/19267/pg19267.cover.medium.jpg,Free,#4a3728,#f5f1e8,#f59e0b,p-rings
The Secret of the Reef,A free public domain fiction book,Harold Bindloss,Fiction,free,0,263,A classic fiction work by Harold Bindloss now available as a free public domain PDF. Originally published in the 19th–early 20th century this 263-page edition has been carefully formatted for modern screen and print reading.,<p>The Secret of the Reef by Harold Bindloss is a classic work now available as a free public domain PDF download on Bookshelf. Part of Project Gutenberg's digital library of over 70 000 free ebooks.</p>,https://www.gutenberg.org/ebooks/35823.pdf.images,https://www.gutenberg.org/cache/epub/35823/pg35823.cover.medium.jpg,Free,#1a1a2e,#f5f1e8,#f59e0b,p-rings
The Potter and the Clay: A Romance of Today,A free public domain fiction book,Maud Howard Peterson,Fiction,free,0,213,A classic fiction work by Maud Howard Peterson now available as a free public domain PDF. Originally published in the 19th–early 20th century this 213-page edition has been carefully formatted for modern screen and print reading.,<p>The Potter and the Clay: A Romance of Today by Maud Howard Peterson is a classic work now available as a free public domain PDF download on Bookshelf. Part of Project Gutenberg's digital library of over 70 000 free ebooks.</p>,https://www.gutenberg.org/ebooks/47272.pdf.images,https://www.gutenberg.org/cache/epub/47272/pg47272.cover.medium.jpg,Free,#1a1a2e,#f5f1e8,#f59e0b,p-rings
String Quartet No. 03 in D major Opus 18,A free public domain art book,Ludwig van Beethoven,Art,free,0,303,A classic art work by Ludwig van Beethoven now available as a free public domain PDF. Originally published in the 19th–early 20th century this 303-page edition has been carefully formatted for modern screen and print reading.,<p>String Quartet No. 03 in D major Opus 18 by Ludwig van Beethoven is a classic work now available as a free public domain PDF download on Bookshelf. Part of Project Gutenberg's digital library of over 70 000 free ebooks.</p>,https://www.gutenberg.org/files/12149/12149-pdf/12149-Complete.pdf,https://www.gutenberg.org/cache/epub/12149/pg12149.cover.medium.jpg,Free,#4a2b2b,#f5f1e8,#f59e0b,p-rings
Letters from the Guardian to Australia and New Zealand,A free public domain bahai faith book,Effendi Shoghi,Bahai faith,free,0,222,A classic bahai faith work by Effendi Shoghi now available as a free public domain PDF. Originally published in the 19th–early 20th century this 222-page edition has been carefully formatted for modern screen and print reading.,<p>Letters from the Guardian to Australia and New Zealand by Effendi Shoghi is a classic work now available as a free public domain PDF download on Bookshelf. Part of Project Gutenberg's digital library of over 70 000 free ebooks.</p>,https://www.gutenberg.org/files/19274/19274-pdf.pdf,https://www.gutenberg.org/cache/epub/19274/pg19274.cover.medium.jpg,Free,#0f2a43,#f5f1e8,#f59e0b,p-rings
A Man's World,A free public domain fiction book,Albert Edwards,Fiction,free,0,127,A classic fiction work by Albert Edwards now available as a free public domain PDF. Originally published in the 19th–early 20th century this 127-page edition has been carefully formatted for modern screen and print reading.,<p>A Man's World by Albert Edwards is a classic work now available as a free public domain PDF download on Bookshelf. Part of Project Gutenberg's digital library of over 70 000 free ebooks.</p>,https://www.gutenberg.org/ebooks/44878.pdf.images,https://www.gutenberg.org/cache/epub/44878/pg44878.cover.medium.jpg,Free,#1a1a2e,#f5f1e8,#f59e0b,p-rings
Paris Talks,A free public domain bahai faith book,ʻAbdu'l-Bahá,Bahai faith,free,0,316,A classic bahai faith work by ʻAbdu'l-Bahá now available as a free public domain PDF. Originally published in the 19th–early 20th century this 316-page edition has been carefully formatted for modern screen and print reading.,<p>Paris Talks by ʻAbdu'l-Bahá is a classic work now available as a free public domain PDF download on Bookshelf. Part of Project Gutenberg's digital library of over 70 000 free ebooks.</p>,https://www.gutenberg.org/files/19284/19284-pdf.pdf,https://www.gutenberg.org/cache/epub/19284/pg19284.cover.medium.jpg,Free,#0f2a43,#f5f1e8,#f59e0b,p-rings
Rembrandt's Amsterdam,A free public domain amsterdam (netherlands) book,Frits Lugt,Amsterdam (netherlands),free,0,108,A classic amsterdam (netherlands) work by Frits Lugt now available as a free public domain PDF. Originally published in the 19th–early 20th century this 108-page edition has been carefully formatted for modern screen and print reading.,<p>Rembrandt's Amsterdam by Frits Lugt is a classic work now available as a free public domain PDF download on Bookshelf. Part of Project Gutenberg's digital library of over 70 000 free ebooks.</p>,https://www.gutenberg.org/files/31127/31127-pdf.pdf,https://www.gutenberg.org/cache/epub/31127/pg31127.cover.medium.jpg,Free,#0f2a43,#f5f1e8,#f59e0b,p-rings
Sixpenny Pieces,A free public domain fiction book,A. Neil (Albert Neil) Lyons,Fiction,free,0,257,A classic fiction work by A. Neil (Albert Neil) Lyons now available as a free public domain PDF. Originally published in the 19th–early 20th century this 257-page edition has been carefully formatted for modern screen and print reading.,<p>Sixpenny Pieces by A. Neil (Albert Neil) Lyons is a classic work now available as a free public domain PDF download on Bookshelf. Part of Project Gutenberg's digital library of over 70 000 free ebooks.</p>,https://www.gutenberg.org/ebooks/44952.pdf.images,https://www.gutenberg.org/cache/epub/44952/pg44952.cover.medium.jpg,Free,#1a1a2e,#f5f1e8,#f59e0b,p-rings
The Whirl: A Romance of Washington Society,A free public domain fiction book,Foxcroft Davis,Fiction,free,0,155,A classic fiction work by Foxcroft Davis now available as a free public domain PDF. Originally published in the 19th–early 20th century this 155-page edition has been carefully formatted for modern screen and print reading.,<p>The Whirl: A Romance of Washington Society by Foxcroft Davis is a classic work now available as a free public domain PDF download on Bookshelf. Part of Project Gutenberg's digital library of over 70 000 free ebooks.</p>,https://www.gutenberg.org/ebooks/45100.pdf.images,https://www.gutenberg.org/cache/epub/45100/pg45100.cover.medium.jpg,Free,#1a1a2e,#f5f1e8,#f59e0b,p-rings
The Soul of the Soldier: Sketches from the Western Battle-Front,A free public domain world war 1914-1918 book,Thomas Tiplady,"World war, 1914-1918",free,0,188,A classic world war 1914-1918 work by Thomas Tiplady now available as a free public domain PDF. Originally published in the 19th–early 20th century this 188-page edition has been carefully formatted for modern screen and print reading.,<p>The Soul of the Soldier: Sketches from the Western Battle-Front by Thomas Tiplady is a classic work now available as a free public domain PDF download on Bookshelf. Part of Project Gutenberg's digital library of over 70 000 free ebooks.</p>,https://www.gutenberg.org/ebooks/46323.pdf.images,https://www.gutenberg.org/cache/epub/46323/pg46323.cover.medium.jpg,Free,#0f2a43,#f5f1e8,#f59e0b,p-rings
The Tory Lover,A free public domain fiction book,Sarah Orne Jewett,Fiction,free,0,208,A classic fiction work by Sarah Orne Jewett now available as a free public domain PDF. Originally published in the 19th–early 20th century this 208-page edition has been carefully formatted for modern screen and print reading.,<p>The Tory Lover by Sarah Orne Jewett is a classic work now available as a free public domain PDF download on Bookshelf. Part of Project Gutenberg's digital library of over 70 000 free ebooks.</p>,https://www.gutenberg.org/ebooks/51537.pdf.images,https://www.gutenberg.org/cache/epub/51537/pg51537.cover.medium.jpg,Free,#1a1a2e,#f5f1e8,#f59e0b,p-rings
Hilda's Mascot: A Tale of Maryland My Maryland,A free public domain fiction book,Mary E. (Mary Eliza) Ireland,Fiction,free,0,260,A classic fiction work by Mary E. (Mary Eliza) Ireland now available as a free public domain PDF. Originally published in the 19th–early 20th century this 260-page edition has been carefully formatted for modern screen and print reading.,<p>Hilda's Mascot: A Tale of Maryland My Maryland by Mary E. (Mary Eliza) Ireland is a classic work now available as a free public domain PDF download on Bookshelf. Part of Project Gutenberg's digital library of over 70 000 free ebooks.</p>,https://www.gutenberg.org/ebooks/40620.pdf.images,https://www.gutenberg.org/cache/epub/40620/pg40620.cover.medium.jpg,Free,#1a1a2e,#f5f1e8,#f59e0b,p-rings
Flower o' the Peach,A free public domain fiction book,Perceval Gibbon,Fiction,free,0,106,A classic fiction work by Perceval Gibbon now available as a free public domain PDF. Originally published in the 19th–early 20th century this 106-page edition has been carefully formatted for modern screen and print reading.,<p>Flower o' the Peach by Perceval Gibbon is a classic work now available as a free public domain PDF download on Bookshelf. Part of Project Gutenberg's digital library of over 70 000 free ebooks.</p>,https://www.gutenberg.org/ebooks/44195.pdf.images,https://www.gutenberg.org/cache/epub/44195/pg44195.cover.medium.jpg,Free,#1a1a2e,#f5f1e8,#f59e0b,p-rings
Bosambo of the River,A free public domain fiction book,Edgar Wallace,Fiction,free,0,124,A classic fiction work by Edgar Wallace now available as a free public domain PDF. Originally published in the 19th–early 20th century this 124-page edition has been carefully formatted for modern screen and print reading.,<p>Bosambo of the River by Edgar Wallace is a classic work now available as a free public domain PDF download on Bookshelf. Part of Project Gutenberg's digital library of over 70 000 free ebooks.</p>,https://www.gutenberg.org/ebooks/49657.pdf.images,https://www.gutenberg.org/cache/epub/49657/pg49657.cover.medium.jpg,Free,#1a1a2e,#f5f1e8,#f59e0b,p-rings
Professor Johnny,A free public domain fiction book,J. Ā. K.,Fiction,free,0,201,A classic fiction work by J. Ā. K. now available as a free public domain PDF. Originally published in the 19th–early 20th century this 201-page edition has been carefully formatted for modern screen and print reading.,<p>Professor Johnny by J. Ā. K. is a classic work now available as a free public domain PDF download on Bookshelf. Part of Project Gutenberg's digital library of over 70 000 free ebooks.</p>,https://www.gutenberg.org/ebooks/53074.pdf.images,https://www.gutenberg.org/cache/epub/53074/pg53074.cover.medium.jpg,Free,#1a1a2e,#f5f1e8,#f59e0b,p-rings
The American Missionary — Volume 50 No. 06 June 1896,A free public domain congregational churches book,Various,Congregational churches,free,0,308,A classic congregational churches work by Various now available as a free public domain PDF. Originally published in the 19th–early 20th century this 308-page edition has been carefully formatted for modern screen and print reading.,<p>The American Missionary — Volume 50 No. 06 June 1896 by Various is a classic work now available as a free public domain PDF download on Bookshelf. Part of Project Gutenberg's digital library of over 70 000 free ebooks.</p>,https://www.gutenberg.org/files/19890/19890-pdf.pdf,https://www.gutenberg.org/cache/epub/19890/pg19890.cover.medium.jpg,Free,#0f2a43,#f5f1e8,#f59e0b,p-rings
Ultima Thule,A free public domain fiction book,Mack Reynolds,Fiction,free,0,284,A classic fiction work by Mack Reynolds now available as a free public domain PDF. Originally published in the 19th–early 20th century this 284-page edition has been carefully formatted for modern screen and print reading.,<p>Ultima Thule by Mack Reynolds is a classic work now available as a free public domain PDF download on Bookshelf. Part of Project Gutenberg's digital library of over 70 000 free ebooks.</p>,https://www.gutenberg.org/files/30334/30334-pdf.pdf,https://www.gutenberg.org/cache/epub/30334/pg30334.cover.medium.jpg,Free,#1a1a2e,#f5f1e8,#f59e0b,p-rings
Kitty's Picnic and Other Stories,A free public domain fiction book,Anonymous,Fiction,free,0,239,A classic fiction work by Anonymous now available as a free public domain PDF. Originally published in the 19th–early 20th century this 239-page edition has been carefully formatted for modern screen and print reading.,<p>Kitty's Picnic and Other Stories by Anonymous is a classic work now available as a free public domain PDF download on Bookshelf. Part of Project Gutenberg's digital library of over 70 000 free ebooks.</p>,https://www.gutenberg.org/ebooks/43999.pdf.images,https://www.gutenberg.org/cache/epub/43999/pg43999.cover.medium.jpg,Free,#1a1a2e,#f5f1e8,#f59e0b,p-rings
Memorials of the Faithful,A free public domain biography book,ʻAbdu'l-Bahá,Biography,free,0,130,A classic biography work by ʻAbdu'l-Bahá now available as a free public domain PDF. Originally published in the 19th–early 20th century this 130-page edition has been carefully formatted for modern screen and print reading.,<p>Memorials of the Faithful by ʻAbdu'l-Bahá is a classic work now available as a free public domain PDF download on Bookshelf. Part of Project Gutenberg's digital library of over 70 000 free ebooks.</p>,https://www.gutenberg.org/files/19279/19279-pdf.pdf,https://www.gutenberg.org/cache/epub/19279/pg19279.cover.medium.jpg,Free,#2d4a22,#f5f1e8,#f59e0b,p-rings
Rembrandt and His Etchings: A Compact Record of the Artist's Life His Work and his Time. With the complete Chronological,A free public domain rembrandt harmenszoon van rijn 1606-1669 book,Louis A. (Louis Arthur) Holman,"Rembrandt harmenszoon van rijn, 1606-1669",free,0,203,A classic rembrandt harmenszoon van rijn 1606-1669 work by Louis A. (Louis Arthur) Holman now available as a free public domain PDF. Originally published in the 19th–early 20th century this 203-page edition has been carefully formatted for modern screen and print reading.,<p>Rembrandt and His Etchings: A Compact Record of the Artist's Life His Work and his Time. With the complete Chronological List of his Etchings by Louis A. (Louis Arthur) Holman is a classic work now available as a free public domain PDF download on Bookshelf. Part of Project Gutenberg's digital library of over 70 000 free ebooks.</p>,https://www.gutenberg.org/files/30895/30895-pdf.pdf,https://www.gutenberg.org/cache/epub/30895/pg30895.cover.medium.jpg,Free,#0f2a43,#f5f1e8,#f59e0b,p-rings
The Blue Raider: A Tale of Adventure in the Southern Seas,A free public domain fiction book,Herbert Strang,Fiction,free,0,247,A classic fiction work by Herbert Strang now available as a free public domain PDF. Originally published in the 19th–early 20th century this 247-page edition has been carefully formatted for modern screen and print reading.,<p>The Blue Raider: A Tale of Adventure in the Southern Seas by Herbert Strang is a classic work now available as a free public domain PDF download on Bookshelf. Part of Project Gutenberg's digital library of over 70 000 free ebooks.</p>,https://www.gutenberg.org/ebooks/40364.pdf.images,https://www.gutenberg.org/cache/epub/40364/pg40364.cover.medium.jpg,Free,#1a1a2e,#f5f1e8,#f59e0b,p-rings
Robert Kimberly,A free public domain fiction book,Frank H. (Frank Hamilton) Spearman,Fiction,free,0,212,A classic fiction work by Frank H. (Frank Hamilton) Spearman now available as a free public domain PDF. Originally published in the 19th–early 20th century this 212-page edition has been carefully formatted for modern screen and print reading.,<p>Robert Kimberly by Frank H. (Frank Hamilton) Spearman is a classic work now available as a free public domain PDF download on Bookshelf. Part of Project Gutenberg's digital library of over 70 000 free ebooks.</p>,https://www.gutenberg.org/ebooks/41433.pdf.images,https://www.gutenberg.org/cache/epub/41433/pg41433.cover.medium.jpg,Free,#1a1a2e,#f5f1e8,#f59e0b,p-rings
The Captain's Story; or The Disobedient Son,A free public domain fiction book,Unknown Author,Fiction,free,0,161,A classic fiction work by Unknown Author now available as a free public domain PDF. Originally published in the 19th–early 20th century this 161-page edition has been carefully formatted for modern screen and print reading.,<p>The Captain's Story; or The Disobedient Son by Unknown Author is a classic work now available as a free public domain PDF download on Bookshelf. Part of Project Gutenberg's digital library of over 70 000 free ebooks.</p>,https://www.gutenberg.org/ebooks/51188.pdf.images,https://www.gutenberg.org/cache/epub/51188/pg51188.cover.medium.jpg,Free,#1a1a2e,#f5f1e8,#f59e0b,p-rings
Alive in the jungle : $b A story for the young,A free public domain fiction book,Eleanor Stredder,Fiction,free,0,311,A classic fiction work by Eleanor Stredder now available as a free public domain PDF. Originally published in the 19th–early 20th century this 311-page edition has been carefully formatted for modern screen and print reading.,<p>Alive in the jungle : $b A story for the young by Eleanor Stredder is a classic work now available as a free public domain PDF download on Bookshelf. Part of Project Gutenberg's digital library of over 70 000 free ebooks.</p>,https://www.gutenberg.org/ebooks/43595.pdf.images,https://www.gutenberg.org/cache/epub/43595/pg43595.cover.medium.jpg,Free,#1a1a2e,#f5f1e8,#f59e0b,p-rings
Latter-Day Sweethearts,A free public domain fiction book,Mrs. Burton Harrison,Fiction,free,0,158,A classic fiction work by Mrs. Burton Harrison now available as a free public domain PDF. Originally published in the 19th–early 20th century this 158-page edition has been carefully formatted for modern screen and print reading.,<p>Latter-Day Sweethearts by Mrs. Burton Harrison is a classic work now available as a free public domain PDF download on Bookshelf. Part of Project Gutenberg's digital library of over 70 000 free ebooks.</p>,https://www.gutenberg.org/ebooks/49494.pdf.images,https://www.gutenberg.org/cache/epub/49494/pg49494.cover.medium.jpg,Free,#1a1a2e,#f5f1e8,#f59e0b,p-rings
A Lad of Grit: A Story of Adventure on Land and Sea in Restoration Times,A free public domain fiction book,Percy F. (Percy Francis) Westerman,Fiction,free,0,192,A classic fiction work by Percy F. (Percy Francis) Westerman now available as a free public domain PDF. Originally published in the 19th–early 20th century this 192-page edition has been carefully formatted for modern screen and print reading.,<p>A Lad of Grit: A Story of Adventure on Land and Sea in Restoration Times by Percy F. (Percy Francis) Westerman is a classic work now available as a free public domain PDF download on Bookshelf. Part of Project Gutenberg's digital library of over 70 000 free ebooks.</p>,https://www.gutenberg.org/ebooks/39490.pdf.images,https://www.gutenberg.org/cache/epub/39490/pg39490.cover.medium.jpg,Free,#1a1a2e,#f5f1e8,#f59e0b,p-rings
Adam Hepburn's Vow: A Tale of Kirk and Covenant,A free public domain fiction book,Annie S. Swan,Fiction,free,0,278,A classic fiction work by Annie S. Swan now available as a free public domain PDF. Originally published in the 19th–early 20th century this 278-page edition has been carefully formatted for modern screen and print reading.,<p>Adam Hepburn's Vow: A Tale of Kirk and Covenant by Annie S. Swan is a classic work now available as a free public domain PDF download on Bookshelf. Part of Project Gutenberg's digital library of over 70 000 free ebooks.</p>,https://www.gutenberg.org/ebooks/46966.pdf.images,https://www.gutenberg.org/cache/epub/46966/pg46966.cover.medium.jpg,Free,#1a1a2e,#f5f1e8,#f59e0b,p-rings
Her Lord and Master,A free public domain fiction book,Martha Morton,Fiction,free,0,171,A classic fiction work by Martha Morton now available as a free public domain PDF. Originally published in the 19th–early 20th century this 171-page edition has been carefully formatted for modern screen and print reading.,<p>Her Lord and Master by Martha Morton is a classic work now available as a free public domain PDF download on Bookshelf. Part of Project Gutenberg's digital library of over 70 000 free ebooks.</p>,https://www.gutenberg.org/ebooks/48337.pdf.images,https://www.gutenberg.org/cache/epub/48337/pg48337.cover.medium.jpg,Free,#1a1a2e,#f5f1e8,#f59e0b,p-rings
With the French Flying Corps,A free public domain aeronautics military book,Carroll Dana Winslow,"Aeronautics, military",free,0,109,A classic aeronautics military work by Carroll Dana Winslow now available as a free public domain PDF. Originally published in the 19th–early 20th century this 109-page edition has been carefully formatted for modern screen and print reading.,<p>With the French Flying Corps by Carroll Dana Winslow is a classic work now available as a free public domain PDF download on Bookshelf. Part of Project Gutenberg's digital library of over 70 000 free ebooks.</p>,https://www.gutenberg.org/ebooks/46299.pdf.images,https://www.gutenberg.org/cache/epub/46299/pg46299.cover.medium.jpg,Free,#0f2a43,#f5f1e8,#f59e0b,p-rings
Mary Queen of Scots in History,A free public domain mary queen of scots 1542-1587 book,C. A. Campbell,"Mary, queen of scots, 1542-1587",free,0,261,A classic mary queen of scots 1542-1587 work by C. A. Campbell now available as a free public domain PDF. Originally published in the 19th–early 20th century this 261-page edition has been carefully formatted for modern screen and print reading.,<p>Mary Queen of Scots in History by C. A. Campbell is a classic work now available as a free public domain PDF download on Bookshelf. Part of Project Gutenberg's digital library of over 70 000 free ebooks.</p>,https://www.gutenberg.org/ebooks/43074.pdf.images,https://www.gutenberg.org/cache/epub/43074/pg43074.cover.medium.jpg,Free,#0f2a43,#f5f1e8,#f59e0b,p-rings
Greenacre Girls,A free public domain fiction book,Izola L. (Izola Louise) Forrester,Fiction,free,0,194,A classic fiction work by Izola L. (Izola Louise) Forrester now available as a free public domain PDF. Originally published in the 19th–early 20th century this 194-page edition has been carefully formatted for modern screen and print reading.,<p>Greenacre Girls by Izola L. (Izola Louise) Forrester is a classic work now available as a free public domain PDF download on Bookshelf. Part of Project Gutenberg's digital library of over 70 000 free ebooks.</p>,https://www.gutenberg.org/ebooks/47854.pdf.images,https://www.gutenberg.org/cache/epub/47854/pg47854.cover.medium.jpg,Free,#1a1a2e,#f5f1e8,#f59e0b,p-rings
Japonette,A free public domain fiction book,Robert W. (Robert William) Chambers,Fiction,free,0,302,A classic fiction work by Robert W. (Robert William) Chambers now available as a free public domain PDF. Originally published in the 19th–early 20th century this 302-page edition has been carefully formatted for modern screen and print reading.,<p>Japonette by Robert W. (Robert William) Chambers is a classic work now available as a free public domain PDF download on Bookshelf. Part of Project Gutenberg's digital library of over 70 000 free ebooks.</p>,https://www.gutenberg.org/ebooks/52842.pdf.images,https://www.gutenberg.org/cache/epub/52842/pg52842.cover.medium.jpg,Free,#1a1a2e,#f5f1e8,#f59e0b,p-rings
The Human Boy and the War,A free public domain fiction book,Eden Phillpotts,Fiction,free,0,321,A classic fiction work by Eden Phillpotts now available as a free public domain PDF. Originally published in the 19th–early 20th century this 321-page edition has been carefully formatted for modern screen and print reading.,<p>The Human Boy and the War by Eden Phillpotts is a classic work now available as a free public domain PDF download on Bookshelf. Part of Project Gutenberg's digital library of over 70 000 free ebooks.</p>,https://www.gutenberg.org/ebooks/41779.pdf.images,https://www.gutenberg.org/cache/epub/41779/pg41779.cover.medium.jpg,Free,#1a1a2e,#f5f1e8,#f59e0b,p-rings
The Girls of Chequertrees,A free public domain fiction book,Marion St. John Webb,Fiction,free,0,195,A classic fiction work by Marion St. John Webb now available as a free public domain PDF. Originally published in the 19th–early 20th century this 195-page edition has been carefully formatted for modern screen and print reading.,<p>The Girls of Chequertrees by Marion St. John Webb is a classic work now available as a free public domain PDF download on Bookshelf. Part of Project Gutenberg's digital library of over 70 000 free ebooks.</p>,https://www.gutenberg.org/ebooks/47471.pdf.images,https://www.gutenberg.org/cache/epub/47471/pg47471.cover.medium.jpg,Free,#1a1a2e,#f5f1e8,#f59e0b,p-rings
Light-Fingered Gentry,A free public domain fiction book,David Graham Phillips,Fiction,free,0,86,A classic fiction work by David Graham Phillips now available as a free public domain PDF. Originally published in the 19th–early 20th century this 86-page edition has been carefully formatted for modern screen and print reading.,<p>Light-Fingered Gentry by David Graham Phillips is a classic work now available as a free public domain PDF download on Bookshelf. Part of Project Gutenberg's digital library of over 70 000 free ebooks.</p>,https://www.gutenberg.org/ebooks/48621.pdf.images,https://www.gutenberg.org/cache/epub/48621/pg48621.cover.medium.jpg,Free,#1a1a2e,#f5f1e8,#f59e0b,p-rings
Dawn of a New Day,A free public domain bahai faith book,Effendi Shoghi,Bahai faith,free,0,89,A classic bahai faith work by Effendi Shoghi now available as a free public domain PDF. Originally published in the 19th–early 20th century this 89-page edition has been carefully formatted for modern screen and print reading.,<p>Dawn of a New Day by Effendi Shoghi is a classic work now available as a free public domain PDF download on Bookshelf. Part of Project Gutenberg's digital library of over 70 000 free ebooks.</p>,https://www.gutenberg.org/files/19271/19271-pdf.pdf,https://www.gutenberg.org/cache/epub/19271/pg19271.cover.medium.jpg,Free,#0f2a43,#f5f1e8,#f59e0b,p-rings
Ward Hill the Senior,A free public domain fiction book,Everett T. (Everett Titsworth) Tomlinson,Fiction,free,0,224,A classic fiction work by Everett T. (Everett Titsworth) Tomlinson now available as a free public domain PDF. Originally published in the 19th–early 20th century this 224-page edition has been carefully formatted for modern screen and print reading.,<p>Ward Hill the Senior by Everett T. (Everett Titsworth) Tomlinson is a classic work now available as a free public domain PDF download on Bookshelf. Part of Project Gutenberg's digital library of over 70 000 free ebooks.</p>,https://www.gutenberg.org/ebooks/52610.pdf.images,https://www.gutenberg.org/cache/epub/52610/pg52610.cover.medium.jpg,Free,#1a1a2e,#f5f1e8,#f59e0b,p-rings
Settlers and Scouts: A Tale of the African Highlands,A free public domain fiction book,Herbert Strang,Fiction,free,0,234,A classic fiction work by Herbert Strang now available as a free public domain PDF. Originally published in the 19th–early 20th century this 234-page edition has been carefully formatted for modern screen and print reading.,<p>Settlers and Scouts: A Tale of the African Highlands by Herbert Strang is a classic work now available as a free public domain PDF download on Bookshelf. Part of Project Gutenberg's digital library of over 70 000 free ebooks.</p>,https://www.gutenberg.org/ebooks/39161.pdf.images,https://www.gutenberg.org/cache/epub/39161/pg39161.cover.medium.jpg,Free,#1a1a2e,#f5f1e8,#f59e0b,p-rings
At the Black Rocks,A free public domain fiction book,Edward A. (Edward Augustus) Rand,Fiction,free,0,291,A classic fiction work by Edward A. (Edward Augustus) Rand now available as a free public domain PDF. Originally published in the 19th–early 20th century this 291-page edition has been carefully formatted for modern screen and print reading.,<p>At the Black Rocks by Edward A. (Edward Augustus) Rand is a classic work now available as a free public domain PDF download on Bookshelf. Part of Project Gutenberg's digital library of over 70 000 free ebooks.</p>,https://www.gutenberg.org/ebooks/40269.pdf.images,https://www.gutenberg.org/cache/epub/40269/pg40269.cover.medium.jpg,Free,#1a1a2e,#f5f1e8,#f59e0b,p-rings
A Woman Martyr,A free public domain fiction book,Alice M. (Alice Mangold) Diehl,Fiction,free,0,250,A classic fiction work by Alice M. (Alice Mangold) Diehl now available as a free public domain PDF. Originally published in the 19th–early 20th century this 250-page edition has been carefully formatted for modern screen and print reading.,<p>A Woman Martyr by Alice M. (Alice Mangold) Diehl is a classic work now available as a free public domain PDF download on Bookshelf. Part of Project Gutenberg's digital library of over 70 000 free ebooks.</p>,https://www.gutenberg.org/ebooks/41711.pdf.images,https://www.gutenberg.org/cache/epub/41711/pg41711.cover.medium.jpg,Free,#1a1a2e,#f5f1e8,#f59e0b,p-rings
The Green Bough,A free public domain fiction book,E. Temple (Ernest Temple) Thurston,Fiction,free,0,115,A classic fiction work by E. Temple (Ernest Temple) Thurston now available as a free public domain PDF. Originally published in the 19th–early 20th century this 115-page edition has been carefully formatted for modern screen and print reading.,<p>The Green Bough by E. Temple (Ernest Temple) Thurston is a classic work now available as a free public domain PDF download on Bookshelf. Part of Project Gutenberg's digital library of over 70 000 free ebooks.</p>,https://www.gutenberg.org/ebooks/41895.pdf.images,https://www.gutenberg.org/cache/epub/41895/pg41895.cover.medium.jpg,Free,#1a1a2e,#f5f1e8,#f59e0b,p-rings
The Pan-German Programme: The Petition of the Six Associations and the Manifesto of the Intellectuals,A free public domain pangermanism book,Unknown Author,Pangermanism,free,0,195,A classic pangermanism work by Unknown Author now available as a free public domain PDF. Originally published in the 19th–early 20th century this 195-page edition has been carefully formatted for modern screen and print reading.,<p>The Pan-German Programme: The Petition of the Six Associations and the Manifesto of the Intellectuals by Unknown Author is a classic work now available as a free public domain PDF download on Bookshelf. Part of Project Gutenberg's digital library of over 70 000 free ebooks.</p>,https://www.gutenberg.org/ebooks/46192.pdf.images,https://www.gutenberg.org/cache/epub/46192/pg46192.cover.medium.jpg,Free,#0f2a43,#f5f1e8,#f59e0b,p-rings
The Supernatural in the New Testament Possible Credible and Historical: Or An Examination of the Validity of Some Recent,A free public domain bible. new testament book,C. A. (Charles Adolphus) Row,Bible. new testament,free,0,328,A classic bible. new testament work by C. A. (Charles Adolphus) Row now available as a free public domain PDF. Originally published in the 19th–early 20th century this 328-page edition has been carefully formatted for modern screen and print reading.,<p>The Supernatural in the New Testament Possible Credible and Historical: Or An Examination of the Validity of Some Recent Objections Against Christianity as a Divine Revelation by C. A. (Charles Adolphus) Row is a classic work now available as a free public domain PDF download on Bookshelf. Part of Project Gutenberg's digital library of over 70 000 free ebooks.</p>,https://www.gutenberg.org/files/46630/46630-pdf.pdf,https://www.gutenberg.org/cache/epub/46630/pg46630.cover.medium.jpg,Free,#0f2a43,#f5f1e8,#f59e0b,p-rings
The Silent Call,A free public domain fiction book,Edwin Milton Royle,Fiction,free,0,117,A classic fiction work by Edwin Milton Royle now available as a free public domain PDF. Originally published in the 19th–early 20th century this 117-page edition has been carefully formatted for modern screen and print reading.,<p>The Silent Call by Edwin Milton Royle is a classic work now available as a free public domain PDF download on Bookshelf. Part of Project Gutenberg's digital library of over 70 000 free ebooks.</p>,https://www.gutenberg.org/ebooks/51611.pdf.images,https://www.gutenberg.org/cache/epub/51611/pg51611.cover.medium.jpg,Free,#1a1a2e,#f5f1e8,#f59e0b,p-rings
Fresh light from the ancient monuments : $b A sketch of the most striking confirmations of the Bible from recent discove,A free public domain bible book,A. H. (Archibald Henry) Sayce,Bible,free,0,163,A classic bible work by A. H. (Archibald Henry) Sayce now available as a free public domain PDF. Originally published in the 19th–early 20th century this 163-page edition has been carefully formatted for modern screen and print reading.,<p>Fresh light from the ancient monuments : $b A sketch of the most striking confirmations of the Bible from recent discoveries in Egypt Palestine Assyria Babylonia Asia Minor by A. H. (Archibald Henry) Sayce is a classic work now available as a free public domain PDF download on Bookshelf. Part of Project Gutenberg's digital library of over 70 000 free ebooks.</p>,https://www.gutenberg.org/files/32883/32883-pdf.pdf,https://www.gutenberg.org/cache/epub/32883/pg32883.cover.medium.jpg,Free,#0f2a43,#f5f1e8,#f59e0b,p-rings
Burton of the Flying Corps,A free public domain fiction book,Herbert Strang,Fiction,free,0,142,A classic fiction work by Herbert Strang now available as a free public domain PDF. Originally published in the 19th–early 20th century this 142-page edition has been carefully formatted for modern screen and print reading.,<p>Burton of the Flying Corps by Herbert Strang is a classic work now available as a free public domain PDF download on Bookshelf. Part of Project Gutenberg's digital library of over 70 000 free ebooks.</p>,https://www.gutenberg.org/ebooks/41737.pdf.images,https://www.gutenberg.org/cache/epub/41737/pg41737.cover.medium.jpg,Free,#1a1a2e,#f5f1e8,#f59e0b,p-rings
The Cardinal Moth,A free public domain fiction book,Fred M. (Fred Merrick) White,Fiction,free,0,317,A classic fiction work by Fred M. (Fred Merrick) White now available as a free public domain PDF. Originally published in the 19th–early 20th century this 317-page edition has been carefully formatted for modern screen and print reading.,<p>The Cardinal Moth by Fred M. (Fred Merrick) White is a classic work now available as a free public domain PDF download on Bookshelf. Part of Project Gutenberg's digital library of over 70 000 free ebooks.</p>,https://www.gutenberg.org/ebooks/43674.pdf.images,https://www.gutenberg.org/cache/epub/43674/pg43674.cover.medium.jpg,Free,#1a1a2e,#f5f1e8,#f59e0b,p-rings
Flower o' the Heather: A Story of the Killing Times,A free public domain fiction book,Robert William MacKenna,Fiction,free,0,159,A classic fiction work by Robert William MacKenna now available as a free public domain PDF. Originally published in the 19th–early 20th century this 159-page edition has been carefully formatted for modern screen and print reading.,<p>Flower o' the Heather: A Story of the Killing Times by Robert William MacKenna is a classic work now available as a free public domain PDF download on Bookshelf. Part of Project Gutenberg's digital library of over 70 000 free ebooks.</p>,https://www.gutenberg.org/ebooks/46769.pdf.images,https://www.gutenberg.org/cache/epub/46769/pg46769.cover.medium.jpg,Free,#1a1a2e,#f5f1e8,#f59e0b,p-rings
In the Misty Seas: A Story of the Sealers of Behring Strait,A free public domain fiction book,Harold Bindloss,Fiction,free,0,275,A classic fiction work by Harold Bindloss now available as a free public domain PDF. Originally published in the 19th–early 20th century this 275-page edition has been carefully formatted for modern screen and print reading.,<p>In the Misty Seas: A Story of the Sealers of Behring Strait by Harold Bindloss is a classic work now available as a free public domain PDF download on Bookshelf. Part of Project Gutenberg's digital library of over 70 000 free ebooks.</p>,https://www.gutenberg.org/ebooks/47992.pdf.images,https://www.gutenberg.org/cache/epub/47992/pg47992.cover.medium.jpg,Free,#1a1a2e,#f5f1e8,#f59e0b,p-rings
Brigadier Frederick; and The Dean's Watch,A free public domain fiction book,Erckmann-Chatrian,Fiction,free,0,219,A classic fiction work by Erckmann-Chatrian now available as a free public domain PDF. Originally published in the 19th–early 20th century this 219-page edition has been carefully formatted for modern screen and print reading.,<p>Brigadier Frederick; and The Dean's Watch by Erckmann-Chatrian is a classic work now available as a free public domain PDF download on Bookshelf. Part of Project Gutenberg's digital library of over 70 000 free ebooks.</p>,https://www.gutenberg.org/ebooks/50186.pdf.images,https://www.gutenberg.org/cache/epub/50186/pg50186.cover.medium.jpg,Free,#1a1a2e,#f5f1e8,#f59e0b,p-rings
The Romance of Gilbert Holmes: An Historical Novel,A free public domain fiction book,Marshall M. (Marshall Monroe) Kirkman,Fiction,free,0,248,A classic fiction work by Marshall M. (Marshall Monroe) Kirkman now available as a free public domain PDF. Originally published in the 19th–early 20th century this 248-page edition has been carefully formatted for modern screen and print reading.,<p>The Romance of Gilbert Holmes: An Historical Novel by Marshall M. (Marshall Monroe) Kirkman is a classic work now available as a free public domain PDF download on Bookshelf. Part of Project Gutenberg's digital library of over 70 000 free ebooks.</p>,https://www.gutenberg.org/ebooks/53006.pdf.images,https://www.gutenberg.org/cache/epub/53006/pg53006.cover.medium.jpg,Free,#1a1a2e,#f5f1e8,#f59e0b,p-rings
‘Abdu'l-Bahá in London,A free public domain bahai faith book,ʻAbdu'l-Bahá,Bahai faith,free,0,105,A classic bahai faith work by ʻAbdu'l-Bahá now available as a free public domain PDF. Originally published in the 19th–early 20th century this 105-page edition has been carefully formatted for modern screen and print reading.,<p>‘Abdu'l-Bahá in London by ʻAbdu'l-Bahá is a classic work now available as a free public domain PDF download on Bookshelf. Part of Project Gutenberg's digital library of over 70 000 free ebooks.</p>,https://www.gutenberg.org/files/19250/19250-pdf.pdf,https://www.gutenberg.org/cache/epub/19250/pg19250.cover.medium.jpg,Free,#0f2a43,#f5f1e8,#f59e0b,p-rings
Raiding with Morgan,A free public domain fiction book,Byron A. (Byron Archibald) Dunn,Fiction,free,0,176,A classic fiction work by Byron A. (Byron Archibald) Dunn now available as a free public domain PDF. Originally published in the 19th–early 20th century this 176-page edition has been carefully formatted for modern screen and print reading.,<p>Raiding with Morgan by Byron A. (Byron Archibald) Dunn is a classic work now available as a free public domain PDF download on Bookshelf. Part of Project Gutenberg's digital library of over 70 000 free ebooks.</p>,https://www.gutenberg.org/files/29786/29786-pdf.pdf,https://www.gutenberg.org/cache/epub/29786/pg29786.cover.medium.jpg,Free,#1a1a2e,#f5f1e8,#f59e0b,p-rings
The Story of a Round-House and Other Poems,A free public domain poetry book,John Masefield,Poetry,free,0,173,A classic poetry work by John Masefield now available as a free public domain PDF. Originally published in the 19th–early 20th century this 173-page edition has been carefully formatted for modern screen and print reading.,<p>The Story of a Round-House and Other Poems by John Masefield is a classic work now available as a free public domain PDF download on Bookshelf. Part of Project Gutenberg's digital library of over 70 000 free ebooks.</p>,https://www.gutenberg.org/ebooks/40717.pdf.images,https://www.gutenberg.org/cache/epub/40717/pg40717.cover.medium.jpg,Free,#4a2b3d,#f5f1e8,#f59e0b,p-rings
Lost in the wilds : $b A Canadian story,A free public domain fiction book,Eleanor Stredder,Fiction,free,0,327,A classic fiction work by Eleanor Stredder now available as a free public domain PDF. Originally published in the 19th–early 20th century this 327-page edition has been carefully formatted for modern screen and print reading.,<p>Lost in the wilds : $b A Canadian story by Eleanor Stredder is a classic work now available as a free public domain PDF download on Bookshelf. Part of Project Gutenberg's digital library of over 70 000 free ebooks.</p>,https://www.gutenberg.org/ebooks/43640.pdf.images,https://www.gutenberg.org/cache/epub/43640/pg43640.cover.medium.jpg,Free,#1a1a2e,#f5f1e8,#f59e0b,p-rings
Convict Life at the Minnesota State Prison Stillwater Minnesota,A free public domain history book,William Casper Heilbron,History,free,0,284,A classic history work by William Casper Heilbron now available as a free public domain PDF. Originally published in the 19th–early 20th century this 284-page edition has been carefully formatted for modern screen and print reading.,<p>Convict Life at the Minnesota State Prison Stillwater Minnesota by William Casper Heilbron is a classic work now available as a free public domain PDF download on Bookshelf. Part of Project Gutenberg's digital library of over 70 000 free ebooks.</p>,https://www.gutenberg.org/files/48208/48208-pdf.pdf,https://www.gutenberg.org/cache/epub/48208/pg48208.cover.medium.jpg,Free,#4a3728,#f5f1e8,#f59e0b,p-rings
One Common Faith,A free public domain religion book,Bahá'í International Community,Religion,free,0,102,A classic religion work by Bahá'í International Community now available as a free public domain PDF. Originally published in the 19th–early 20th century this 102-page edition has been carefully formatted for modern screen and print reading.,<p>One Common Faith by Bahá'í International Community is a classic work now available as a free public domain PDF download on Bookshelf. Part of Project Gutenberg's digital library of over 70 000 free ebooks.</p>,https://www.gutenberg.org/files/19281/19281-pdf.pdf,https://www.gutenberg.org/cache/epub/19281/pg19281.cover.medium.jpg,Free,#4a4a2b,#f5f1e8,#f59e0b,p-rings
The Riddle and the Ring; or Won by Nerve,A free public domain fiction book,Gordon MacLaren,Fiction,free,0,178,A classic fiction work by Gordon MacLaren now available as a free public domain PDF. Originally published in the 19th–early 20th century this 178-page edition has been carefully formatted for modern screen and print reading.,<p>The Riddle and the Ring; or Won by Nerve by Gordon MacLaren is a classic work now available as a free public domain PDF download on Bookshelf. Part of Project Gutenberg's digital library of over 70 000 free ebooks.</p>,https://www.gutenberg.org/ebooks/43298.pdf.images,https://www.gutenberg.org/cache/epub/43298/pg43298.cover.medium.jpg,Free,#1a1a2e,#f5f1e8,#f59e0b,p-rings
The Submarine Boys and the Middies: Or the Prize Detail at Annapolis,A free public domain fiction book,Victor G. Durham,Fiction,free,0,248,A classic fiction work by Victor G. Durham now available as a free public domain PDF. Originally published in the 19th–early 20th century this 248-page edition has been carefully formatted for modern screen and print reading.,<p>The Submarine Boys and the Middies: Or the Prize Detail at Annapolis by Victor G. Durham is a classic work now available as a free public domain PDF download on Bookshelf. Part of Project Gutenberg's digital library of over 70 000 free ebooks.</p>,https://www.gutenberg.org/files/17756/17756-pdf.pdf,https://www.gutenberg.org/cache/epub/17756/pg17756.cover.medium.jpg,Free,#1a1a2e,#f5f1e8,#f59e0b,p-rings
The White Horses,A free public domain fiction book,Halliwell Sutcliffe,Fiction,free,0,128,A classic fiction work by Halliwell Sutcliffe now available as a free public domain PDF. Originally published in the 19th–early 20th century this 128-page edition has been carefully formatted for modern screen and print reading.,<p>The White Horses by Halliwell Sutcliffe is a classic work now available as a free public domain PDF download on Bookshelf. Part of Project Gutenberg's digital library of over 70 000 free ebooks.</p>,https://www.gutenberg.org/ebooks/43551.pdf.images,https://www.gutenberg.org/cache/epub/43551/pg43551.cover.medium.jpg,Free,#1a1a2e,#f5f1e8,#f59e0b,p-rings
Carried Off: A Story of Pirate Times,A free public domain fiction book,Esmè Stuart,Fiction,free,0,196,A classic fiction work by Esmè Stuart now available as a free public domain PDF. Originally published in the 19th–early 20th century this 196-page edition has been carefully formatted for modern screen and print reading.,<p>Carried Off: A Story of Pirate Times by Esmè Stuart is a classic work now available as a free public domain PDF download on Bookshelf. Part of Project Gutenberg's digital library of over 70 000 free ebooks.</p>,https://www.gutenberg.org/ebooks/23892.pdf.images,https://www.gutenberg.org/cache/epub/23892/pg23892.cover.medium.jpg,Free,#1a1a2e,#f5f1e8,#f59e0b,p-rings
His Majesty's Well-Beloved: An Episode in the Life of Mr. Thomas Betteron as told by His Friend John Honeywood,A free public domain fiction book,Baroness Emmuska Orczy Orczy,Fiction,free,0,325,A classic fiction work by Baroness Emmuska Orczy Orczy now available as a free public domain PDF. Originally published in the 19th–early 20th century this 325-page edition has been carefully formatted for modern screen and print reading.,<p>His Majesty's Well-Beloved: An Episode in the Life of Mr. Thomas Betteron as told by His Friend John Honeywood by Baroness Emmuska Orczy Orczy is a classic work now available as a free public domain PDF download on Bookshelf. Part of Project Gutenberg's digital library of over 70 000 free ebooks.</p>,https://www.gutenberg.org/ebooks/39787.pdf.images,https://www.gutenberg.org/cache/epub/39787/pg39787.cover.medium.jpg,Free,#1a1a2e,#f5f1e8,#f59e0b,p-rings
The Epicurean: A Tale,A free public domain fiction book,Thomas Moore,Fiction,free,0,210,A classic fiction work by Thomas Moore now available as a free public domain PDF. Originally published in the 19th–early 20th century this 210-page edition has been carefully formatted for modern screen and print reading.,<p>The Epicurean: A Tale by Thomas Moore is a classic work now available as a free public domain PDF download on Bookshelf. Part of Project Gutenberg's digital library of over 70 000 free ebooks.</p>,https://www.gutenberg.org/files/49332/49332-pdf.pdf,https://www.gutenberg.org/cache/epub/49332/pg49332.cover.medium.jpg,Free,#1a1a2e,#f5f1e8,#f59e0b,p-rings
The Blessed Damozel,A free public domain poetry book,Dante Gabriel Rossetti,Poetry,free,0,204,A classic poetry work by Dante Gabriel Rossetti now available as a free public domain PDF. Originally published in the 19th–early 20th century this 204-page edition has been carefully formatted for modern screen and print reading.,<p>The Blessed Damozel by Dante Gabriel Rossetti is a classic work now available as a free public domain PDF download on Bookshelf. Part of Project Gutenberg's digital library of over 70 000 free ebooks.</p>,https://www.gutenberg.org/ebooks/52695.pdf.images,https://www.gutenberg.org/cache/epub/52695/pg52695.cover.medium.jpg,Free,#4a2b3d,#f5f1e8,#f59e0b,p-rings
Private Spud Tamson,A free public domain fiction book,R. W. Campbell,Fiction,free,0,102,A classic fiction work by R. W. Campbell now available as a free public domain PDF. Originally published in the 19th–early 20th century this 102-page edition has been carefully formatted for modern screen and print reading.,<p>Private Spud Tamson by R. W. Campbell is a classic work now available as a free public domain PDF download on Bookshelf. Part of Project Gutenberg's digital library of over 70 000 free ebooks.</p>,https://www.gutenberg.org/ebooks/47315.pdf.images,https://www.gutenberg.org/cache/epub/47315/pg47315.cover.medium.jpg,Free,#1a1a2e,#f5f1e8,#f59e0b,p-rings
The Queen's Favourite: A Story of the Restoration,A free public domain fiction book,Unknown Author,Fiction,free,0,164,A classic fiction work by Unknown Author now available as a free public domain PDF. Originally published in the 19th–early 20th century this 164-page edition has been carefully formatted for modern screen and print reading.,<p>The Queen's Favourite: A Story of the Restoration by Unknown Author is a classic work now available as a free public domain PDF download on Bookshelf. Part of Project Gutenberg's digital library of over 70 000 free ebooks.</p>,https://www.gutenberg.org/ebooks/49344.pdf.images,https://www.gutenberg.org/cache/epub/49344/pg49344.cover.medium.jpg,Free,#1a1a2e,#f5f1e8,#f59e0b,p-rings
Tablets of the Divine Plan,A free public domain bahai faith book,ʻAbdu'l-Bahá,Bahai faith,free,0,328,A classic bahai faith work by ʻAbdu'l-Bahá now available as a free public domain PDF. Originally published in the 19th–early 20th century this 328-page edition has been carefully formatted for modern screen and print reading.,<p>Tablets of the Divine Plan by ʻAbdu'l-Bahá is a classic work now available as a free public domain PDF download on Bookshelf. Part of Project Gutenberg's digital library of over 70 000 free ebooks.</p>,https://www.gutenberg.org/files/19296/19296-pdf.pdf,https://www.gutenberg.org/cache/epub/19296/pg19296.cover.medium.jpg,Free,#0f2a43,#f5f1e8,#f59e0b,p-rings
A Short Account of the History of Mathematics,A free public domain history book,W. W. Rouse (Walter William Rouse) Ball,History,free,0,328,A classic history work by W. W. Rouse (Walter William Rouse) Ball now available as a free public domain PDF. Originally published in the 19th–early 20th century this 328-page edition has been carefully formatted for modern screen and print reading.,<p>A Short Account of the History of Mathematics by W. W. Rouse (Walter William Rouse) Ball is a classic work now available as a free public domain PDF download on Bookshelf. Part of Project Gutenberg's digital library of over 70 000 free ebooks.</p>,https://www.gutenberg.org/files/31246/31246-pdf.pdf,https://www.gutenberg.org/cache/epub/31246/pg31246.cover.medium.jpg,Free,#4a3728,#f5f1e8,#f59e0b,p-rings
The Thread of Flame,A free public domain fiction book,Basil King,Fiction,free,0,238,A classic fiction work by Basil King now available as a free public domain PDF. Originally published in the 19th–early 20th century this 238-page edition has been carefully formatted for modern screen and print reading.,<p>The Thread of Flame by Basil King is a classic work now available as a free public domain PDF download on Bookshelf. Part of Project Gutenberg's digital library of over 70 000 free ebooks.</p>,https://www.gutenberg.org/ebooks/45898.pdf.images,https://www.gutenberg.org/cache/epub/45898/pg45898.cover.medium.jpg,Free,#1a1a2e,#f5f1e8,#f59e0b,p-rings
Sam,A free public domain fiction book,E. J. Rath,Fiction,free,0,90,A classic fiction work by E. J. Rath now available as a free public domain PDF. Originally published in the 19th–early 20th century this 90-page edition has been carefully formatted for modern screen and print reading.,<p>Sam by E. J. Rath is a classic work now available as a free public domain PDF download on Bookshelf. Part of Project Gutenberg's digital library of over 70 000 free ebooks.</p>,https://www.gutenberg.org/ebooks/47394.pdf.images,https://www.gutenberg.org/cache/epub/47394/pg47394.cover.medium.jpg,Free,#1a1a2e,#f5f1e8,#f59e0b,p-rings
Rose of the World,A free public domain fiction book,Egerton Castle,Fiction,free,0,266,A classic fiction work by Egerton Castle now available as a free public domain PDF. Originally published in the 19th–early 20th century this 266-page edition has been carefully formatted for modern screen and print reading.,<p>Rose of the World by Egerton Castle is a classic work now available as a free public domain PDF download on Bookshelf. Part of Project Gutenberg's digital library of over 70 000 free ebooks.</p>,https://www.gutenberg.org/ebooks/55696.pdf.images,https://www.gutenberg.org/cache/epub/55696/pg55696.cover.medium.jpg,Free,#1a1a2e,#f5f1e8,#f59e0b,p-rings
Pam and the Countess,A free public domain fiction book,E. E. (Edith Elise) Cowper,Fiction,free,0,316,A classic fiction work by E. E. (Edith Elise) Cowper now available as a free public domain PDF. Originally published in the 19th–early 20th century this 316-page edition has been carefully formatted for modern screen and print reading.,<p>Pam and the Countess by E. E. (Edith Elise) Cowper is a classic work now available as a free public domain PDF download on Bookshelf. Part of Project Gutenberg's digital library of over 70 000 free ebooks.</p>,https://www.gutenberg.org/ebooks/53468.pdf.images,https://www.gutenberg.org/cache/epub/53468/pg53468.cover.medium.jpg,Free,#1a1a2e,#f5f1e8,#f59e0b,p-rings
Mehalah: A Story of the Salt Marshes,A free public domain fiction book,S. (Sabine) Baring-Gould,Fiction,free,0,279,A classic fiction work by S. (Sabine) Baring-Gould now available as a free public domain PDF. Originally published in the 19th–early 20th century this 279-page edition has been carefully formatted for modern screen and print reading.,<p>Mehalah: A Story of the Salt Marshes by S. (Sabine) Baring-Gould is a classic work now available as a free public domain PDF download on Bookshelf. Part of Project Gutenberg's digital library of over 70 000 free ebooks.</p>,https://www.gutenberg.org/ebooks/54404.pdf.images,https://www.gutenberg.org/cache/epub/54404/pg54404.cover.medium.jpg,Free,#1a1a2e,#f5f1e8,#f59e0b,p-rings
The Passport,A free public domain fiction book,Richard Bagot,Fiction,free,0,199,A classic fiction work by Richard Bagot now available as a free public domain PDF. Originally published in the 19th–early 20th century this 199-page edition has been carefully formatted for modern screen and print reading.,<p>The Passport by Richard Bagot is a classic work now available as a free public domain PDF download on Bookshelf. Part of Project Gutenberg's digital library of over 70 000 free ebooks.</p>,https://www.gutenberg.org/ebooks/46693.pdf.images,https://www.gutenberg.org/cache/epub/46693/pg46693.cover.medium.jpg,Free,#1a1a2e,#f5f1e8,#f59e0b,p-rings
The Lunatic at Large,A free public domain fiction book,J. Storer (Joseph Storer) Clouston,Fiction,free,0,126,A classic fiction work by J. Storer (Joseph Storer) Clouston now available as a free public domain PDF. Originally published in the 19th–early 20th century this 126-page edition has been carefully formatted for modern screen and print reading.,<p>The Lunatic at Large by J. Storer (Joseph Storer) Clouston is a classic work now available as a free public domain PDF download on Bookshelf. Part of Project Gutenberg's digital library of over 70 000 free ebooks.</p>,https://www.gutenberg.org/files/20485/20485-pdf.pdf,https://www.gutenberg.org/cache/epub/20485/pg20485.cover.medium.jpg,Free,#1a1a2e,#f5f1e8,#f59e0b,p-rings
The Lure of the Mississippi,A free public domain fiction book,D. (Dietrich) Lange,Fiction,free,0,128,A classic fiction work by D. (Dietrich) Lange now available as a free public domain PDF. Originally published in the 19th–early 20th century this 128-page edition has been carefully formatted for modern screen and print reading.,<p>The Lure of the Mississippi by D. (Dietrich) Lange is a classic work now available as a free public domain PDF download on Bookshelf. Part of Project Gutenberg's digital library of over 70 000 free ebooks.</p>,https://www.gutenberg.org/ebooks/41877.pdf.images,https://www.gutenberg.org/cache/epub/41877/pg41877.cover.medium.jpg,Free,#1a1a2e,#f5f1e8,#f59e0b,p-rings
The Boy Allies with Marshal Foch; or The Closing Days of the Great World War,A free public domain fiction book,Clair W. (Clair Wallace) Hayes,Fiction,free,0,199,A classic fiction work by Clair W. (Clair Wallace) Hayes now available as a free public domain PDF. Originally published in the 19th–early 20th century this 199-page edition has been carefully formatted for modern screen and print reading.,<p>The Boy Allies with Marshal Foch; or The Closing Days of the Great World War by Clair W. (Clair Wallace) Hayes is a classic work now available as a free public domain PDF download on Bookshelf. Part of Project Gutenberg's digital library of over 70 000 free ebooks.</p>,https://www.gutenberg.org/ebooks/50166.pdf.images,https://www.gutenberg.org/cache/epub/50166/pg50166.cover.medium.jpg,Free,#1a1a2e,#f5f1e8,#f59e0b,p-rings
New National First Reader,A free public domain readers book,Charles J. (Charles Joseph) Barnes,Readers,free,0,317,A classic readers work by Charles J. (Charles Joseph) Barnes now available as a free public domain PDF. Originally published in the 19th–early 20th century this 317-page edition has been carefully formatted for modern screen and print reading.,<p>New National First Reader by Charles J. (Charles Joseph) Barnes is a classic work now available as a free public domain PDF download on Bookshelf. Part of Project Gutenberg's digital library of over 70 000 free ebooks.</p>,https://www.gutenberg.org/files/13853/13853-pdf.pdf,https://www.gutenberg.org/cache/epub/13853/pg13853.cover.medium.jpg,Free,#0f2a43,#f5f1e8,#f59e0b,p-rings
Bahá'í Administration,A free public domain bahai faith book,Effendi Shoghi,Bahai faith,free,0,178,A classic bahai faith work by Effendi Shoghi now available as a free public domain PDF. Originally published in the 19th–early 20th century this 178-page edition has been carefully formatted for modern screen and print reading.,<p>Bahá'í Administration by Effendi Shoghi is a classic work now available as a free public domain PDF download on Bookshelf. Part of Project Gutenberg's digital library of over 70 000 free ebooks.</p>,https://www.gutenberg.org/files/19252/19252-pdf.pdf,https://www.gutenberg.org/cache/epub/19252/pg19252.cover.medium.jpg,Free,#0f2a43,#f5f1e8,#f59e0b,p-rings
Rex Kingdon on Storm Island,A free public domain fiction book,Gordon Braddock,Fiction,free,0,101,A classic fiction work by Gordon Braddock now available as a free public domain PDF. Originally published in the 19th–early 20th century this 101-page edition has been carefully formatted for modern screen and print reading.,<p>Rex Kingdon on Storm Island by Gordon Braddock is a classic work now available as a free public domain PDF download on Bookshelf. Part of Project Gutenberg's digital library of over 70 000 free ebooks.</p>,https://www.gutenberg.org/ebooks/52557.pdf.images,https://www.gutenberg.org/cache/epub/52557/pg52557.cover.medium.jpg,Free,#1a1a2e,#f5f1e8,#f59e0b,p-rings
The Airship Golden Hind,A free public domain fiction book,Percy F. (Percy Francis) Westerman,Fiction,free,0,147,A classic fiction work by Percy F. (Percy Francis) Westerman now available as a free public domain PDF. Originally published in the 19th–early 20th century this 147-page edition has been carefully formatted for modern screen and print reading.,<p>The Airship Golden Hind by Percy F. (Percy Francis) Westerman is a classic work now available as a free public domain PDF download on Bookshelf. Part of Project Gutenberg's digital library of over 70 000 free ebooks.</p>,https://www.gutenberg.org/ebooks/39488.pdf.images,https://www.gutenberg.org/cache/epub/39488/pg39488.cover.medium.jpg,Free,#1a1a2e,#f5f1e8,#f59e0b,p-rings
A Jay of Italy,A free public domain fiction book,Bernard Capes,Fiction,free,0,203,A classic fiction work by Bernard Capes now available as a free public domain PDF. Originally published in the 19th–early 20th century this 203-page edition has been carefully formatted for modern screen and print reading.,<p>A Jay of Italy by Bernard Capes is a classic work now available as a free public domain PDF download on Bookshelf. Part of Project Gutenberg's digital library of over 70 000 free ebooks.</p>,https://www.gutenberg.org/ebooks/44114.pdf.images,https://www.gutenberg.org/cache/epub/44114/pg44114.cover.medium.jpg,Free,#1a1a2e,#f5f1e8,#f59e0b,p-rings
Mary Jane in New England,A free public domain fiction book,Clara Ingram Judson,Fiction,free,0,239,A classic fiction work by Clara Ingram Judson now available as a free public domain PDF. Originally published in the 19th–early 20th century this 239-page edition has been carefully formatted for modern screen and print reading.,<p>Mary Jane in New England by Clara Ingram Judson is a classic work now available as a free public domain PDF download on Bookshelf. Part of Project Gutenberg's digital library of over 70 000 free ebooks.</p>,https://www.gutenberg.org/ebooks/49957.pdf.images,https://www.gutenberg.org/cache/epub/49957/pg49957.cover.medium.jpg,Free,#1a1a2e,#f5f1e8,#f59e0b,p-rings
The Sixty-First Second,A free public domain fiction book,Owen Johnson,Fiction,free,0,199,A classic fiction work by Owen Johnson now available as a free public domain PDF. Originally published in the 19th–early 20th century this 199-page edition has been carefully formatted for modern screen and print reading.,<p>The Sixty-First Second by Owen Johnson is a classic work now available as a free public domain PDF download on Bookshelf. Part of Project Gutenberg's digital library of over 70 000 free ebooks.</p>,https://www.gutenberg.org/ebooks/37113.pdf.images,https://www.gutenberg.org/cache/epub/37113/pg37113.cover.medium.jpg,Free,#1a1a2e,#f5f1e8,#f59e0b,p-rings
Mark Tidd Editor,A free public domain fiction book,Clarence Budington Kelland,Fiction,free,0,276,A classic fiction work by Clarence Budington Kelland now available as a free public domain PDF. Originally published in the 19th–early 20th century this 276-page edition has been carefully formatted for modern screen and print reading.,<p>Mark Tidd Editor by Clarence Budington Kelland is a classic work now available as a free public domain PDF download on Bookshelf. Part of Project Gutenberg's digital library of over 70 000 free ebooks.</p>,https://www.gutenberg.org/ebooks/41964.pdf.images,https://www.gutenberg.org/cache/epub/41964/pg41964.cover.medium.jpg,Free,#1a1a2e,#f5f1e8,#f59e0b,p-rings
Billy Whiskers' Travels,A free public domain fiction book,Frances Trego Montgomery,Fiction,free,0,122,A classic fiction work by Frances Trego Montgomery now available as a free public domain PDF. Originally published in the 19th–early 20th century this 122-page edition has been carefully formatted for modern screen and print reading.,<p>Billy Whiskers' Travels by Frances Trego Montgomery is a classic work now available as a free public domain PDF download on Bookshelf. Part of Project Gutenberg's digital library of over 70 000 free ebooks.</p>,https://www.gutenberg.org/ebooks/43872.pdf.images,https://www.gutenberg.org/cache/epub/43872/pg43872.cover.medium.jpg,Free,#1a1a2e,#f5f1e8,#f59e0b,p-rings
A Compilaton on Women,A free public domain bahai faith book,Universal House of Justice,Bahai faith,free,0,142,A classic bahai faith work by Universal House of Justice now available as a free public domain PDF. Originally published in the 19th–early 20th century this 142-page edition has been carefully formatted for modern screen and print reading.,<p>A Compilaton on Women by Universal House of Justice is a classic work now available as a free public domain PDF download on Bookshelf. Part of Project Gutenberg's digital library of over 70 000 free ebooks.</p>,https://www.gutenberg.org/files/19269/19269-pdf.pdf,https://www.gutenberg.org/cache/epub/19269/pg19269.cover.medium.jpg,Free,#0f2a43,#f5f1e8,#f59e0b,p-rings
Denry the Audacious,A free public domain fiction book,Arnold Bennett,Fiction,free,0,81,A classic fiction work by Arnold Bennett now available as a free public domain PDF. Originally published in the 19th–early 20th century this 81-page edition has been carefully formatted for modern screen and print reading.,<p>Denry the Audacious by Arnold Bennett is a classic work now available as a free public domain PDF download on Bookshelf. Part of Project Gutenberg's digital library of over 70 000 free ebooks.</p>,https://www.gutenberg.org/ebooks/40103.pdf.images,https://www.gutenberg.org/cache/epub/40103/pg40103.cover.medium.jpg,Free,#1a1a2e,#f5f1e8,#f59e0b,p-rings
Brothers: The True History of a Fight Against Odds,A free public domain fiction book,Horace Annesley Vachell,Fiction,free,0,170,A classic fiction work by Horace Annesley Vachell now available as a free public domain PDF. Originally published in the 19th–early 20th century this 170-page edition has been carefully formatted for modern screen and print reading.,<p>Brothers: The True History of a Fight Against Odds by Horace Annesley Vachell is a classic work now available as a free public domain PDF download on Bookshelf. Part of Project Gutenberg's digital library of over 70 000 free ebooks.</p>,https://www.gutenberg.org/ebooks/47047.pdf.images,https://www.gutenberg.org/cache/epub/47047/pg47047.cover.medium.jpg,Free,#1a1a2e,#f5f1e8,#f59e0b,p-rings
Some Animal Stories,A free public domain animals book,Sir Charles G. D. Roberts,Animals,free,0,254,A classic animals work by Sir Charles G. D. Roberts now available as a free public domain PDF. Originally published in the 19th–early 20th century this 254-page edition has been carefully formatted for modern screen and print reading.,<p>Some Animal Stories by Sir Charles G. D. Roberts is a classic work now available as a free public domain PDF download on Bookshelf. Part of Project Gutenberg's digital library of over 70 000 free ebooks.</p>,https://www.gutenberg.org/ebooks/52010.pdf.images,https://www.gutenberg.org/cache/epub/52010/pg52010.cover.medium.jpg,Free,#0f2a43,#f5f1e8,#f59e0b,p-rings
Perkins the Fakeer: A Travesty on Reincarnation: His wonderful workings in the cases of When Reginald was Caroline How C,A free public domain fiction book,Edward S. (Edward Sims) Van Zile,Fiction,free,0,195,A classic fiction work by Edward S. (Edward Sims) Van Zile now available as a free public domain PDF. Originally published in the 19th–early 20th century this 195-page edition has been carefully formatted for modern screen and print reading.,<p>Perkins the Fakeer: A Travesty on Reincarnation: His wonderful workings in the cases of When Reginald was Caroline How Chopin came to Remsen and Clarissa's troublesome baby by Edward S. (Edward Sims) Van Zile is a classic work now available as a free public domain PDF download on Bookshelf. Part of Project Gutenberg's digital library of over 70 000 free ebooks.</p>,https://www.gutenberg.org/ebooks/55123.pdf.images,https://www.gutenberg.org/cache/epub/55123/pg55123.cover.medium.jpg,Free,#1a1a2e,#f5f1e8,#f59e0b,p-rings
Conic Sections: Treated Geometrically: and George Bell and Sons Educational Catalogue,A free public domain conic sections book,W. H. (William Henry) Besant,Conic sections,free,0,318,A classic conic sections work by W. H. (William Henry) Besant now available as a free public domain PDF. Originally published in the 19th–early 20th century this 318-page edition has been carefully formatted for modern screen and print reading.,<p>Conic Sections: Treated Geometrically: and George Bell and Sons Educational Catalogue by W. H. (William Henry) Besant is a classic work now available as a free public domain PDF download on Bookshelf. Part of Project Gutenberg's digital library of over 70 000 free ebooks.</p>,https://www.gutenberg.org/files/29913/29913-pdf.pdf,https://www.gutenberg.org/cache/epub/29913/pg29913.cover.medium.jpg,Free,#0f2a43,#f5f1e8,#f59e0b,p-rings
The Romance of the Commonplace,A free public domain american essays book,Gelett Burgess,American essays,free,0,100,A classic american essays work by Gelett Burgess now available as a free public domain PDF. Originally published in the 19th–early 20th century this 100-page edition has been carefully formatted for modern screen and print reading.,<p>The Romance of the Commonplace by Gelett Burgess is a classic work now available as a free public domain PDF download on Bookshelf. Part of Project Gutenberg's digital library of over 70 000 free ebooks.</p>,https://www.gutenberg.org/ebooks/49285.pdf.images,https://www.gutenberg.org/cache/epub/49285/pg49285.cover.medium.jpg,Free,#0f2a43,#f5f1e8,#f59e0b,p-rings
The Radio Boys at Ocean Point; Or The Message that Saved the Ship,A free public domain fiction book,Allen Chapman,Fiction,free,0,260,A classic fiction work by Allen Chapman now available as a free public domain PDF. Originally published in the 19th–early 20th century this 260-page edition has been carefully formatted for modern screen and print reading.,<p>The Radio Boys at Ocean Point; Or The Message that Saved the Ship by Allen Chapman is a classic work now available as a free public domain PDF download on Bookshelf. Part of Project Gutenberg's digital library of over 70 000 free ebooks.</p>,https://www.gutenberg.org/ebooks/35594.pdf.images,https://www.gutenberg.org/cache/epub/35594/pg35594.cover.medium.jpg,Free,#1a1a2e,#f5f1e8,#f59e0b,p-rings
The Lonely Ones,A free public domain fiction book,Edward W. Ludwig,Fiction,free,0,97,A classic fiction work by Edward W. Ludwig now available as a free public domain PDF. Originally published in the 19th–early 20th century this 97-page edition has been carefully formatted for modern screen and print reading.,<p>The Lonely Ones by Edward W. Ludwig is a classic work now available as a free public domain PDF download on Bookshelf. Part of Project Gutenberg's digital library of over 70 000 free ebooks.</p>,https://www.gutenberg.org/ebooks/38302.pdf.images,https://www.gutenberg.org/cache/epub/38302/pg38302.cover.medium.jpg,Free,#1a1a2e,#f5f1e8,#f59e0b,p-rings
The Old Man of the Mountain,A free public domain fiction book,Herbert Strang,Fiction,free,0,93,A classic fiction work by Herbert Strang now available as a free public domain PDF. Originally published in the 19th–early 20th century this 93-page edition has been carefully formatted for modern screen and print reading.,<p>The Old Man of the Mountain by Herbert Strang is a classic work now available as a free public domain PDF download on Bookshelf. Part of Project Gutenberg's digital library of over 70 000 free ebooks.</p>,https://www.gutenberg.org/ebooks/40751.pdf.images,https://www.gutenberg.org/cache/epub/40751/pg40751.cover.medium.jpg,Free,#1a1a2e,#f5f1e8,#f59e0b,p-rings
That Little Girl of Miss Eliza's: A Story for Young People,A free public domain fiction book,Jean K. (Jean Katherine) Baird,Fiction,free,0,264,A classic fiction work by Jean K. (Jean Katherine) Baird now available as a free public domain PDF. Originally published in the 19th–early 20th century this 264-page edition has been carefully formatted for modern screen and print reading.,<p>That Little Girl of Miss Eliza's: A Story for Young People by Jean K. (Jean Katherine) Baird is a classic work now available as a free public domain PDF download on Bookshelf. Part of Project Gutenberg's digital library of over 70 000 free ebooks.</p>,https://www.gutenberg.org/ebooks/35822.pdf.images,https://www.gutenberg.org/cache/epub/35822/pg35822.cover.medium.jpg,Free,#1a1a2e,#f5f1e8,#f59e0b,p-rings
Donald Ross of Heimra (Volume 3 of 3),A free public domain fiction book,William Black,Fiction,free,0,100,A classic fiction work by William Black now available as a free public domain PDF. Originally published in the 19th–early 20th century this 100-page edition has been carefully formatted for modern screen and print reading.,<p>Donald Ross of Heimra (Volume 3 of 3) by William Black is a classic work now available as a free public domain PDF download on Bookshelf. Part of Project Gutenberg's digital library of over 70 000 free ebooks.</p>,https://www.gutenberg.org/ebooks/43054.pdf.images,https://www.gutenberg.org/cache/epub/43054/pg43054.cover.medium.jpg,Free,#1a1a2e,#f5f1e8,#f59e0b,p-rings
The Academy Boys in Camp,A free public domain fiction book,Mrs. S. F. Keene,Fiction,free,0,209,A classic fiction work by Mrs. S. F. Keene now available as a free public domain PDF. Originally published in the 19th–early 20th century this 209-page edition has been carefully formatted for modern screen and print reading.,<p>The Academy Boys in Camp by Mrs. S. F. Keene is a classic work now available as a free public domain PDF download on Bookshelf. Part of Project Gutenberg's digital library of over 70 000 free ebooks.</p>,https://www.gutenberg.org/ebooks/33968.pdf.images,https://www.gutenberg.org/cache/epub/33968/pg33968.cover.medium.jpg,Free,#1a1a2e,#f5f1e8,#f59e0b,p-rings
The Patriarchs: Being Meditations upon Enoch Noah Abraham Isaac Jacob Joseph Job; The Canticles Heaven and Earth.,A free public domain biography book,J. G. (John Gifford) Bellett,Biography,free,0,311,A classic biography work by J. G. (John Gifford) Bellett now available as a free public domain PDF. Originally published in the 19th–early 20th century this 311-page edition has been carefully formatted for modern screen and print reading.,<p>The Patriarchs: Being Meditations upon Enoch Noah Abraham Isaac Jacob Joseph Job; The Canticles Heaven and Earth. by J. G. (John Gifford) Bellett is a classic work now available as a free public domain PDF download on Bookshelf. Part of Project Gutenberg's digital library of over 70 000 free ebooks.</p>,https://www.gutenberg.org/ebooks/40216.pdf.images,https://www.gutenberg.org/cache/epub/40216/pg40216.cover.medium.jpg,Free,#2d4a22,#f5f1e8,#f59e0b,p-rings
The Five Knots,A free public domain fiction book,Fred M. (Fred Merrick) White,Fiction,free,0,232,A classic fiction work by Fred M. (Fred Merrick) White now available as a free public domain PDF. Originally published in the 19th–early 20th century this 232-page edition has been carefully formatted for modern screen and print reading.,<p>The Five Knots by Fred M. (Fred Merrick) White is a classic work now available as a free public domain PDF download on Bookshelf. Part of Project Gutenberg's digital library of over 70 000 free ebooks.</p>,https://www.gutenberg.org/ebooks/43492.pdf.images,https://www.gutenberg.org/cache/epub/43492/pg43492.cover.medium.jpg,Free,#1a1a2e,#f5f1e8,#f59e0b,p-rings
The Duke in the Suburbs,A free public domain fiction book,Edgar Wallace,Fiction,free,0,143,A classic fiction work by Edgar Wallace now available as a free public domain PDF. Originally published in the 19th–early 20th century this 143-page edition has been carefully formatted for modern screen and print reading.,<p>The Duke in the Suburbs by Edgar Wallace is a classic work now available as a free public domain PDF download on Bookshelf. Part of Project Gutenberg's digital library of over 70 000 free ebooks.</p>,https://www.gutenberg.org/ebooks/49694.pdf.images,https://www.gutenberg.org/cache/epub/49694/pg49694.cover.medium.jpg,Free,#1a1a2e,#f5f1e8,#f59e0b,p-rings
The Right to Ignore the State,A free public domain anarchism book,Herbert Spencer,Anarchism,free,0,170,A classic anarchism work by Herbert Spencer now available as a free public domain PDF. Originally published in the 19th–early 20th century this 170-page edition has been carefully formatted for modern screen and print reading.,<p>The Right to Ignore the State by Herbert Spencer is a classic work now available as a free public domain PDF download on Bookshelf. Part of Project Gutenberg's digital library of over 70 000 free ebooks.</p>,https://www.gutenberg.org/files/34649/34649-pdf.pdf,https://www.gutenberg.org/cache/epub/34649/pg34649.cover.medium.jpg,Free,#0f2a43,#f5f1e8,#f59e0b,p-rings
The Queen Who Flew: A Fairy Tale,A free public domain fairy tales book,Ford Madox Ford,Fairy tales,free,0,311,A classic fairy tales work by Ford Madox Ford now available as a free public domain PDF. Originally published in the 19th–early 20th century this 311-page edition has been carefully formatted for modern screen and print reading.,<p>The Queen Who Flew: A Fairy Tale by Ford Madox Ford is a classic work now available as a free public domain PDF download on Bookshelf. Part of Project Gutenberg's digital library of over 70 000 free ebooks.</p>,https://www.gutenberg.org/ebooks/52636.pdf.images,https://www.gutenberg.org/cache/epub/52636/pg52636.cover.medium.jpg,Free,#0f2a43,#f5f1e8,#f59e0b,p-rings
The Mysterious Basket; or The Foundling. A Story for Boys and Girls,A free public domain fiction book,Anonymous,Fiction,free,0,258,A classic fiction work by Anonymous now available as a free public domain PDF. Originally published in the 19th–early 20th century this 258-page edition has been carefully formatted for modern screen and print reading.,<p>The Mysterious Basket; or The Foundling. A Story for Boys and Girls by Anonymous is a classic work now available as a free public domain PDF download on Bookshelf. Part of Project Gutenberg's digital library of over 70 000 free ebooks.</p>,https://www.gutenberg.org/ebooks/53810.pdf.images,https://www.gutenberg.org/cache/epub/53810/pg53810.cover.medium.jpg,Free,#1a1a2e,#f5f1e8,#f59e0b,p-rings
Pastor Pastorum; Or The Schooling of the Apostles by Our Lord,A free public domain jesus christ book,Henry Latham,Jesus christ,free,0,133,A classic jesus christ work by Henry Latham now available as a free public domain PDF. Originally published in the 19th–early 20th century this 133-page edition has been carefully formatted for modern screen and print reading.,<p>Pastor Pastorum; Or The Schooling of the Apostles by Our Lord by Henry Latham is a classic work now available as a free public domain PDF download on Bookshelf. Part of Project Gutenberg's digital library of over 70 000 free ebooks.</p>,https://www.gutenberg.org/files/36828/36828-pdf.pdf,https://www.gutenberg.org/cache/epub/36828/pg36828.cover.medium.jpg,Free,#0f2a43,#f5f1e8,#f59e0b,p-rings
The Old Adam: A Story of Adventure,A free public domain fiction book,Arnold Bennett,Fiction,free,0,236,A classic fiction work by Arnold Bennett now available as a free public domain PDF. Originally published in the 19th–early 20th century this 236-page edition has been carefully formatted for modern screen and print reading.,<p>The Old Adam: A Story of Adventure by Arnold Bennett is a classic work now available as a free public domain PDF download on Bookshelf. Part of Project Gutenberg's digital library of over 70 000 free ebooks.</p>,https://www.gutenberg.org/ebooks/40168.pdf.images,https://www.gutenberg.org/cache/epub/40168/pg40168.cover.medium.jpg,Free,#1a1a2e,#f5f1e8,#f59e0b,p-rings
Under Wolfe's Flag; or The Fight for the Canadas,A free public domain fiction book,Rowland Walker,Fiction,free,0,84,A classic fiction work by Rowland Walker now available as a free public domain PDF. Originally published in the 19th–early 20th century this 84-page edition has been carefully formatted for modern screen and print reading.,<p>Under Wolfe's Flag; or The Fight for the Canadas by Rowland Walker is a classic work now available as a free public domain PDF download on Bookshelf. Part of Project Gutenberg's digital library of over 70 000 free ebooks.</p>,https://www.gutenberg.org/ebooks/43265.pdf.images,https://www.gutenberg.org/cache/epub/43265/pg43265.cover.medium.jpg,Free,#1a1a2e,#f5f1e8,#f59e0b,p-rings
He Comes Up Smiling,A free public domain fiction book,Charles Sherman,Fiction,free,0,263,A classic fiction work by Charles Sherman now available as a free public domain PDF. Originally published in the 19th–early 20th century this 263-page edition has been carefully formatted for modern screen and print reading.,<p>He Comes Up Smiling by Charles Sherman is a classic work now available as a free public domain PDF download on Bookshelf. Part of Project Gutenberg's digital library of over 70 000 free ebooks.</p>,https://www.gutenberg.org/ebooks/45136.pdf.images,https://www.gutenberg.org/cache/epub/45136/pg45136.cover.medium.jpg,Free,#1a1a2e,#f5f1e8,#f59e0b,p-rings
The Pulpit Of The Reformation Nos. 1 2 3 and 4.,A free public domain bible. isaiah xxvi book,Hugh Latimer,Bible. isaiah xxvi,free,0,211,A classic bible. isaiah xxvi work by Hugh Latimer now available as a free public domain PDF. Originally published in the 19th–early 20th century this 211-page edition has been carefully formatted for modern screen and print reading.,<p>The Pulpit Of The Reformation Nos. 1 2 3 and 4. by Hugh Latimer is a classic work now available as a free public domain PDF download on Bookshelf. Part of Project Gutenberg's digital library of over 70 000 free ebooks.</p>,https://www.gutenberg.org/files/28104/28104-pdf.pdf,https://www.gutenberg.org/cache/epub/28104/pg28104.cover.medium.jpg,Free,#0f2a43,#f5f1e8,#f59e0b,p-rings
The Light of Divine Guidance (Volume 1),A free public domain bahai faith book,Effendi Shoghi,Bahai faith,free,0,239,A classic bahai faith work by Effendi Shoghi now available as a free public domain PDF. Originally published in the 19th–early 20th century this 239-page edition has been carefully formatted for modern screen and print reading.,<p>The Light of Divine Guidance (Volume 1) by Effendi Shoghi is a classic work now available as a free public domain PDF download on Bookshelf. Part of Project Gutenberg's digital library of over 70 000 free ebooks.</p>,https://www.gutenberg.org/files/19244/19244-pdf.pdf,https://www.gutenberg.org/cache/epub/19244/pg19244.cover.medium.jpg,Free,#0f2a43,#f5f1e8,#f59e0b,p-rings
The Rival Submarines,A free public domain fiction book,Percy F. (Percy Francis) Westerman,Fiction,free,0,155,A classic fiction work by Percy F. (Percy Francis) Westerman now available as a free public domain PDF. Originally published in the 19th–early 20th century this 155-page edition has been carefully formatted for modern screen and print reading.,<p>The Rival Submarines by Percy F. (Percy Francis) Westerman is a classic work now available as a free public domain PDF download on Bookshelf. Part of Project Gutenberg's digital library of over 70 000 free ebooks.</p>,https://www.gutenberg.org/ebooks/40866.pdf.images,https://www.gutenberg.org/cache/epub/40866/pg40866.cover.medium.jpg,Free,#1a1a2e,#f5f1e8,#f59e0b,p-rings
Benton of the Royal Mounted: A Tale of the Royal Northwest Mounted Police,A free public domain fiction book,Ralph S. (Ralph Selwood) Kendall,Fiction,free,0,109,A classic fiction work by Ralph S. (Ralph Selwood) Kendall now available as a free public domain PDF. Originally published in the 19th–early 20th century this 109-page edition has been carefully formatted for modern screen and print reading.,<p>Benton of the Royal Mounted: A Tale of the Royal Northwest Mounted Police by Ralph S. (Ralph Selwood) Kendall is a classic work now available as a free public domain PDF download on Bookshelf. Part of Project Gutenberg's digital library of over 70 000 free ebooks.</p>,https://www.gutenberg.org/ebooks/41889.pdf.images,https://www.gutenberg.org/cache/epub/41889/pg41889.cover.medium.jpg,Free,#1a1a2e,#f5f1e8,#f59e0b,p-rings
His Glorious Appearing: An Exposition of Matthew Twenty-Four,A free public domain bible. matthew xxiv book,James White,"Bible. matthew, xxiv",free,0,146,A classic bible. matthew xxiv work by James White now available as a free public domain PDF. Originally published in the 19th–early 20th century this 146-page edition has been carefully formatted for modern screen and print reading.,<p>His Glorious Appearing: An Exposition of Matthew Twenty-Four by James White is a classic work now available as a free public domain PDF download on Bookshelf. Part of Project Gutenberg's digital library of over 70 000 free ebooks.</p>,https://www.gutenberg.org/files/54914/54914-pdf.pdf,https://www.gutenberg.org/cache/epub/54914/pg54914.cover.medium.jpg,Free,#0f2a43,#f5f1e8,#f59e0b,p-rings
Of Vulgarity,A free public domain aesthetics book,John Ruskin,Aesthetics,free,0,163,A classic aesthetics work by John Ruskin now available as a free public domain PDF. Originally published in the 19th–early 20th century this 163-page edition has been carefully formatted for modern screen and print reading.,<p>Of Vulgarity by John Ruskin is a classic work now available as a free public domain PDF download on Bookshelf. Part of Project Gutenberg's digital library of over 70 000 free ebooks.</p>,https://www.gutenberg.org/ebooks/45913.pdf.images,https://www.gutenberg.org/cache/epub/45913/pg45913.cover.medium.jpg,Free,#0f2a43,#f5f1e8,#f59e0b,p-rings
In Silk Attire: A Novel,A free public domain fiction book,William Black,Fiction,free,0,97,A classic fiction work by William Black now available as a free public domain PDF. Originally published in the 19th–early 20th century this 97-page edition has been carefully formatted for modern screen and print reading.,<p>In Silk Attire: A Novel by William Black is a classic work now available as a free public domain PDF download on Bookshelf. Part of Project Gutenberg's digital library of over 70 000 free ebooks.</p>,https://www.gutenberg.org/ebooks/40111.pdf.images,https://www.gutenberg.org/cache/epub/40111/pg40111.cover.medium.jpg,Free,#1a1a2e,#f5f1e8,#f59e0b,p-rings
For Love of a Bedouin Maid,A free public domain fiction book,Voleur,Fiction,free,0,133,A classic fiction work by Voleur now available as a free public domain PDF. Originally published in the 19th–early 20th century this 133-page edition has been carefully formatted for modern screen and print reading.,<p>For Love of a Bedouin Maid by Voleur is a classic work now available as a free public domain PDF download on Bookshelf. Part of Project Gutenberg's digital library of over 70 000 free ebooks.</p>,https://www.gutenberg.org/ebooks/47372.pdf.images,https://www.gutenberg.org/cache/epub/47372/pg47372.cover.medium.jpg,Free,#1a1a2e,#f5f1e8,#f59e0b,p-rings
Larkspur,A free public domain fiction book,Jane Abbott,Fiction,free,0,199,A classic fiction work by Jane Abbott now available as a free public domain PDF. Originally published in the 19th–early 20th century this 199-page edition has been carefully formatted for modern screen and print reading.,<p>Larkspur by Jane Abbott is a classic work now available as a free public domain PDF download on Bookshelf. Part of Project Gutenberg's digital library of over 70 000 free ebooks.</p>,https://www.gutenberg.org/ebooks/49098.pdf.images,https://www.gutenberg.org/cache/epub/49098/pg49098.cover.medium.jpg,Free,#1a1a2e,#f5f1e8,#f59e0b,p-rings
A little cook book for a little girl,A free public domain children's books book,Caroline French Benton,Children's Books,free,0,262,A classic children's books work by Caroline French Benton now available as a free public domain PDF. Originally published in the 19th–early 20th century this 262-page edition has been carefully formatted for modern screen and print reading.,<p>A little cook book for a little girl by Caroline French Benton is a classic work now available as a free public domain PDF download on Bookshelf. Part of Project Gutenberg's digital library of over 70 000 free ebooks.</p>,https://www.gutenberg.org/files/16514/16514-pdf.pdf,https://www.gutenberg.org/cache/epub/16514/pg16514.cover.medium.jpg,Free,#0f2a43,#f5f1e8,#f59e0b,p-rings
The Siouan Indians,A free public domain siouan indians book,W J McGee,Siouan indians,free,0,101,A classic siouan indians work by W J McGee now available as a free public domain PDF. Originally published in the 19th–early 20th century this 101-page edition has been carefully formatted for modern screen and print reading.,<p>The Siouan Indians by W J McGee is a classic work now available as a free public domain PDF download on Bookshelf. Part of Project Gutenberg's digital library of over 70 000 free ebooks.</p>,https://www.gutenberg.org/files/19628/19628-pdf.pdf,https://www.gutenberg.org/cache/epub/19628/pg19628.cover.medium.jpg,Free,#0f2a43,#f5f1e8,#f59e0b,p-rings
With Beatty off Jutland: A Romance of the Great Sea Fight,A free public domain fiction book,Percy F. (Percy Francis) Westerman,Fiction,free,0,86,A classic fiction work by Percy F. (Percy Francis) Westerman now available as a free public domain PDF. Originally published in the 19th–early 20th century this 86-page edition has been carefully formatted for modern screen and print reading.,<p>With Beatty off Jutland: A Romance of the Great Sea Fight by Percy F. (Percy Francis) Westerman is a classic work now available as a free public domain PDF download on Bookshelf. Part of Project Gutenberg's digital library of over 70 000 free ebooks.</p>,https://www.gutenberg.org/ebooks/39489.pdf.images,https://www.gutenberg.org/cache/epub/39489/pg39489.cover.medium.jpg,Free,#1a1a2e,#f5f1e8,#f59e0b,p-rings
Compilation on Peace,A free public domain bahai faith book,Universal House of Justice,Bahai faith,free,0,217,A classic bahai faith work by Universal House of Justice now available as a free public domain PDF. Originally published in the 19th–early 20th century this 217-page edition has been carefully formatted for modern screen and print reading.,<p>Compilation on Peace by Universal House of Justice is a classic work now available as a free public domain PDF download on Bookshelf. Part of Project Gutenberg's digital library of over 70 000 free ebooks.</p>,https://www.gutenberg.org/files/19268/19268-pdf.pdf,https://www.gutenberg.org/cache/epub/19268/pg19268.cover.medium.jpg,Free,#0f2a43,#f5f1e8,#f59e0b,p-rings
The Count of the Saxon Shore; or The Villa in Vectis.: A Tale of the Departure of the Romans from Britain,A free public domain fiction book,Alfred John Church,Fiction,free,0,255,A classic fiction work by Alfred John Church now available as a free public domain PDF. Originally published in the 19th–early 20th century this 255-page edition has been carefully formatted for modern screen and print reading.,<p>The Count of the Saxon Shore; or The Villa in Vectis.: A Tale of the Departure of the Romans from Britain by Alfred John Church is a classic work now available as a free public domain PDF download on Bookshelf. Part of Project Gutenberg's digital library of over 70 000 free ebooks.</p>,https://www.gutenberg.org/files/44083/44083-pdf.pdf,https://www.gutenberg.org/cache/epub/44083/pg44083.cover.medium.jpg,Free,#1a1a2e,#f5f1e8,#f59e0b,p-rings
Kingless Folk and Other Addresses on Bible Animals,A free public domain animals in the bible book,John Adams,Animals in the bible,free,0,156,A classic animals in the bible work by John Adams now available as a free public domain PDF. Originally published in the 19th–early 20th century this 156-page edition has been carefully formatted for modern screen and print reading.,<p>Kingless Folk and Other Addresses on Bible Animals by John Adams is a classic work now available as a free public domain PDF download on Bookshelf. Part of Project Gutenberg's digital library of over 70 000 free ebooks.</p>,https://www.gutenberg.org/ebooks/48399.pdf.images,https://www.gutenberg.org/cache/epub/48399/pg48399.cover.medium.jpg,Free,#0f2a43,#f5f1e8,#f59e0b,p-rings
Adventures of an Aide-de-Camp; or A Campaign in Calabria Volume 2 (of 3),A free public domain fiction book,James Grant,Fiction,free,0,327,A classic fiction work by James Grant now available as a free public domain PDF. Originally published in the 19th–early 20th century this 327-page edition has been carefully formatted for modern screen and print reading.,<p>Adventures of an Aide-de-Camp; or A Campaign in Calabria Volume 2 (of 3) by James Grant is a classic work now available as a free public domain PDF download on Bookshelf. Part of Project Gutenberg's digital library of over 70 000 free ebooks.</p>,https://www.gutenberg.org/ebooks/54594.pdf.images,https://www.gutenberg.org/cache/epub/54594/pg54594.cover.medium.jpg,Free,#1a1a2e,#f5f1e8,#f59e0b,p-rings
Ten Months in the Field with the Boers,A free public domain afrikaners book,Anonymous,Afrikaners,free,0,256,A classic afrikaners work by Anonymous now available as a free public domain PDF. Originally published in the 19th–early 20th century this 256-page edition has been carefully formatted for modern screen and print reading.,<p>Ten Months in the Field with the Boers by Anonymous is a classic work now available as a free public domain PDF download on Bookshelf. Part of Project Gutenberg's digital library of over 70 000 free ebooks.</p>,https://www.gutenberg.org/ebooks/41488.pdf.images,https://www.gutenberg.org/cache/epub/41488/pg41488.cover.medium.jpg,Free,#0f2a43,#f5f1e8,#f59e0b,p-rings
Little Prudy's Captain Horace,A free public domain fiction book,Sophie May,Fiction,free,0,84,A classic fiction work by Sophie May now available as a free public domain PDF. Originally published in the 19th–early 20th century this 84-page edition has been carefully formatted for modern screen and print reading.,<p>Little Prudy's Captain Horace by Sophie May is a classic work now available as a free public domain PDF download on Bookshelf. Part of Project Gutenberg's digital library of over 70 000 free ebooks.</p>,https://www.gutenberg.org/ebooks/53306.pdf.images,https://www.gutenberg.org/cache/epub/53306/pg53306.cover.medium.jpg,Free,#1a1a2e,#f5f1e8,#f59e0b,p-rings
In Far Bolivia: A Story of a Strange Wild Land,A free public domain fiction book,Gordon Stables,Fiction,free,0,288,A classic fiction work by Gordon Stables now available as a free public domain PDF. Originally published in the 19th–early 20th century this 288-page edition has been carefully formatted for modern screen and print reading.,<p>In Far Bolivia: A Story of a Strange Wild Land by Gordon Stables is a classic work now available as a free public domain PDF download on Bookshelf. Part of Project Gutenberg's digital library of over 70 000 free ebooks.</p>,https://www.gutenberg.org/ebooks/39728.pdf.images,https://www.gutenberg.org/cache/epub/39728/pg39728.cover.medium.jpg,Free,#1a1a2e,#f5f1e8,#f59e0b,p-rings
The American Missionary — Volume 50 No. 04 April 1896,A free public domain congregational churches book,Various,Congregational churches,free,0,262,A classic congregational churches work by Various now available as a free public domain PDF. Originally published in the 19th–early 20th century this 262-page edition has been carefully formatted for modern screen and print reading.,<p>The American Missionary — Volume 50 No. 04 April 1896 by Various is a classic work now available as a free public domain PDF download on Bookshelf. Part of Project Gutenberg's digital library of over 70 000 free ebooks.</p>,https://www.gutenberg.org/files/20093/20093-pdf.pdf,https://www.gutenberg.org/cache/epub/20093/pg20093.cover.medium.jpg,Free,#0f2a43,#f5f1e8,#f59e0b,p-rings
The Rotifers,A free public domain fiction book,Robert Abernathy,Fiction,free,0,250,A classic fiction work by Robert Abernathy now available as a free public domain PDF. Originally published in the 19th–early 20th century this 250-page edition has been carefully formatted for modern screen and print reading.,<p>The Rotifers by Robert Abernathy is a classic work now available as a free public domain PDF download on Bookshelf. Part of Project Gutenberg's digital library of over 70 000 free ebooks.</p>,https://www.gutenberg.org/ebooks/35879.pdf.images,https://www.gutenberg.org/cache/epub/35879/pg35879.cover.medium.jpg,Free,#1a1a2e,#f5f1e8,#f59e0b,p-rings
The Deserted City,A free public domain poetry book,Francis Sherman,Poetry,free,0,193,A classic poetry work by Francis Sherman now available as a free public domain PDF. Originally published in the 19th–early 20th century this 193-page edition has been carefully formatted for modern screen and print reading.,<p>The Deserted City by Francis Sherman is a classic work now available as a free public domain PDF download on Bookshelf. Part of Project Gutenberg's digital library of over 70 000 free ebooks.</p>,https://www.gutenberg.org/ebooks/42667.pdf.images,https://www.gutenberg.org/cache/epub/42667/pg42667.cover.medium.jpg,Free,#4a2b3d,#f5f1e8,#f59e0b,p-rings
A Bird of Passage and Other Stories,A free public domain fiction book,Beatrice Harraden,Fiction,free,0,109,A classic fiction work by Beatrice Harraden now available as a free public domain PDF. Originally published in the 19th–early 20th century this 109-page edition has been carefully formatted for modern screen and print reading.,<p>A Bird of Passage and Other Stories by Beatrice Harraden is a classic work now available as a free public domain PDF download on Bookshelf. Part of Project Gutenberg's digital library of over 70 000 free ebooks.</p>,https://www.gutenberg.org/ebooks/44322.pdf.images,https://www.gutenberg.org/cache/epub/44322/pg44322.cover.medium.jpg,Free,#1a1a2e,#f5f1e8,#f59e0b,p-rings
A Hero of Ticonderoga,A free public domain fiction book,Rowland Evans Robinson,Fiction,free,0,291,A classic fiction work by Rowland Evans Robinson now available as a free public domain PDF. Originally published in the 19th–early 20th century this 291-page edition has been carefully formatted for modern screen and print reading.,<p>A Hero of Ticonderoga by Rowland Evans Robinson is a classic work now available as a free public domain PDF download on Bookshelf. Part of Project Gutenberg's digital library of over 70 000 free ebooks.</p>,https://www.gutenberg.org/ebooks/35080.pdf.images,https://www.gutenberg.org/cache/epub/35080/pg35080.cover.medium.jpg,Free,#1a1a2e,#f5f1e8,#f59e0b,p-rings
The Splendid Fairing,A free public domain fiction book,Constance Holme,Fiction,free,0,114,A classic fiction work by Constance Holme now available as a free public domain PDF. Originally published in the 19th–early 20th century this 114-page edition has been carefully formatted for modern screen and print reading.,<p>The Splendid Fairing by Constance Holme is a classic work now available as a free public domain PDF download on Bookshelf. Part of Project Gutenberg's digital library of over 70 000 free ebooks.</p>,https://www.gutenberg.org/ebooks/40545.pdf.images,https://www.gutenberg.org/cache/epub/40545/pg40545.cover.medium.jpg,Free,#1a1a2e,#f5f1e8,#f59e0b,p-rings
Japan Will Turn Ablaze!,A free public domain alexander agnes b. (agnes baldwin) 1875-1970 book,Unknown Author,"Alexander, agnes b. (agnes baldwin), 1875-1970",free,0,89,A classic alexander agnes b. (agnes baldwin) 1875-1970 work by Unknown Author now available as a free public domain PDF. Originally published in the 19th–early 20th century this 89-page edition has been carefully formatted for modern screen and print reading.,<p>Japan Will Turn Ablaze! by Unknown Author is a classic work now available as a free public domain PDF download on Bookshelf. Part of Project Gutenberg's digital library of over 70 000 free ebooks.</p>,https://www.gutenberg.org/files/19236/19236-pdf.pdf,https://www.gutenberg.org/cache/epub/19236/pg19236.cover.medium.jpg,Free,#0f2a43,#f5f1e8,#f59e0b,p-rings
Jane Lends A Hand,A free public domain fiction book,Shirley Watkins,Fiction,free,0,133,A classic fiction work by Shirley Watkins now available as a free public domain PDF. Originally published in the 19th–early 20th century this 133-page edition has been carefully formatted for modern screen and print reading.,<p>Jane Lends A Hand by Shirley Watkins is a classic work now available as a free public domain PDF download on Bookshelf. Part of Project Gutenberg's digital library of over 70 000 free ebooks.</p>,https://www.gutenberg.org/ebooks/35593.pdf.images,https://www.gutenberg.org/cache/epub/35593/pg35593.cover.medium.jpg,Free,#1a1a2e,#f5f1e8,#f59e0b,p-rings
The Boy Hunters of Kentucky,A free public domain fiction book,Edward Sylvester Ellis,Fiction,free,0,285,A classic fiction work by Edward Sylvester Ellis now available as a free public domain PDF. Originally published in the 19th–early 20th century this 285-page edition has been carefully formatted for modern screen and print reading.,<p>The Boy Hunters of Kentucky by Edward Sylvester Ellis is a classic work now available as a free public domain PDF download on Bookshelf. Part of Project Gutenberg's digital library of over 70 000 free ebooks.</p>,https://www.gutenberg.org/ebooks/49143.pdf.images,https://www.gutenberg.org/cache/epub/49143/pg49143.cover.medium.jpg,Free,#1a1a2e,#f5f1e8,#f59e0b,p-rings
Wood Engraving,A free public domain wood-engraving book,R. J. Beedham,Wood-engraving,free,0,321,A classic wood-engraving work by R. J. Beedham now available as a free public domain PDF. Originally published in the 19th–early 20th century this 321-page edition has been carefully formatted for modern screen and print reading.,<p>Wood Engraving by R. J. Beedham is a classic work now available as a free public domain PDF download on Bookshelf. Part of Project Gutenberg's digital library of over 70 000 free ebooks.</p>,https://www.gutenberg.org/files/44606/44606-pdf.pdf,https://www.gutenberg.org/cache/epub/44606/pg44606.cover.medium.jpg,Free,#0f2a43,#f5f1e8,#f59e0b,p-rings
Making Over Martha,A free public domain fiction book,Julie M. Lippmann,Fiction,free,0,120,A classic fiction work by Julie M. Lippmann now available as a free public domain PDF. Originally published in the 19th–early 20th century this 120-page edition has been carefully formatted for modern screen and print reading.,<p>Making Over Martha by Julie M. Lippmann is a classic work now available as a free public domain PDF download on Bookshelf. Part of Project Gutenberg's digital library of over 70 000 free ebooks.</p>,https://www.gutenberg.org/ebooks/52668.pdf.images,https://www.gutenberg.org/cache/epub/52668/pg52668.cover.medium.jpg,Free,#1a1a2e,#f5f1e8,#f59e0b,p-rings
The Theory of Heat Radiation,A free public domain electric waves book,Max Planck,Electric waves,free,0,191,A classic electric waves work by Max Planck now available as a free public domain PDF. Originally published in the 19th–early 20th century this 191-page edition has been carefully formatted for modern screen and print reading.,<p>The Theory of Heat Radiation by Max Planck is a classic work now available as a free public domain PDF download on Bookshelf. Part of Project Gutenberg's digital library of over 70 000 free ebooks.</p>,https://www.gutenberg.org/files/40030/40030-pdf.pdf,https://www.gutenberg.org/cache/epub/40030/pg40030.cover.medium.jpg,Free,#0f2a43,#f5f1e8,#f59e0b,p-rings
Tools and materials illustrating the Japanese method of colour-printing,A free public domain color printing book,Edward Fairbrother Strange,Color printing,free,0,293,A classic color printing work by Edward Fairbrother Strange now available as a free public domain PDF. Originally published in the 19th–early 20th century this 293-page edition has been carefully formatted for modern screen and print reading.,<p>Tools and materials illustrating the Japanese method of colour-printing by Edward Fairbrother Strange is a classic work now available as a free public domain PDF download on Bookshelf. Part of Project Gutenberg's digital library of over 70 000 free ebooks.</p>,https://www.gutenberg.org/files/44458/44458-pdf.pdf,https://www.gutenberg.org/cache/epub/44458/pg44458.cover.medium.jpg,Free,#0f2a43,#f5f1e8,#f59e0b,p-rings
The Red Widow; or The Death-Dealers of London,A free public domain fiction book,William Le Queux,Fiction,free,0,323,A classic fiction work by William Le Queux now available as a free public domain PDF. Originally published in the 19th–early 20th century this 323-page edition has been carefully formatted for modern screen and print reading.,<p>The Red Widow; or The Death-Dealers of London by William Le Queux is a classic work now available as a free public domain PDF download on Bookshelf. Part of Project Gutenberg's digital library of over 70 000 free ebooks.</p>,https://www.gutenberg.org/ebooks/46236.pdf.images,https://www.gutenberg.org/cache/epub/46236/pg46236.cover.medium.jpg,Free,#1a1a2e,#f5f1e8,#f59e0b,p-rings
Over There with the Canadians at Vimy Ridge,A free public domain fiction book,G. Harvey (George Harvey) Ralphson,Fiction,free,0,213,A classic fiction work by G. Harvey (George Harvey) Ralphson now available as a free public domain PDF. Originally published in the 19th–early 20th century this 213-page edition has been carefully formatted for modern screen and print reading.,<p>Over There with the Canadians at Vimy Ridge by G. Harvey (George Harvey) Ralphson is a classic work now available as a free public domain PDF download on Bookshelf. Part of Project Gutenberg's digital library of over 70 000 free ebooks.</p>,https://www.gutenberg.org/ebooks/46348.pdf.images,https://www.gutenberg.org/cache/epub/46348/pg46348.cover.medium.jpg,Free,#1a1a2e,#f5f1e8,#f59e0b,p-rings
General Investigations of Curved Surfaces of 1827 and 1825,A free public domain surfaces book,Carl Friedrich Gauss,Surfaces,free,0,123,A classic surfaces work by Carl Friedrich Gauss now available as a free public domain PDF. Originally published in the 19th–early 20th century this 123-page edition has been carefully formatted for modern screen and print reading.,<p>General Investigations of Curved Surfaces of 1827 and 1825 by Carl Friedrich Gauss is a classic work now available as a free public domain PDF download on Bookshelf. Part of Project Gutenberg's digital library of over 70 000 free ebooks.</p>,https://www.gutenberg.org/files/36856/36856-pdf.pdf,https://www.gutenberg.org/cache/epub/36856/pg36856.cover.medium.jpg,Free,#0f2a43,#f5f1e8,#f59e0b,p-rings
Two on the Trail: A Story of Canada Snows,A free public domain fiction book,E. E. (Edith Elise) Cowper,Fiction,free,0,269,A classic fiction work by E. E. (Edith Elise) Cowper now available as a free public domain PDF. Originally published in the 19th–early 20th century this 269-page edition has been carefully formatted for modern screen and print reading.,<p>Two on the Trail: A Story of Canada Snows by E. E. (Edith Elise) Cowper is a classic work now available as a free public domain PDF download on Bookshelf. Part of Project Gutenberg's digital library of over 70 000 free ebooks.</p>,https://www.gutenberg.org/ebooks/40663.pdf.images,https://www.gutenberg.org/cache/epub/40663/pg40663.cover.medium.jpg,Free,#1a1a2e,#f5f1e8,#f59e0b,p-rings
The Iraq Study Group Report,A free public domain arab-israeli conflict book,Iraq Study Group (U.S.),Arab-israeli conflict,free,0,169,A classic arab-israeli conflict work by Iraq Study Group (U.S.) now available as a free public domain PDF. Originally published in the 19th–early 20th century this 169-page edition has been carefully formatted for modern screen and print reading.,<p>The Iraq Study Group Report by Iraq Study Group (U.S.) is a classic work now available as a free public domain PDF download on Bookshelf. Part of Project Gutenberg's digital library of over 70 000 free ebooks.</p>,https://www.gutenberg.org/files/25686/25686-pdf.pdf,https://www.gutenberg.org/cache/epub/25686/pg25686.cover.medium.jpg,Free,#0f2a43,#f5f1e8,#f59e0b,p-rings
The First True Gentleman: A Study of the Human Nature of Our Lord,A free public domain christian life book,Anonymous,Christian life,free,0,250,A classic christian life work by Anonymous now available as a free public domain PDF. Originally published in the 19th–early 20th century this 250-page edition has been carefully formatted for modern screen and print reading.,<p>The First True Gentleman: A Study of the Human Nature of Our Lord by Anonymous is a classic work now available as a free public domain PDF download on Bookshelf. Part of Project Gutenberg's digital library of over 70 000 free ebooks.</p>,https://www.gutenberg.org/ebooks/40153.pdf.images,https://www.gutenberg.org/cache/epub/40153/pg40153.cover.medium.jpg,Free,#0f2a43,#f5f1e8,#f59e0b,p-rings
Jack Ballington Forester,A free public domain fiction book,John Trotwood Moore,Fiction,free,0,245,A classic fiction work by John Trotwood Moore now available as a free public domain PDF. Originally published in the 19th–early 20th century this 245-page edition has been carefully formatted for modern screen and print reading.,<p>Jack Ballington Forester by John Trotwood Moore is a classic work now available as a free public domain PDF download on Bookshelf. Part of Project Gutenberg's digital library of over 70 000 free ebooks.</p>,https://www.gutenberg.org/ebooks/45652.pdf.images,https://www.gutenberg.org/cache/epub/45652/pg45652.cover.medium.jpg,Free,#1a1a2e,#f5f1e8,#f59e0b,p-rings
Edgar the Ready: A Tale of the Third Edward's Reign,A free public domain fiction book,W. P. Shervill,Fiction,free,0,283,A classic fiction work by W. P. Shervill now available as a free public domain PDF. Originally published in the 19th–early 20th century this 283-page edition has been carefully formatted for modern screen and print reading.,<p>Edgar the Ready: A Tale of the Third Edward's Reign by W. P. Shervill is a classic work now available as a free public domain PDF download on Bookshelf. Part of Project Gutenberg's digital library of over 70 000 free ebooks.</p>,https://www.gutenberg.org/ebooks/49283.pdf.images,https://www.gutenberg.org/cache/epub/49283/pg49283.cover.medium.jpg,Free,#1a1a2e,#f5f1e8,#f59e0b,p-rings
Poems 1916-1918,A free public domain poetry book,Francis Brett Young,Poetry,free,0,289,A classic poetry work by Francis Brett Young now available as a free public domain PDF. Originally published in the 19th–early 20th century this 289-page edition has been carefully formatted for modern screen and print reading.,<p>Poems 1916-1918 by Francis Brett Young is a classic work now available as a free public domain PDF download on Bookshelf. Part of Project Gutenberg's digital library of over 70 000 free ebooks.</p>,https://www.gutenberg.org/ebooks/40344.pdf.images,https://www.gutenberg.org/cache/epub/40344/pg40344.cover.medium.jpg,Free,#4a2b3d,#f5f1e8,#f59e0b,p-rings
Over the Canadian Battlefields: Notes of a Little Journey in France in March 1919,A free public domain world war 1914-1918 book,John Wesley Dafoe,"World war, 1914-1918",free,0,167,A classic world war 1914-1918 work by John Wesley Dafoe now available as a free public domain PDF. Originally published in the 19th–early 20th century this 167-page edition has been carefully formatted for modern screen and print reading.,<p>Over the Canadian Battlefields: Notes of a Little Journey in France in March 1919 by John Wesley Dafoe is a classic work now available as a free public domain PDF download on Bookshelf. Part of Project Gutenberg's digital library of over 70 000 free ebooks.</p>,https://www.gutenberg.org/ebooks/47269.pdf.images,https://www.gutenberg.org/cache/epub/47269/pg47269.cover.medium.jpg,Free,#0f2a43,#f5f1e8,#f59e0b,p-rings
The River Motor Boat Boys on the Rio Grande: In Defense of the Rambler,A free public domain fiction book,Harry Gordon,Fiction,free,0,198,A classic fiction work by Harry Gordon now available as a free public domain PDF. Originally published in the 19th–early 20th century this 198-page edition has been carefully formatted for modern screen and print reading.,<p>The River Motor Boat Boys on the Rio Grande: In Defense of the Rambler by Harry Gordon is a classic work now available as a free public domain PDF download on Bookshelf. Part of Project Gutenberg's digital library of over 70 000 free ebooks.</p>,https://www.gutenberg.org/ebooks/50799.pdf.images,https://www.gutenberg.org/cache/epub/50799/pg50799.cover.medium.jpg,Free,#1a1a2e,#f5f1e8,#f59e0b,p-rings
Robt. Schumann : The Story of the Boy Who Made Pictures in Music,A free public domain biography book,Thomas Tapper,Biography,free,0,271,A classic biography work by Thomas Tapper now available as a free public domain PDF. Originally published in the 19th–early 20th century this 271-page edition has been carefully formatted for modern screen and print reading.,<p>Robt. Schumann : The Story of the Boy Who Made Pictures in Music by Thomas Tapper is a classic work now available as a free public domain PDF download on Bookshelf. Part of Project Gutenberg's digital library of over 70 000 free ebooks.</p>,https://www.gutenberg.org/files/35596/35596-pdf.pdf,https://www.gutenberg.org/cache/epub/35596/pg35596.cover.medium.jpg,Free,#2d4a22,#f5f1e8,#f59e0b,p-rings
Osage Traditions,A free public domain osage indians book,James Owen Dorsey,Osage indians,free,0,178,A classic osage indians work by James Owen Dorsey now available as a free public domain PDF. Originally published in the 19th–early 20th century this 178-page edition has been carefully formatted for modern screen and print reading.,<p>Osage Traditions by James Owen Dorsey is a classic work now available as a free public domain PDF download on Bookshelf. Part of Project Gutenberg's digital library of over 70 000 free ebooks.</p>,https://www.gutenberg.org/files/19464/19464-pdf.pdf,https://www.gutenberg.org/cache/epub/19464/pg19464.cover.medium.jpg,Free,#0f2a43,#f5f1e8,#f59e0b,p-rings
Jack Wright and His Electric Stage; or Leagued Against the James Boys,A free public domain fiction book,Luis Senarens,Fiction,free,0,136,A classic fiction work by Luis Senarens now available as a free public domain PDF. Originally published in the 19th–early 20th century this 136-page edition has been carefully formatted for modern screen and print reading.,<p>Jack Wright and His Electric Stage; or Leagued Against the James Boys by Luis Senarens is a classic work now available as a free public domain PDF download on Bookshelf. Part of Project Gutenberg's digital library of over 70 000 free ebooks.</p>,https://www.gutenberg.org/files/22670/22670-pdf.pdf,https://www.gutenberg.org/cache/epub/22670/pg22670.cover.medium.jpg,Free,#1a1a2e,#f5f1e8,#f59e0b,p-rings
Sing a Song of Sixpence,A free public domain fiction book,Mary Holdsworth,Fiction,free,0,160,A classic fiction work by Mary Holdsworth now available as a free public domain PDF. Originally published in the 19th–early 20th century this 160-page edition has been carefully formatted for modern screen and print reading.,<p>Sing a Song of Sixpence by Mary Holdsworth is a classic work now available as a free public domain PDF download on Bookshelf. Part of Project Gutenberg's digital library of over 70 000 free ebooks.</p>,https://www.gutenberg.org/ebooks/40154.pdf.images,https://www.gutenberg.org/cache/epub/40154/pg40154.cover.medium.jpg,Free,#1a1a2e,#f5f1e8,#f59e0b,p-rings
The Romance of War; or The Highlanders in Spain Volume 3 (of 3),A free public domain fiction book,James Grant,Fiction,free,0,234,A classic fiction work by James Grant now available as a free public domain PDF. Originally published in the 19th–early 20th century this 234-page edition has been carefully formatted for modern screen and print reading.,<p>The Romance of War; or The Highlanders in Spain Volume 3 (of 3) by James Grant is a classic work now available as a free public domain PDF download on Bookshelf. Part of Project Gutenberg's digital library of over 70 000 free ebooks.</p>,https://www.gutenberg.org/ebooks/54920.pdf.images,https://www.gutenberg.org/cache/epub/54920/pg54920.cover.medium.jpg,Free,#1a1a2e,#f5f1e8,#f59e0b,p-rings
The Christian Foundation Or Scientific and Religious Journal March 1880,A free public domain science book,Various,Science,free,0,88,A classic science work by Various now available as a free public domain PDF. Originally published in the 19th–early 20th century this 88-page edition has been carefully formatted for modern screen and print reading.,<p>The Christian Foundation Or Scientific and Religious Journal March 1880 by Various is a classic work now available as a free public domain PDF download on Bookshelf. Part of Project Gutenberg's digital library of over 70 000 free ebooks.</p>,https://www.gutenberg.org/files/28075/28075-pdf.pdf,https://www.gutenberg.org/cache/epub/28075/pg28075.cover.medium.jpg,Free,#1e3a5f,#f5f1e8,#f59e0b,p-rings
Hazelhurst,A free public domain fiction book,Enid Leigh Hunt,Fiction,free,0,197,A classic fiction work by Enid Leigh Hunt now available as a free public domain PDF. Originally published in the 19th–early 20th century this 197-page edition has been carefully formatted for modern screen and print reading.,<p>Hazelhurst by Enid Leigh Hunt is a classic work now available as a free public domain PDF download on Bookshelf. Part of Project Gutenberg's digital library of over 70 000 free ebooks.</p>,https://www.gutenberg.org/ebooks/55297.pdf.images,https://www.gutenberg.org/cache/epub/55297/pg55297.cover.medium.jpg,Free,#1a1a2e,#f5f1e8,#f59e0b,p-rings
Hints towards the formation of a more comprehensive theory of life.,A free public domain life (biology) book,Samuel Taylor Coleridge,Life (biology),free,0,197,A classic life (biology) work by Samuel Taylor Coleridge now available as a free public domain PDF. Originally published in the 19th–early 20th century this 197-page edition has been carefully formatted for modern screen and print reading.,<p>Hints towards the formation of a more comprehensive theory of life. by Samuel Taylor Coleridge is a classic work now available as a free public domain PDF download on Bookshelf. Part of Project Gutenberg's digital library of over 70 000 free ebooks.</p>,https://www.gutenberg.org/files/24346/24346-pdf.pdf,https://www.gutenberg.org/cache/epub/24346/pg24346.cover.medium.jpg,Free,#0f2a43,#f5f1e8,#f59e0b,p-rings
An Amicable Controversy with a Jewish Rabbi on The Messiah's Coming: With an Entirely New Exposition of Zechariah on the,A free public domain bible. zechariah book,John Ranicar Park,Bible. zechariah,free,0,121,A classic bible. zechariah work by John Ranicar Park now available as a free public domain PDF. Originally published in the 19th–early 20th century this 121-page edition has been carefully formatted for modern screen and print reading.,<p>An Amicable Controversy with a Jewish Rabbi on The Messiah's Coming: With an Entirely New Exposition of Zechariah on the Messiah's Kingdom by John Ranicar Park is a classic work now available as a free public domain PDF download on Bookshelf. Part of Project Gutenberg's digital library of over 70 000 free ebooks.</p>,https://www.gutenberg.org/files/34201/34201-pdf.pdf,https://www.gutenberg.org/cache/epub/34201/pg34201.cover.medium.jpg,Free,#0f2a43,#f5f1e8,#f59e0b,p-rings
Motor Boat Boys on the St. Lawrence: Or Solving the Mystery of the Thousand Islands,A free public domain fiction book,Louis Arundel,Fiction,free,0,120,A classic fiction work by Louis Arundel now available as a free public domain PDF. Originally published in the 19th–early 20th century this 120-page edition has been carefully formatted for modern screen and print reading.,<p>Motor Boat Boys on the St. Lawrence: Or Solving the Mystery of the Thousand Islands by Louis Arundel is a classic work now available as a free public domain PDF download on Bookshelf. Part of Project Gutenberg's digital library of over 70 000 free ebooks.</p>,https://www.gutenberg.org/ebooks/35728.pdf.images,https://www.gutenberg.org/cache/epub/35728/pg35728.cover.medium.jpg,Free,#1a1a2e,#f5f1e8,#f59e0b,p-rings
Peggy Parsons at Prep School,A free public domain fiction book,Annabel Sharp,Fiction,free,0,182,A classic fiction work by Annabel Sharp now available as a free public domain PDF. Originally published in the 19th–early 20th century this 182-page edition has been carefully formatted for modern screen and print reading.,<p>Peggy Parsons at Prep School by Annabel Sharp is a classic work now available as a free public domain PDF download on Bookshelf. Part of Project Gutenberg's digital library of over 70 000 free ebooks.</p>,https://www.gutenberg.org/ebooks/35730.pdf.images,https://www.gutenberg.org/cache/epub/35730/pg35730.cover.medium.jpg,Free,#1a1a2e,#f5f1e8,#f59e0b,p-rings
Nell and Her Grandfather Told from Charles Dickens's The Old Curiosity Shop,A free public domain dickens charles 1812-1870 book,Charles Dickens,"Dickens, charles, 1812-1870",free,0,252,A classic dickens charles 1812-1870 work by Charles Dickens now available as a free public domain PDF. Originally published in the 19th–early 20th century this 252-page edition has been carefully formatted for modern screen and print reading.,<p>Nell and Her Grandfather Told from Charles Dickens's The Old Curiosity Shop by Charles Dickens is a classic work now available as a free public domain PDF download on Bookshelf. Part of Project Gutenberg's digital library of over 70 000 free ebooks.</p>,https://www.gutenberg.org/ebooks/52125.pdf.images,https://www.gutenberg.org/cache/epub/52125/pg52125.cover.medium.jpg,Free,#0f2a43,#f5f1e8,#f59e0b,p-rings
Báró Podmaniczky Pál és a norvég Biblia: Elbeszélés a 18 nyelvü nagyapáról 77 nyelven és rovásírással,A free public domain short stories book,Ilona Kutas,Short stories,free,0,265,A classic short stories work by Ilona Kutas now available as a free public domain PDF. Originally published in the 19th–early 20th century this 265-page edition has been carefully formatted for modern screen and print reading.,<p>Báró Podmaniczky Pál és a norvég Biblia: Elbeszélés a 18 nyelvü nagyapáról 77 nyelven és rovásírással by Ilona Kutas is a classic work now available as a free public domain PDF download on Bookshelf. Part of Project Gutenberg's digital library of over 70 000 free ebooks.</p>,https://www.gutenberg.org/files/5640/5640-p.pdf,https://www.gutenberg.org/cache/epub/5640/pg5640.cover.medium.jpg,Free,#0f2a43,#f5f1e8,#f59e0b,p-rings
Ralph of the Roundhouse; Or Bound to Become a Railroad Man,A free public domain fiction book,Allen Chapman,Fiction,free,0,275,A classic fiction work by Allen Chapman now available as a free public domain PDF. Originally published in the 19th–early 20th century this 275-page edition has been carefully formatted for modern screen and print reading.,<p>Ralph of the Roundhouse; Or Bound to Become a Railroad Man by Allen Chapman is a classic work now available as a free public domain PDF download on Bookshelf. Part of Project Gutenberg's digital library of over 70 000 free ebooks.</p>,https://www.gutenberg.org/ebooks/39050.pdf.images,https://www.gutenberg.org/cache/epub/39050/pg39050.cover.medium.jpg,Free,#1a1a2e,#f5f1e8,#f59e0b,p-rings
High Endeavours: Messages to Alaska,A free public domain bahai faith book,Effendi Shoghi,Bahai faith,free,0,108,A classic bahai faith work by Effendi Shoghi now available as a free public domain PDF. Originally published in the 19th–early 20th century this 108-page edition has been carefully formatted for modern screen and print reading.,<p>High Endeavours: Messages to Alaska by Effendi Shoghi is a classic work now available as a free public domain PDF download on Bookshelf. Part of Project Gutenberg's digital library of over 70 000 free ebooks.</p>,https://www.gutenberg.org/files/19276/19276-pdf.pdf,https://www.gutenberg.org/cache/epub/19276/pg19276.cover.medium.jpg,Free,#0f2a43,#f5f1e8,#f59e0b,p-rings
The Lonely Stronghold,A free public domain fiction book,Mrs. Baillie Reynolds,Fiction,free,0,154,A classic fiction work by Mrs. Baillie Reynolds now available as a free public domain PDF. Originally published in the 19th–early 20th century this 154-page edition has been carefully formatted for modern screen and print reading.,<p>The Lonely Stronghold by Mrs. Baillie Reynolds is a classic work now available as a free public domain PDF download on Bookshelf. Part of Project Gutenberg's digital library of over 70 000 free ebooks.</p>,https://www.gutenberg.org/ebooks/42625.pdf.images,https://www.gutenberg.org/cache/epub/42625/pg42625.cover.medium.jpg,Free,#1a1a2e,#f5f1e8,#f59e0b,p-rings
The Scratch Pack,A free public domain fiction book,Dorothea Conyers,Fiction,free,0,327,A classic fiction work by Dorothea Conyers now available as a free public domain PDF. Originally published in the 19th–early 20th century this 327-page edition has been carefully formatted for modern screen and print reading.,<p>The Scratch Pack by Dorothea Conyers is a classic work now available as a free public domain PDF download on Bookshelf. Part of Project Gutenberg's digital library of over 70 000 free ebooks.</p>,https://www.gutenberg.org/ebooks/53175.pdf.images,https://www.gutenberg.org/cache/epub/53175/pg53175.cover.medium.jpg,Free,#1a1a2e,#f5f1e8,#f59e0b,p-rings
Arohanui: Letters from Shoghi Effendi to New Zealand,A free public domain bahai faith book,Effendi Shoghi,Bahai faith,free,0,316,A classic bahai faith work by Effendi Shoghi now available as a free public domain PDF. Originally published in the 19th–early 20th century this 316-page edition has been carefully formatted for modern screen and print reading.,<p>Arohanui: Letters from Shoghi Effendi to New Zealand by Effendi Shoghi is a classic work now available as a free public domain PDF download on Bookshelf. Part of Project Gutenberg's digital library of over 70 000 free ebooks.</p>,https://www.gutenberg.org/files/19251/19251-pdf.pdf,https://www.gutenberg.org/cache/epub/19251/pg19251.cover.medium.jpg,Free,#0f2a43,#f5f1e8,#f59e0b,p-rings
The Youth's Companion Volume LII Number 11 Thursday March 13 1879,A free public domain children's books book,Various,Children's Books,free,0,118,A classic children's books work by Various now available as a free public domain PDF. Originally published in the 19th–early 20th century this 118-page edition has been carefully formatted for modern screen and print reading.,<p>The Youth's Companion Volume LII Number 11 Thursday March 13 1879 by Various is a classic work now available as a free public domain PDF download on Bookshelf. Part of Project Gutenberg's digital library of over 70 000 free ebooks.</p>,https://www.gutenberg.org/files/22242/22242-pdf.pdf,https://www.gutenberg.org/cache/epub/22242/pg22242.cover.medium.jpg,Free,#0f2a43,#f5f1e8,#f59e0b,p-rings
The Outdoor Chums on a Houseboat; Or The Rivals of the Mississippi,A free public domain fiction book,Quincy Allen,Fiction,free,0,258,A classic fiction work by Quincy Allen now available as a free public domain PDF. Originally published in the 19th–early 20th century this 258-page edition has been carefully formatted for modern screen and print reading.,<p>The Outdoor Chums on a Houseboat; Or The Rivals of the Mississippi by Quincy Allen is a classic work now available as a free public domain PDF download on Bookshelf. Part of Project Gutenberg's digital library of over 70 000 free ebooks.</p>,https://www.gutenberg.org/ebooks/35831.pdf.images,https://www.gutenberg.org/cache/epub/35831/pg35831.cover.medium.jpg,Free,#1a1a2e,#f5f1e8,#f59e0b,p-rings
White Heather: A Novel (Volume 2 of 3),A free public domain fiction book,William Black,Fiction,free,0,184,A classic fiction work by William Black now available as a free public domain PDF. Originally published in the 19th–early 20th century this 184-page edition has been carefully formatted for modern screen and print reading.,<p>White Heather: A Novel (Volume 2 of 3) by William Black is a classic work now available as a free public domain PDF download on Bookshelf. Part of Project Gutenberg's digital library of over 70 000 free ebooks.</p>,https://www.gutenberg.org/ebooks/43445.pdf.images,https://www.gutenberg.org/cache/epub/43445/pg43445.cover.medium.jpg,Free,#1a1a2e,#f5f1e8,#f59e0b,p-rings
The Red Fox's Son: A Romance of Bharbazonia,A free public domain fiction book,Edgar M. (Edgar Meck) Dilley,Fiction,free,0,299,A classic fiction work by Edgar M. (Edgar Meck) Dilley now available as a free public domain PDF. Originally published in the 19th–early 20th century this 299-page edition has been carefully formatted for modern screen and print reading.,<p>The Red Fox's Son: A Romance of Bharbazonia by Edgar M. (Edgar Meck) Dilley is a classic work now available as a free public domain PDF download on Bookshelf. Part of Project Gutenberg's digital library of over 70 000 free ebooks.</p>,https://www.gutenberg.org/ebooks/53804.pdf.images,https://www.gutenberg.org/cache/epub/53804/pg53804.cover.medium.jpg,Free,#1a1a2e,#f5f1e8,#f59e0b,p-rings
Bright Ideas: A Record of Invention and Misinvention,A free public domain fiction book,Herbert Strang,Fiction,free,0,192,A classic fiction work by Herbert Strang now available as a free public domain PDF. Originally published in the 19th–early 20th century this 192-page edition has been carefully formatted for modern screen and print reading.,<p>Bright Ideas: A Record of Invention and Misinvention by Herbert Strang is a classic work now available as a free public domain PDF download on Bookshelf. Part of Project Gutenberg's digital library of over 70 000 free ebooks.</p>,https://www.gutenberg.org/ebooks/43234.pdf.images,https://www.gutenberg.org/cache/epub/43234/pg43234.cover.medium.jpg,Free,#1a1a2e,#f5f1e8,#f59e0b,p-rings
Farquharson of Glune,A free public domain fiction book,May Bateman,Fiction,free,0,85,A classic fiction work by May Bateman now available as a free public domain PDF. Originally published in the 19th–early 20th century this 85-page edition has been carefully formatted for modern screen and print reading.,<p>Farquharson of Glune by May Bateman is a classic work now available as a free public domain PDF download on Bookshelf. Part of Project Gutenberg's digital library of over 70 000 free ebooks.</p>,https://www.gutenberg.org/ebooks/55296.pdf.images,https://www.gutenberg.org/cache/epub/55296/pg55296.cover.medium.jpg,Free,#1a1a2e,#f5f1e8,#f59e0b,p-rings
The Life of Columbus,A free public domain biography book,Sir Arthur Helps,Biography,free,0,81,A classic biography work by Sir Arthur Helps now available as a free public domain PDF. Originally published in the 19th–early 20th century this 81-page edition has been carefully formatted for modern screen and print reading.,<p>The Life of Columbus by Sir Arthur Helps is a classic work now available as a free public domain PDF download on Bookshelf. Part of Project Gutenberg's digital library of over 70 000 free ebooks.</p>,https://www.gutenberg.org/files/15336/15336-pdf.pdf,https://www.gutenberg.org/cache/epub/15336/pg15336.cover.medium.jpg,Free,#2d4a22,#f5f1e8,#f59e0b,p-rings
Mathematical Geography,A free public domain mathematical geography book,Willis E. (Willis Ernest) Johnson,Mathematical geography,free,0,268,A classic mathematical geography work by Willis E. (Willis Ernest) Johnson now available as a free public domain PDF. Originally published in the 19th–early 20th century this 268-page edition has been carefully formatted for modern screen and print reading.,<p>Mathematical Geography by Willis E. (Willis Ernest) Johnson is a classic work now available as a free public domain PDF download on Bookshelf. Part of Project Gutenberg's digital library of over 70 000 free ebooks.</p>,https://www.gutenberg.org/files/31344/31344-pdf.pdf,https://www.gutenberg.org/cache/epub/31344/pg31344.cover.medium.jpg,Free,#0f2a43,#f5f1e8,#f59e0b,p-rings
A Song of the Guns,A free public domain poetry book,Gilbert Frankau,Poetry,free,0,89,A classic poetry work by Gilbert Frankau now available as a free public domain PDF. Originally published in the 19th–early 20th century this 89-page edition has been carefully formatted for modern screen and print reading.,<p>A Song of the Guns by Gilbert Frankau is a classic work now available as a free public domain PDF download on Bookshelf. Part of Project Gutenberg's digital library of over 70 000 free ebooks.</p>,https://www.gutenberg.org/ebooks/40345.pdf.images,https://www.gutenberg.org/cache/epub/40345/pg40345.cover.medium.jpg,Free,#4a2b3d,#f5f1e8,#f59e0b,p-rings
White Wings: A Yachting Romance Volume I,A free public domain fiction book,William Black,Fiction,free,0,183,A classic fiction work by William Black now available as a free public domain PDF. Originally published in the 19th–early 20th century this 183-page edition has been carefully formatted for modern screen and print reading.,<p>White Wings: A Yachting Romance Volume I by William Black is a classic work now available as a free public domain PDF download on Bookshelf. Part of Project Gutenberg's digital library of over 70 000 free ebooks.</p>,https://www.gutenberg.org/ebooks/43828.pdf.images,https://www.gutenberg.org/cache/epub/43828/pg43828.cover.medium.jpg,Free,#1a1a2e,#f5f1e8,#f59e0b,p-rings
The Man in Ratcatcher and Other Stories,A free public domain fiction book,H. C. (Herman Cyril) McNeile,Fiction,free,0,106,A classic fiction work by H. C. (Herman Cyril) McNeile now available as a free public domain PDF. Originally published in the 19th–early 20th century this 106-page edition has been carefully formatted for modern screen and print reading.,<p>The Man in Ratcatcher and Other Stories by H. C. (Herman Cyril) McNeile is a classic work now available as a free public domain PDF download on Bookshelf. Part of Project Gutenberg's digital library of over 70 000 free ebooks.</p>,https://www.gutenberg.org/ebooks/49590.pdf.images,https://www.gutenberg.org/cache/epub/49590/pg49590.cover.medium.jpg,Free,#1a1a2e,#f5f1e8,#f59e0b,p-rings
Jim Mortimer,A free public domain fiction book,R. S. Warren (Robert Stanley Warren) Bell,Fiction,free,0,313,A classic fiction work by R. S. Warren (Robert Stanley Warren) Bell now available as a free public domain PDF. Originally published in the 19th–early 20th century this 313-page edition has been carefully formatted for modern screen and print reading.,<p>Jim Mortimer by R. S. Warren (Robert Stanley Warren) Bell is a classic work now available as a free public domain PDF download on Bookshelf. Part of Project Gutenberg's digital library of over 70 000 free ebooks.</p>,https://www.gutenberg.org/ebooks/55590.pdf.images,https://www.gutenberg.org/cache/epub/55590/pg55590.cover.medium.jpg,Free,#1a1a2e,#f5f1e8,#f59e0b,p-rings
Fighting Without a War: An Account of Military Intervention in North Russia,A free public domain world war 1914-1918 book,Ralph Albertson,"World war, 1914-1918",free,0,113,A classic world war 1914-1918 work by Ralph Albertson now available as a free public domain PDF. Originally published in the 19th–early 20th century this 113-page edition has been carefully formatted for modern screen and print reading.,<p>Fighting Without a War: An Account of Military Intervention in North Russia by Ralph Albertson is a classic work now available as a free public domain PDF download on Bookshelf. Part of Project Gutenberg's digital library of over 70 000 free ebooks.</p>,https://www.gutenberg.org/ebooks/46191.pdf.images,https://www.gutenberg.org/cache/epub/46191/pg46191.cover.medium.jpg,Free,#0f2a43,#f5f1e8,#f59e0b,p-rings
A Day at a Time and Other Talks on Life and Religion,A free public domain sermons english book,Archibald Alexander,"Sermons, english",free,0,208,A classic sermons english work by Archibald Alexander now available as a free public domain PDF. Originally published in the 19th–early 20th century this 208-page edition has been carefully formatted for modern screen and print reading.,<p>A Day at a Time and Other Talks on Life and Religion by Archibald Alexander is a classic work now available as a free public domain PDF download on Bookshelf. Part of Project Gutenberg's digital library of over 70 000 free ebooks.</p>,https://www.gutenberg.org/ebooks/39309.pdf.images,https://www.gutenberg.org/cache/epub/39309/pg39309.cover.medium.jpg,Free,#0f2a43,#f5f1e8,#f59e0b,p-rings
The Golden Helm and Other Verse,A free public domain poetry book,Wilfrid Wilson Gibson,Poetry,free,0,163,A classic poetry work by Wilfrid Wilson Gibson now available as a free public domain PDF. Originally published in the 19th–early 20th century this 163-page edition has been carefully formatted for modern screen and print reading.,<p>The Golden Helm and Other Verse by Wilfrid Wilson Gibson is a classic work now available as a free public domain PDF download on Bookshelf. Part of Project Gutenberg's digital library of over 70 000 free ebooks.</p>,https://www.gutenberg.org/ebooks/42052.pdf.images,https://www.gutenberg.org/cache/epub/42052/pg42052.cover.medium.jpg,Free,#4a2b3d,#f5f1e8,#f59e0b,p-rings
Franz Schubert : The Story of the Boy Who Wrote Beautiful Songs,A free public domain biography book,Thomas Tapper,Biography,free,0,187,A classic biography work by Thomas Tapper now available as a free public domain PDF. Originally published in the 19th–early 20th century this 187-page edition has been carefully formatted for modern screen and print reading.,<p>Franz Schubert : The Story of the Boy Who Wrote Beautiful Songs by Thomas Tapper is a classic work now available as a free public domain PDF download on Bookshelf. Part of Project Gutenberg's digital library of over 70 000 free ebooks.</p>,https://www.gutenberg.org/files/35070/35070-pdf.pdf,https://www.gutenberg.org/cache/epub/35070/pg35070.cover.medium.jpg,Free,#2d4a22,#f5f1e8,#f59e0b,p-rings
Fighting with French: A Tale of the New Army,A free public domain fiction book,Herbert Strang,Fiction,free,0,266,A classic fiction work by Herbert Strang now available as a free public domain PDF. Originally published in the 19th–early 20th century this 266-page edition has been carefully formatted for modern screen and print reading.,<p>Fighting with French: A Tale of the New Army by Herbert Strang is a classic work now available as a free public domain PDF download on Bookshelf. Part of Project Gutenberg's digital library of over 70 000 free ebooks.</p>,https://www.gutenberg.org/ebooks/39801.pdf.images,https://www.gutenberg.org/cache/epub/39801/pg39801.cover.medium.jpg,Free,#1a1a2e,#f5f1e8,#f59e0b,p-rings
The Young O'Briens: Being an Account of Their Sojourn in London,A free public domain fiction book,Margaret Westrup,Fiction,free,0,292,A classic fiction work by Margaret Westrup now available as a free public domain PDF. Originally published in the 19th–early 20th century this 292-page edition has been carefully formatted for modern screen and print reading.,<p>The Young O'Briens: Being an Account of Their Sojourn in London by Margaret Westrup is a classic work now available as a free public domain PDF download on Bookshelf. Part of Project Gutenberg's digital library of over 70 000 free ebooks.</p>,https://www.gutenberg.org/ebooks/45324.pdf.images,https://www.gutenberg.org/cache/epub/45324/pg45324.cover.medium.jpg,Free,#1a1a2e,#f5f1e8,#f59e0b,p-rings
Hugh Walpole: An Appreciation,A free public domain walpole hugh 1884-1941 book,Joseph Hergesheimer,"Walpole, hugh, 1884-1941",free,0,123,A classic walpole hugh 1884-1941 work by Joseph Hergesheimer now available as a free public domain PDF. Originally published in the 19th–early 20th century this 123-page edition has been carefully formatted for modern screen and print reading.,<p>Hugh Walpole: An Appreciation by Joseph Hergesheimer is a classic work now available as a free public domain PDF download on Bookshelf. Part of Project Gutenberg's digital library of over 70 000 free ebooks.</p>,https://www.gutenberg.org/ebooks/42383.pdf.images,https://www.gutenberg.org/cache/epub/42383/pg42383.cover.medium.jpg,Free,#0f2a43,#f5f1e8,#f59e0b,p-rings
Harum Scarum's Fortune,A free public domain fiction book,Esmè Stuart,Fiction,free,0,326,A classic fiction work by Esmè Stuart now available as a free public domain PDF. Originally published in the 19th–early 20th century this 326-page edition has been carefully formatted for modern screen and print reading.,<p>Harum Scarum's Fortune by Esmè Stuart is a classic work now available as a free public domain PDF download on Bookshelf. Part of Project Gutenberg's digital library of over 70 000 free ebooks.</p>,https://www.gutenberg.org/ebooks/45281.pdf.images,https://www.gutenberg.org/cache/epub/45281/pg45281.cover.medium.jpg,Free,#1a1a2e,#f5f1e8,#f59e0b,p-rings
Pomander Walk,A free public domain fiction book,Louis Napoleon Parker,Fiction,free,0,280,A classic fiction work by Louis Napoleon Parker now available as a free public domain PDF. Originally published in the 19th–early 20th century this 280-page edition has been carefully formatted for modern screen and print reading.,<p>Pomander Walk by Louis Napoleon Parker is a classic work now available as a free public domain PDF download on Bookshelf. Part of Project Gutenberg's digital library of over 70 000 free ebooks.</p>,https://www.gutenberg.org/ebooks/47925.pdf.images,https://www.gutenberg.org/cache/epub/47925/pg47925.cover.medium.jpg,Free,#1a1a2e,#f5f1e8,#f59e0b,p-rings
Statement on Bahá'u'lláh,A free public domain bahai faith book,Bahá'í International Community,Bahai faith,free,0,111,A classic bahai faith work by Bahá'í International Community now available as a free public domain PDF. Originally published in the 19th–early 20th century this 111-page edition has been carefully formatted for modern screen and print reading.,<p>Statement on Bahá'u'lláh by Bahá'í International Community is a classic work now available as a free public domain PDF download on Bookshelf. Part of Project Gutenberg's digital library of over 70 000 free ebooks.</p>,https://www.gutenberg.org/files/19290/19290-pdf.pdf,https://www.gutenberg.org/cache/epub/19290/pg19290.cover.medium.jpg,Free,#0f2a43,#f5f1e8,#f59e0b,p-rings
The Last Rose of Summer,A free public domain fiction book,Rupert Hughes,Fiction,free,0,247,A classic fiction work by Rupert Hughes now available as a free public domain PDF. Originally published in the 19th–early 20th century this 247-page edition has been carefully formatted for modern screen and print reading.,<p>The Last Rose of Summer by Rupert Hughes is a classic work now available as a free public domain PDF download on Bookshelf. Part of Project Gutenberg's digital library of over 70 000 free ebooks.</p>,https://www.gutenberg.org/ebooks/40016.pdf.images,https://www.gutenberg.org/cache/epub/40016/pg40016.cover.medium.jpg,Free,#1a1a2e,#f5f1e8,#f59e0b,p-rings
The Hidden Servants and Other Very Old Stories,A free public domain poetry book,Francesca Alexander,Poetry,free,0,319,A classic poetry work by Francesca Alexander now available as a free public domain PDF. Originally published in the 19th–early 20th century this 319-page edition has been carefully formatted for modern screen and print reading.,<p>The Hidden Servants and Other Very Old Stories by Francesca Alexander is a classic work now available as a free public domain PDF download on Bookshelf. Part of Project Gutenberg's digital library of over 70 000 free ebooks.</p>,https://www.gutenberg.org/ebooks/47962.pdf.images,https://www.gutenberg.org/cache/epub/47962/pg47962.cover.medium.jpg,Free,#4a2b3d,#f5f1e8,#f59e0b,p-rings
Old Man Savarin Stories: Tales of Canada and Canadians,A free public domain fiction book,Edward William Thomson,Fiction,free,0,156,A classic fiction work by Edward William Thomson now available as a free public domain PDF. Originally published in the 19th–early 20th century this 156-page edition has been carefully formatted for modern screen and print reading.,<p>Old Man Savarin Stories: Tales of Canada and Canadians by Edward William Thomson is a classic work now available as a free public domain PDF download on Bookshelf. Part of Project Gutenberg's digital library of over 70 000 free ebooks.</p>,https://www.gutenberg.org/ebooks/55431.pdf.images,https://www.gutenberg.org/cache/epub/55431/pg55431.cover.medium.jpg,Free,#1a1a2e,#f5f1e8,#f59e0b,p-rings
The Imprudence of Prue,A free public domain fiction book,Sophie Fisher,Fiction,free,0,194,A classic fiction work by Sophie Fisher now available as a free public domain PDF. Originally published in the 19th–early 20th century this 194-page edition has been carefully formatted for modern screen and print reading.,<p>The Imprudence of Prue by Sophie Fisher is a classic work now available as a free public domain PDF download on Bookshelf. Part of Project Gutenberg's digital library of over 70 000 free ebooks.</p>,https://www.gutenberg.org/ebooks/47305.pdf.images,https://www.gutenberg.org/cache/epub/47305/pg47305.cover.medium.jpg,Free,#1a1a2e,#f5f1e8,#f59e0b,p-rings
Gold Elsie,A free public domain fiction book,E. (Eugenie) Marlitt,Fiction,free,0,201,A classic fiction work by E. (Eugenie) Marlitt now available as a free public domain PDF. Originally published in the 19th–early 20th century this 201-page edition has been carefully formatted for modern screen and print reading.,<p>Gold Elsie by E. (Eugenie) Marlitt is a classic work now available as a free public domain PDF download on Bookshelf. Part of Project Gutenberg's digital library of over 70 000 free ebooks.</p>,https://www.gutenberg.org/ebooks/42426.pdf.images,https://www.gutenberg.org/cache/epub/42426/pg42426.cover.medium.jpg,Free,#1a1a2e,#f5f1e8,#f59e0b,p-rings
White Heather: A Novel (Volume 1 of 3),A free public domain fiction book,William Black,Fiction,free,0,271,A classic fiction work by William Black now available as a free public domain PDF. Originally published in the 19th–early 20th century this 271-page edition has been carefully formatted for modern screen and print reading.,<p>White Heather: A Novel (Volume 1 of 3) by William Black is a classic work now available as a free public domain PDF download on Bookshelf. Part of Project Gutenberg's digital library of over 70 000 free ebooks.</p>,https://www.gutenberg.org/ebooks/43444.pdf.images,https://www.gutenberg.org/cache/epub/43444/pg43444.cover.medium.jpg,Free,#1a1a2e,#f5f1e8,#f59e0b,p-rings
A Compilaton on Scholarship,A free public domain bahai faith book,Universal House of Justice,Bahai faith,free,0,250,A classic bahai faith work by Universal House of Justice now available as a free public domain PDF. Originally published in the 19th–early 20th century this 250-page edition has been carefully formatted for modern screen and print reading.,<p>A Compilaton on Scholarship by Universal House of Justice is a classic work now available as a free public domain PDF download on Bookshelf. Part of Project Gutenberg's digital library of over 70 000 free ebooks.</p>,https://www.gutenberg.org/files/19291/19291-pdf.pdf,https://www.gutenberg.org/cache/epub/19291/pg19291.cover.medium.jpg,Free,#0f2a43,#f5f1e8,#f59e0b,p-rings
Frank Merriwell's Athletes; Or The Boys Who Won,A free public domain fiction book,Burt L. Standish,Fiction,free,0,207,A classic fiction work by Burt L. Standish now available as a free public domain PDF. Originally published in the 19th–early 20th century this 207-page edition has been carefully formatted for modern screen and print reading.,<p>Frank Merriwell's Athletes; Or The Boys Who Won by Burt L. Standish is a classic work now available as a free public domain PDF download on Bookshelf. Part of Project Gutenberg's digital library of over 70 000 free ebooks.</p>,https://www.gutenberg.org/ebooks/41996.pdf.images,https://www.gutenberg.org/cache/epub/41996/pg41996.cover.medium.jpg,Free,#1a1a2e,#f5f1e8,#f59e0b,p-rings
The Honey-Pot,A free public domain fiction book,Countess (Hélène) Barcynska,Fiction,free,0,272,A classic fiction work by Countess (Hélène) Barcynska now available as a free public domain PDF. Originally published in the 19th–early 20th century this 272-page edition has been carefully formatted for modern screen and print reading.,<p>The Honey-Pot by Countess (Hélène) Barcynska is a classic work now available as a free public domain PDF download on Bookshelf. Part of Project Gutenberg's digital library of over 70 000 free ebooks.</p>,https://www.gutenberg.org/ebooks/42531.pdf.images,https://www.gutenberg.org/cache/epub/42531/pg42531.cover.medium.jpg,Free,#1a1a2e,#f5f1e8,#f59e0b,p-rings
Little Foxes: Stories for Boys and Girls,A free public domain children's books book,E. A. Henry,Children's Books,free,0,213,A classic children's books work by E. A. Henry now available as a free public domain PDF. Originally published in the 19th–early 20th century this 213-page edition has been carefully formatted for modern screen and print reading.,<p>Little Foxes: Stories for Boys and Girls by E. A. Henry is a classic work now available as a free public domain PDF download on Bookshelf. Part of Project Gutenberg's digital library of over 70 000 free ebooks.</p>,https://www.gutenberg.org/ebooks/43387.pdf.images,https://www.gutenberg.org/cache/epub/43387/pg43387.cover.medium.jpg,Free,#0f2a43,#f5f1e8,#f59e0b,p-rings
A Dream of the North Sea,A free public domain fiction book,James Runciman,Fiction,free,0,249,A classic fiction work by James Runciman now available as a free public domain PDF. Originally published in the 19th–early 20th century this 249-page edition has been carefully formatted for modern screen and print reading.,<p>A Dream of the North Sea by James Runciman is a classic work now available as a free public domain PDF download on Bookshelf. Part of Project Gutenberg's digital library of over 70 000 free ebooks.</p>,https://www.gutenberg.org/ebooks/52126.pdf.images,https://www.gutenberg.org/cache/epub/52126/pg52126.cover.medium.jpg,Free,#1a1a2e,#f5f1e8,#f59e0b,p-rings
The Advent of Divine Justice,A free public domain bahai faith book,Effendi Shoghi,Bahai faith,free,0,124,A classic bahai faith work by Effendi Shoghi now available as a free public domain PDF. Originally published in the 19th–early 20th century this 124-page edition has been carefully formatted for modern screen and print reading.,<p>The Advent of Divine Justice by Effendi Shoghi is a classic work now available as a free public domain PDF download on Bookshelf. Part of Project Gutenberg's digital library of over 70 000 free ebooks.</p>,https://www.gutenberg.org/files/19243/19243-pdf.pdf,https://www.gutenberg.org/cache/epub/19243/pg19243.cover.medium.jpg,Free,#0f2a43,#f5f1e8,#f59e0b,p-rings
Dawn of the Morning,A free public domain fiction book,Grace Livingston Hill,Fiction,free,0,250,A classic fiction work by Grace Livingston Hill now available as a free public domain PDF. Originally published in the 19th–early 20th century this 250-page edition has been carefully formatted for modern screen and print reading.,<p>Dawn of the Morning by Grace Livingston Hill is a classic work now available as a free public domain PDF download on Bookshelf. Part of Project Gutenberg's digital library of over 70 000 free ebooks.</p>,https://www.gutenberg.org/ebooks/37698.pdf.images,https://www.gutenberg.org/cache/epub/37698/pg37698.cover.medium.jpg,Free,#1a1a2e,#f5f1e8,#f59e0b,p-rings
Citadel of Faith,A free public domain bahai faith book,Effendi Shoghi,Bahai faith,free,0,285,A classic bahai faith work by Effendi Shoghi now available as a free public domain PDF. Originally published in the 19th–early 20th century this 285-page edition has been carefully formatted for modern screen and print reading.,<p>Citadel of Faith by Effendi Shoghi is a classic work now available as a free public domain PDF download on Bookshelf. Part of Project Gutenberg's digital library of over 70 000 free ebooks.</p>,https://www.gutenberg.org/files/19254/19254-pdf.pdf,https://www.gutenberg.org/cache/epub/19254/pg19254.cover.medium.jpg,Free,#0f2a43,#f5f1e8,#f59e0b,p-rings
Pioneer Life among the Loyalists in Upper Canada,A free public domain frontier and pioneer life book,Walter Stevens Herrington,Frontier and pioneer life,free,0,203,A classic frontier and pioneer life work by Walter Stevens Herrington now available as a free public domain PDF. Originally published in the 19th–early 20th century this 203-page edition has been carefully formatted for modern screen and print reading.,<p>Pioneer Life among the Loyalists in Upper Canada by Walter Stevens Herrington is a classic work now available as a free public domain PDF download on Bookshelf. Part of Project Gutenberg's digital library of over 70 000 free ebooks.</p>,https://www.gutenberg.org/ebooks/45662.pdf.images,https://www.gutenberg.org/cache/epub/45662/pg45662.cover.medium.jpg,Free,#0f2a43,#f5f1e8,#f59e0b,p-rings
The First Canadians in France: The Chronicle of a Military Hospital in the War Zone,A free public domain world war 1914-1918 book,F. McKelvey (Frederick McKelvey) Bell,"World war, 1914-1918",free,0,98,A classic world war 1914-1918 work by F. McKelvey (Frederick McKelvey) Bell now available as a free public domain PDF. Originally published in the 19th–early 20th century this 98-page edition has been carefully formatted for modern screen and print reading.,<p>The First Canadians in France: The Chronicle of a Military Hospital in the War Zone by F. McKelvey (Frederick McKelvey) Bell is a classic work now available as a free public domain PDF download on Bookshelf. Part of Project Gutenberg's digital library of over 70 000 free ebooks.</p>,https://www.gutenberg.org/ebooks/46300.pdf.images,https://www.gutenberg.org/cache/epub/46300/pg46300.cover.medium.jpg,Free,#0f2a43,#f5f1e8,#f59e0b,p-rings
The Black Box: A Tale of Monmouth's Rebellion,A free public domain fiction book,W. Bourne Cooke,Fiction,free,0,236,A classic fiction work by W. Bourne Cooke now available as a free public domain PDF. Originally published in the 19th–early 20th century this 236-page edition has been carefully formatted for modern screen and print reading.,<p>The Black Box: A Tale of Monmouth's Rebellion by W. Bourne Cooke is a classic work now available as a free public domain PDF download on Bookshelf. Part of Project Gutenberg's digital library of over 70 000 free ebooks.</p>,https://www.gutenberg.org/ebooks/53641.pdf.images,https://www.gutenberg.org/cache/epub/53641/pg53641.cover.medium.jpg,Free,#1a1a2e,#f5f1e8,#f59e0b,p-rings
‘Abdu'l-Bahá's Tablet to Dr. Forel,A free public domain bahai faith book,ʻAbdu'l-Bahá,Bahai faith,free,0,165,A classic bahai faith work by ʻAbdu'l-Bahá now available as a free public domain PDF. Originally published in the 19th–early 20th century this 165-page edition has been carefully formatted for modern screen and print reading.,<p>‘Abdu'l-Bahá's Tablet to Dr. Forel by ʻAbdu'l-Bahá is a classic work now available as a free public domain PDF download on Bookshelf. Part of Project Gutenberg's digital library of over 70 000 free ebooks.</p>,https://www.gutenberg.org/files/19292/19292-pdf.pdf,https://www.gutenberg.org/cache/epub/19292/pg19292.cover.medium.jpg,Free,#0f2a43,#f5f1e8,#f59e0b,p-rings
History of the United States Volume 3,A free public domain history book,Elisha Benjamin Andrews,History,free,0,235,A classic history work by Elisha Benjamin Andrews now available as a free public domain PDF. Originally published in the 19th–early 20th century this 235-page edition has been carefully formatted for modern screen and print reading.,<p>History of the United States Volume 3 by Elisha Benjamin Andrews is a classic work now available as a free public domain PDF download on Bookshelf. Part of Project Gutenberg's digital library of over 70 000 free ebooks.</p>,https://www.gutenberg.org/files/23748/23748-pdf.pdf,https://www.gutenberg.org/cache/epub/23748/pg23748.cover.medium.jpg,Free,#4a3728,#f5f1e8,#f59e0b,p-rings
A Rose of Yesterday,A free public domain fiction book,F. Marion (Francis Marion) Crawford,Fiction,free,0,213,A classic fiction work by F. Marion (Francis Marion) Crawford now available as a free public domain PDF. Originally published in the 19th–early 20th century this 213-page edition has been carefully formatted for modern screen and print reading.,<p>A Rose of Yesterday by F. Marion (Francis Marion) Crawford is a classic work now available as a free public domain PDF download on Bookshelf. Part of Project Gutenberg's digital library of over 70 000 free ebooks.</p>,https://www.gutenberg.org/ebooks/41009.pdf.images,https://www.gutenberg.org/cache/epub/41009/pg41009.cover.medium.jpg,Free,#1a1a2e,#f5f1e8,#f59e0b,p-rings
A Traveler's Narrative Written to Illustrate the Episode of the Báb,A free public domain babism book,ʻAbdu'l-Bahá,Babism,free,0,268,A classic babism work by ʻAbdu'l-Bahá now available as a free public domain PDF. Originally published in the 19th–early 20th century this 268-page edition has been carefully formatted for modern screen and print reading.,<p>A Traveler's Narrative Written to Illustrate the Episode of the Báb by ʻAbdu'l-Bahá is a classic work now available as a free public domain PDF download on Bookshelf. Part of Project Gutenberg's digital library of over 70 000 free ebooks.</p>,https://www.gutenberg.org/files/19300/19300-pdf.pdf,https://www.gutenberg.org/cache/epub/19300/pg19300.cover.medium.jpg,Free,#0f2a43,#f5f1e8,#f59e0b,p-rings
The Girl Who Had Nothing,A free public domain fiction book,A. M. (Alice Muriel) Williamson,Fiction,free,0,115,A classic fiction work by A. M. (Alice Muriel) Williamson now available as a free public domain PDF. Originally published in the 19th–early 20th century this 115-page edition has been carefully formatted for modern screen and print reading.,<p>The Girl Who Had Nothing by A. M. (Alice Muriel) Williamson is a classic work now available as a free public domain PDF download on Bookshelf. Part of Project Gutenberg's digital library of over 70 000 free ebooks.</p>,https://www.gutenberg.org/ebooks/39730.pdf.images,https://www.gutenberg.org/cache/epub/39730/pg39730.cover.medium.jpg,Free,#1a1a2e,#f5f1e8,#f59e0b,p-rings
Messages to America: Selected Letters and Cablegrams Addressed to the Bahá'í's of North America 1932–1946,A free public domain bahai faith book,Effendi Shoghi,Bahai faith,free,0,202,A classic bahai faith work by Effendi Shoghi now available as a free public domain PDF. Originally published in the 19th–early 20th century this 202-page edition has been carefully formatted for modern screen and print reading.,<p>Messages to America: Selected Letters and Cablegrams Addressed to the Bahá'í's of North America 1932–1946 by Effendi Shoghi is a classic work now available as a free public domain PDF download on Bookshelf. Part of Project Gutenberg's digital library of over 70 000 free ebooks.</p>,https://www.gutenberg.org/files/19277/19277-pdf.pdf,https://www.gutenberg.org/cache/epub/19277/pg19277.cover.medium.jpg,Free,#0f2a43,#f5f1e8,#f59e0b,p-rings
The Secret Toll,A free public domain fiction book,Paul Thorne,Fiction,free,0,305,A classic fiction work by Paul Thorne now available as a free public domain PDF. Originally published in the 19th–early 20th century this 305-page edition has been carefully formatted for modern screen and print reading.,<p>The Secret Toll by Paul Thorne is a classic work now available as a free public domain PDF download on Bookshelf. Part of Project Gutenberg's digital library of over 70 000 free ebooks.</p>,https://www.gutenberg.org/ebooks/37378.pdf.images,https://www.gutenberg.org/cache/epub/37378/pg37378.cover.medium.jpg,Free,#1a1a2e,#f5f1e8,#f59e0b,p-rings
A Tale of Red Pekin,A free public domain fiction book,Constancia Serjeant,Fiction,free,0,213,A classic fiction work by Constancia Serjeant now available as a free public domain PDF. Originally published in the 19th–early 20th century this 213-page edition has been carefully formatted for modern screen and print reading.,<p>A Tale of Red Pekin by Constancia Serjeant is a classic work now available as a free public domain PDF download on Bookshelf. Part of Project Gutenberg's digital library of over 70 000 free ebooks.</p>,https://www.gutenberg.org/ebooks/41951.pdf.images,https://www.gutenberg.org/cache/epub/41951/pg41951.cover.medium.jpg,Free,#1a1a2e,#f5f1e8,#f59e0b,p-rings
The Mathematical-Historical Principles and the Evolution of Liberty,A free public domain history book,Víctor José Fernández Bolívar,History,free,0,147,A classic history work by Víctor José Fernández Bolívar now available as a free public domain PDF. Originally published in the 19th–early 20th century this 147-page edition has been carefully formatted for modern screen and print reading.,<p>The Mathematical-Historical Principles and the Evolution of Liberty by Víctor José Fernández Bolívar is a classic work now available as a free public domain PDF download on Bookshelf. Part of Project Gutenberg's digital library of over 70 000 free ebooks.</p>,https://www.gutenberg.org/files/30174/30174-pdf.pdf,https://www.gutenberg.org/cache/epub/30174/pg30174.cover.medium.jpg,Free,#4a3728,#f5f1e8,#f59e0b,p-rings
The Promised Day Is Come,A free public domain bahai faith book,Effendi Shoghi,Bahai faith,free,0,112,A classic bahai faith work by Effendi Shoghi now available as a free public domain PDF. Originally published in the 19th–early 20th century this 112-page edition has been carefully formatted for modern screen and print reading.,<p>The Promised Day Is Come by Effendi Shoghi is a classic work now available as a free public domain PDF download on Bookshelf. Part of Project Gutenberg's digital library of over 70 000 free ebooks.</p>,https://www.gutenberg.org/files/19282/19282-pdf.pdf,https://www.gutenberg.org/cache/epub/19282/pg19282.cover.medium.jpg,Free,#0f2a43,#f5f1e8,#f59e0b,p-rings
Comrades on River and Lake,A free public domain fiction book,Ralph Victor,Fiction,free,0,129,A classic fiction work by Ralph Victor now available as a free public domain PDF. Originally published in the 19th–early 20th century this 129-page edition has been carefully formatted for modern screen and print reading.,<p>Comrades on River and Lake by Ralph Victor is a classic work now available as a free public domain PDF download on Bookshelf. Part of Project Gutenberg's digital library of over 70 000 free ebooks.</p>,https://www.gutenberg.org/ebooks/40585.pdf.images,https://www.gutenberg.org/cache/epub/40585/pg40585.cover.medium.jpg,Free,#1a1a2e,#f5f1e8,#f59e0b,p-rings
In the Ypres Salient : $b the story of a fortnight's Canadian fighting June 2-16 1916,A free public domain world war 1914-1918 book,Beckles Willson,"World war, 1914-1918",free,0,233,A classic world war 1914-1918 work by Beckles Willson now available as a free public domain PDF. Originally published in the 19th–early 20th century this 233-page edition has been carefully formatted for modern screen and print reading.,<p>In the Ypres Salient : $b the story of a fortnight's Canadian fighting June 2-16 1916 by Beckles Willson is a classic work now available as a free public domain PDF download on Bookshelf. Part of Project Gutenberg's digital library of over 70 000 free ebooks.</p>,https://www.gutenberg.org/ebooks/46256.pdf.images,https://www.gutenberg.org/cache/epub/46256/pg46256.cover.medium.jpg,Free,#0f2a43,#f5f1e8,#f59e0b,p-rings
The Proclamation of Bahá'u'lláh,A free public domain bahai faith book,Bahá'u'lláh,Bahai faith,free,0,129,A classic bahai faith work by Bahá'u'lláh now available as a free public domain PDF. Originally published in the 19th–early 20th century this 129-page edition has been carefully formatted for modern screen and print reading.,<p>The Proclamation of Bahá'u'lláh by Bahá'u'lláh is a classic work now available as a free public domain PDF download on Bookshelf. Part of Project Gutenberg's digital library of over 70 000 free ebooks.</p>,https://www.gutenberg.org/files/16985/16985-pdf.pdf,https://www.gutenberg.org/cache/epub/16985/pg16985.cover.medium.jpg,Free,#0f2a43,#f5f1e8,#f59e0b,p-rings
London Town,A free public domain poetry book,Felix Leigh,Poetry,free,0,213,A classic poetry work by Felix Leigh now available as a free public domain PDF. Originally published in the 19th–early 20th century this 213-page edition has been carefully formatted for modern screen and print reading.,<p>London Town by Felix Leigh is a classic work now available as a free public domain PDF download on Bookshelf. Part of Project Gutenberg's digital library of over 70 000 free ebooks.</p>,https://www.gutenberg.org/files/21650/21650-pdf.pdf,https://www.gutenberg.org/cache/epub/21650/pg21650.cover.medium.jpg,Free,#4a2b3d,#f5f1e8,#f59e0b,p-rings
Dick Merriwell's Pranks; Or Lively Times in the Orient,A free public domain fiction book,Burt L. Standish,Fiction,free,0,228,A classic fiction work by Burt L. Standish now available as a free public domain PDF. Originally published in the 19th–early 20th century this 228-page edition has been carefully formatted for modern screen and print reading.,<p>Dick Merriwell's Pranks; Or Lively Times in the Orient by Burt L. Standish is a classic work now available as a free public domain PDF download on Bookshelf. Part of Project Gutenberg's digital library of over 70 000 free ebooks.</p>,https://www.gutenberg.org/ebooks/41879.pdf.images,https://www.gutenberg.org/cache/epub/41879/pg41879.cover.medium.jpg,Free,#1a1a2e,#f5f1e8,#f59e0b,p-rings
Cosmos,A free public domain poetry book,Ernest McGaffey,Poetry,free,0,107,A classic poetry work by Ernest McGaffey now available as a free public domain PDF. Originally published in the 19th–early 20th century this 107-page edition has been carefully formatted for modern screen and print reading.,<p>Cosmos by Ernest McGaffey is a classic work now available as a free public domain PDF download on Bookshelf. Part of Project Gutenberg's digital library of over 70 000 free ebooks.</p>,https://www.gutenberg.org/ebooks/49631.pdf.images,https://www.gutenberg.org/cache/epub/49631/pg49631.cover.medium.jpg,Free,#4a2b3d,#f5f1e8,#f59e0b,p-rings
No. 13 Toroni : $b A mystery,A free public domain fiction book,Julius Regis,Fiction,free,0,230,A classic fiction work by Julius Regis now available as a free public domain PDF. Originally published in the 19th–early 20th century this 230-page edition has been carefully formatted for modern screen and print reading.,<p>No. 13 Toroni : $b A mystery by Julius Regis is a classic work now available as a free public domain PDF download on Bookshelf. Part of Project Gutenberg's digital library of over 70 000 free ebooks.</p>,https://www.gutenberg.org/ebooks/52498.pdf.images,https://www.gutenberg.org/cache/epub/52498/pg52498.cover.medium.jpg,Free,#1a1a2e,#f5f1e8,#f59e0b,p-rings
The Touch of Abner,A free public domain fiction book,H. A. (Hiram Alfred) Cody,Fiction,free,0,132,A classic fiction work by H. A. (Hiram Alfred) Cody now available as a free public domain PDF. Originally published in the 19th–early 20th century this 132-page edition has been carefully formatted for modern screen and print reading.,<p>The Touch of Abner by H. A. (Hiram Alfred) Cody is a classic work now available as a free public domain PDF download on Bookshelf. Part of Project Gutenberg's digital library of over 70 000 free ebooks.</p>,https://www.gutenberg.org/ebooks/53604.pdf.images,https://www.gutenberg.org/cache/epub/53604/pg53604.cover.medium.jpg,Free,#1a1a2e,#f5f1e8,#f59e0b,p-rings
The Romance of War; or The Highlanders in Spain Volume 2 (of 3),A free public domain fiction book,James Grant,Fiction,free,0,261,A classic fiction work by James Grant now available as a free public domain PDF. Originally published in the 19th–early 20th century this 261-page edition has been carefully formatted for modern screen and print reading.,<p>The Romance of War; or The Highlanders in Spain Volume 2 (of 3) by James Grant is a classic work now available as a free public domain PDF download on Bookshelf. Part of Project Gutenberg's digital library of over 70 000 free ebooks.</p>,https://www.gutenberg.org/ebooks/54919.pdf.images,https://www.gutenberg.org/cache/epub/54919/pg54919.cover.medium.jpg,Free,#1a1a2e,#f5f1e8,#f59e0b,p-rings
A Narrative of the Expedition to Dongola and Sennaar: Under the Command of His Excellence Ismael Pasha undertaken; by Or,A free public domain history book,George Bethune English,History,free,0,318,A classic history work by George Bethune English now available as a free public domain PDF. Originally published in the 19th–early 20th century this 318-page edition has been carefully formatted for modern screen and print reading.,<p>A Narrative of the Expedition to Dongola and Sennaar: Under the Command of His Excellence Ismael Pasha undertaken; by Order of His Highness Mehemmed Ali Pasha Viceroy of; Egypt By An American In The Service Of The Viceroy by George Bethune English is a classic work now available as a free public domain PDF download on Bookshelf. Part of Project Gutenberg's digital library of over 70 000 free ebooks.</p>,https://www.gutenberg.org/files/17592/17592-pdf.pdf,https://www.gutenberg.org/cache/epub/17592/pg17592.cover.medium.jpg,Free,#4a3728,#f5f1e8,#f59e0b,p-rings
The Prosperity of Humankind,A free public domain bahai faith book,Bahá'í International Community,Bahai faith,free,0,100,A classic bahai faith work by Bahá'í International Community now available as a free public domain PDF. Originally published in the 19th–early 20th century this 100-page edition has been carefully formatted for modern screen and print reading.,<p>The Prosperity of Humankind by Bahá'í International Community is a classic work now available as a free public domain PDF download on Bookshelf. Part of Project Gutenberg's digital library of over 70 000 free ebooks.</p>,https://www.gutenberg.org/files/19283/19283-pdf.pdf,https://www.gutenberg.org/cache/epub/19283/pg19283.cover.medium.jpg,Free,#0f2a43,#f5f1e8,#f59e0b,p-rings
The Land of Frozen Suns: A Novel,A free public domain fiction book,Bertrand W. Sinclair,Fiction,free,0,294,A classic fiction work by Bertrand W. Sinclair now available as a free public domain PDF. Originally published in the 19th–early 20th century this 294-page edition has been carefully formatted for modern screen and print reading.,<p>The Land of Frozen Suns: A Novel by Bertrand W. Sinclair is a classic work now available as a free public domain PDF download on Bookshelf. Part of Project Gutenberg's digital library of over 70 000 free ebooks.</p>,https://www.gutenberg.org/ebooks/35031.pdf.images,https://www.gutenberg.org/cache/epub/35031/pg35031.cover.medium.jpg,Free,#1a1a2e,#f5f1e8,#f59e0b,p-rings
Wagner : The Story of the Boy Who Wrote Little Plays,A free public domain biography book,Thomas Tapper,Biography,free,0,193,A classic biography work by Thomas Tapper now available as a free public domain PDF. Originally published in the 19th–early 20th century this 193-page edition has been carefully formatted for modern screen and print reading.,<p>Wagner : The Story of the Boy Who Wrote Little Plays by Thomas Tapper is a classic work now available as a free public domain PDF download on Bookshelf. Part of Project Gutenberg's digital library of over 70 000 free ebooks.</p>,https://www.gutenberg.org/files/35128/35128-pdf.pdf,https://www.gutenberg.org/cache/epub/35128/pg35128.cover.medium.jpg,Free,#2d4a22,#f5f1e8,#f59e0b,p-rings
A Soldier's Son,A free public domain fiction book,Maude Mary Butler,Fiction,free,0,92,A classic fiction work by Maude Mary Butler now available as a free public domain PDF. Originally published in the 19th–early 20th century this 92-page edition has been carefully formatted for modern screen and print reading.,<p>A Soldier's Son by Maude Mary Butler is a classic work now available as a free public domain PDF download on Bookshelf. Part of Project Gutenberg's digital library of over 70 000 free ebooks.</p>,https://www.gutenberg.org/ebooks/39538.pdf.images,https://www.gutenberg.org/cache/epub/39538/pg39538.cover.medium.jpg,Free,#1a1a2e,#f5f1e8,#f59e0b,p-rings
Adrift in the Unknown; or Queer Adventures in a Queer Realm,A free public domain fiction book,William Wallace Cook,Fiction,free,0,290,A classic fiction work by William Wallace Cook now available as a free public domain PDF. Originally published in the 19th–early 20th century this 290-page edition has been carefully formatted for modern screen and print reading.,<p>Adrift in the Unknown; or Queer Adventures in a Queer Realm by William Wallace Cook is a classic work now available as a free public domain PDF download on Bookshelf. Part of Project Gutenberg's digital library of over 70 000 free ebooks.</p>,https://www.gutenberg.org/ebooks/44404.pdf.images,https://www.gutenberg.org/cache/epub/44404/pg44404.cover.medium.jpg,Free,#1a1a2e,#f5f1e8,#f59e0b,p-rings
Dreadnoughts of the Dogger: A Story of the War on the North Sea,A free public domain fiction book,Robert Leighton,Fiction,free,0,177,A classic fiction work by Robert Leighton now available as a free public domain PDF. Originally published in the 19th–early 20th century this 177-page edition has been carefully formatted for modern screen and print reading.,<p>Dreadnoughts of the Dogger: A Story of the War on the North Sea by Robert Leighton is a classic work now available as a free public domain PDF download on Bookshelf. Part of Project Gutenberg's digital library of over 70 000 free ebooks.</p>,https://www.gutenberg.org/ebooks/50914.pdf.images,https://www.gutenberg.org/cache/epub/50914/pg50914.cover.medium.jpg,Free,#1a1a2e,#f5f1e8,#f59e0b,p-rings
The Valley of Gold: A Tale of the Saskatchewan,A free public domain fiction book,David Howarth,Fiction,free,0,211,A classic fiction work by David Howarth now available as a free public domain PDF. Originally published in the 19th–early 20th century this 211-page edition has been carefully formatted for modern screen and print reading.,<p>The Valley of Gold: A Tale of the Saskatchewan by David Howarth is a classic work now available as a free public domain PDF download on Bookshelf. Part of Project Gutenberg's digital library of over 70 000 free ebooks.</p>,https://www.gutenberg.org/ebooks/55645.pdf.images,https://www.gutenberg.org/cache/epub/55645/pg55645.cover.medium.jpg,Free,#1a1a2e,#f5f1e8,#f59e0b,p-rings
John Herring: A West of England Romance. Volume 1 (of 3),A free public domain fiction book,S. (Sabine) Baring-Gould,Fiction,free,0,90,A classic fiction work by S. (Sabine) Baring-Gould now available as a free public domain PDF. Originally published in the 19th–early 20th century this 90-page edition has been carefully formatted for modern screen and print reading.,<p>John Herring: A West of England Romance. Volume 1 (of 3) by S. (Sabine) Baring-Gould is a classic work now available as a free public domain PDF download on Bookshelf. Part of Project Gutenberg's digital library of over 70 000 free ebooks.</p>,https://www.gutenberg.org/ebooks/54463.pdf.images,https://www.gutenberg.org/cache/epub/54463/pg54463.cover.medium.jpg,Free,#1a1a2e,#f5f1e8,#f59e0b,p-rings
Bothwell; or The Days of Mary Queen of Scots Volume 2 (of 3),A free public domain fiction book,James Grant,Fiction,free,0,114,A classic fiction work by James Grant now available as a free public domain PDF. Originally published in the 19th–early 20th century this 114-page edition has been carefully formatted for modern screen and print reading.,<p>Bothwell; or The Days of Mary Queen of Scots Volume 2 (of 3) by James Grant is a classic work now available as a free public domain PDF download on Bookshelf. Part of Project Gutenberg's digital library of over 70 000 free ebooks.</p>,https://www.gutenberg.org/ebooks/55528.pdf.images,https://www.gutenberg.org/cache/epub/55528/pg55528.cover.medium.jpg,Free,#1a1a2e,#f5f1e8,#f59e0b,p-rings
The Heart of Cherry McBain: A Novel,A free public domain fiction book,Douglas Durkin,Fiction,free,0,222,A classic fiction work by Douglas Durkin now available as a free public domain PDF. Originally published in the 19th–early 20th century this 222-page edition has been carefully formatted for modern screen and print reading.,<p>The Heart of Cherry McBain: A Novel by Douglas Durkin is a classic work now available as a free public domain PDF download on Bookshelf. Part of Project Gutenberg's digital library of over 70 000 free ebooks.</p>,https://www.gutenberg.org/ebooks/52437.pdf.images,https://www.gutenberg.org/cache/epub/52437/pg52437.cover.medium.jpg,Free,#1a1a2e,#f5f1e8,#f59e0b,p-rings
A Vindication of the Seventh-Day Sabbath and the Commandments of God: With a Further History of God's Peculiar People fr,A free public domain sabbath book,Joseph Bates,Sabbath,free,0,139,A classic sabbath work by Joseph Bates now available as a free public domain PDF. Originally published in the 19th–early 20th century this 139-page edition has been carefully formatted for modern screen and print reading.,<p>A Vindication of the Seventh-Day Sabbath and the Commandments of God: With a Further History of God's Peculiar People from 1847-1848 by Joseph Bates is a classic work now available as a free public domain PDF download on Bookshelf. Part of Project Gutenberg's digital library of over 70 000 free ebooks.</p>,https://www.gutenberg.org/files/30531/30531-pdf.pdf,https://www.gutenberg.org/cache/epub/30531/pg30531.cover.medium.jpg,Free,#0f2a43,#f5f1e8,#f59e0b,p-rings
Liquid Drops and Globules Their Formation and Movements: Three lectures delivered to popular audiences,A free public domain drops book,Charles R. (Charles Robert) Darling,Drops,free,0,120,A classic drops work by Charles R. (Charles Robert) Darling now available as a free public domain PDF. Originally published in the 19th–early 20th century this 120-page edition has been carefully formatted for modern screen and print reading.,<p>Liquid Drops and Globules Their Formation and Movements: Three lectures delivered to popular audiences by Charles R. (Charles Robert) Darling is a classic work now available as a free public domain PDF download on Bookshelf. Part of Project Gutenberg's digital library of over 70 000 free ebooks.</p>,https://www.gutenberg.org/ebooks/37939.pdf.images,https://www.gutenberg.org/cache/epub/37939/pg37939.cover.medium.jpg,Free,#0f2a43,#f5f1e8,#f59e0b,p-rings
Ralph in the Switch Tower; Or Clearing the Track,A free public domain fiction book,Allen Chapman,Fiction,free,0,315,A classic fiction work by Allen Chapman now available as a free public domain PDF. Originally published in the 19th–early 20th century this 315-page edition has been carefully formatted for modern screen and print reading.,<p>Ralph in the Switch Tower; Or Clearing the Track by Allen Chapman is a classic work now available as a free public domain PDF download on Bookshelf. Part of Project Gutenberg's digital library of over 70 000 free ebooks.</p>,https://www.gutenberg.org/ebooks/39051.pdf.images,https://www.gutenberg.org/cache/epub/39051/pg39051.cover.medium.jpg,Free,#1a1a2e,#f5f1e8,#f59e0b,p-rings
Franz Liszt : The Story of a Boy Who Became a Great Pianist and Teacher,A free public domain biography book,Thomas Tapper,Biography,free,0,329,A classic biography work by Thomas Tapper now available as a free public domain PDF. Originally published in the 19th–early 20th century this 329-page edition has been carefully formatted for modern screen and print reading.,<p>Franz Liszt : The Story of a Boy Who Became a Great Pianist and Teacher by Thomas Tapper is a classic work now available as a free public domain PDF download on Bookshelf. Part of Project Gutenberg's digital library of over 70 000 free ebooks.</p>,https://www.gutenberg.org/files/35601/35601-pdf.pdf,https://www.gutenberg.org/cache/epub/35601/pg35601.cover.medium.jpg,Free,#2d4a22,#f5f1e8,#f59e0b,p-rings
Ever Heard This? Over Three Hundred Good Stories,A free public domain english wit and humor book,F. W. Chambers,English wit and humor,free,0,164,A classic english wit and humor work by F. W. Chambers now available as a free public domain PDF. Originally published in the 19th–early 20th century this 164-page edition has been carefully formatted for modern screen and print reading.,<p>Ever Heard This? Over Three Hundred Good Stories by F. W. Chambers is a classic work now available as a free public domain PDF download on Bookshelf. Part of Project Gutenberg's digital library of over 70 000 free ebooks.</p>,https://www.gutenberg.org/ebooks/39202.pdf.images,https://www.gutenberg.org/cache/epub/39202/pg39202.cover.medium.jpg,Free,#0f2a43,#f5f1e8,#f59e0b,p-rings
The Hidden Words of Bahá'u'lláh,A free public domain bahai faith book,Bahá'u'lláh,Bahai faith,free,0,309,A classic bahai faith work by Bahá'u'lláh now available as a free public domain PDF. Originally published in the 19th–early 20th century this 309-page edition has been carefully formatted for modern screen and print reading.,<p>The Hidden Words of Bahá'u'lláh by Bahá'u'lláh is a classic work now available as a free public domain PDF download on Bookshelf. Part of Project Gutenberg's digital library of over 70 000 free ebooks.</p>,https://www.gutenberg.org/files/16941/16941-pdf.pdf,https://www.gutenberg.org/cache/epub/16941/pg16941.cover.medium.jpg,Free,#0f2a43,#f5f1e8,#f59e0b,p-rings
White Wings: A Yachting Romance Volume III,A free public domain fiction book,William Black,Fiction,free,0,169,A classic fiction work by William Black now available as a free public domain PDF. Originally published in the 19th–early 20th century this 169-page edition has been carefully formatted for modern screen and print reading.,<p>White Wings: A Yachting Romance Volume III by William Black is a classic work now available as a free public domain PDF download on Bookshelf. Part of Project Gutenberg's digital library of over 70 000 free ebooks.</p>,https://www.gutenberg.org/ebooks/43830.pdf.images,https://www.gutenberg.org/cache/epub/43830/pg43830.cover.medium.jpg,Free,#1a1a2e,#f5f1e8,#f59e0b,p-rings
The Hero,A free public domain fiction book,Elaine Wilber,Fiction,free,0,246,A classic fiction work by Elaine Wilber now available as a free public domain PDF. Originally published in the 19th–early 20th century this 246-page edition has been carefully formatted for modern screen and print reading.,<p>The Hero by Elaine Wilber is a classic work now available as a free public domain PDF download on Bookshelf. Part of Project Gutenberg's digital library of over 70 000 free ebooks.</p>,https://www.gutenberg.org/ebooks/35770.pdf.images,https://www.gutenberg.org/cache/epub/35770/pg35770.cover.medium.jpg,Free,#1a1a2e,#f5f1e8,#f59e0b,p-rings
Cheap Postage,A free public domain postal rates book,Joshua Leavitt,Postal rates,free,0,312,A classic postal rates work by Joshua Leavitt now available as a free public domain PDF. Originally published in the 19th–early 20th century this 312-page edition has been carefully formatted for modern screen and print reading.,<p>Cheap Postage by Joshua Leavitt is a classic work now available as a free public domain PDF download on Bookshelf. Part of Project Gutenberg's digital library of over 70 000 free ebooks.</p>,https://www.gutenberg.org/files/27196/27196-pdf.pdf,https://www.gutenberg.org/cache/epub/27196/pg27196.cover.medium.jpg,Free,#0f2a43,#f5f1e8,#f59e0b,p-rings
Hamewith,A free public domain poetry book,Charles Murray,Poetry,free,0,312,A classic poetry work by Charles Murray now available as a free public domain PDF. Originally published in the 19th–early 20th century this 312-page edition has been carefully formatted for modern screen and print reading.,<p>Hamewith by Charles Murray is a classic work now available as a free public domain PDF download on Bookshelf. Part of Project Gutenberg's digital library of over 70 000 free ebooks.</p>,https://www.gutenberg.org/ebooks/51412.pdf.images,https://www.gutenberg.org/cache/epub/51412/pg51412.cover.medium.jpg,Free,#4a2b3d,#f5f1e8,#f59e0b,p-rings
The Will And Testament of ‘Abdu'l-Bahá,A free public domain bahai faith book,ʻAbdu'l-Bahá,Bahai faith,free,0,314,A classic bahai faith work by ʻAbdu'l-Bahá now available as a free public domain PDF. Originally published in the 19th–early 20th century this 314-page edition has been carefully formatted for modern screen and print reading.,<p>The Will And Testament of ‘Abdu'l-Bahá by ʻAbdu'l-Bahá is a classic work now available as a free public domain PDF download on Bookshelf. Part of Project Gutenberg's digital library of over 70 000 free ebooks.</p>,https://www.gutenberg.org/files/19299/19299-pdf.pdf,https://www.gutenberg.org/cache/epub/19299/pg19299.cover.medium.jpg,Free,#0f2a43,#f5f1e8,#f59e0b,p-rings
Washo Religion,A free public domain religion book,James F. Downs,Religion,free,0,152,A classic religion work by James F. Downs now available as a free public domain PDF. Originally published in the 19th–early 20th century this 152-page edition has been carefully formatted for modern screen and print reading.,<p>Washo Religion by James F. Downs is a classic work now available as a free public domain PDF download on Bookshelf. Part of Project Gutenberg's digital library of over 70 000 free ebooks.</p>,https://www.gutenberg.org/files/31429/31429-pdf.pdf,https://www.gutenberg.org/cache/epub/31429/pg31429.cover.medium.jpg,Free,#4a4a2b,#f5f1e8,#f59e0b,p-rings
The Romance of War; or The Highlanders in France and Belgium A Sequel to the Highlanders in Spain,A free public domain fiction book,James Grant,Fiction,free,0,88,A classic fiction work by James Grant now available as a free public domain PDF. Originally published in the 19th–early 20th century this 88-page edition has been carefully formatted for modern screen and print reading.,<p>The Romance of War; or The Highlanders in France and Belgium A Sequel to the Highlanders in Spain by James Grant is a classic work now available as a free public domain PDF download on Bookshelf. Part of Project Gutenberg's digital library of over 70 000 free ebooks.</p>,https://www.gutenberg.org/ebooks/54921.pdf.images,https://www.gutenberg.org/cache/epub/54921/pg54921.cover.medium.jpg,Free,#1a1a2e,#f5f1e8,#f59e0b,p-rings
Lures of Life,A free public domain essays book,Joseph Lucas,Essays,free,0,292,A classic essays work by Joseph Lucas now available as a free public domain PDF. Originally published in the 19th–early 20th century this 292-page edition has been carefully formatted for modern screen and print reading.,<p>Lures of Life by Joseph Lucas is a classic work now available as a free public domain PDF download on Bookshelf. Part of Project Gutenberg's digital library of over 70 000 free ebooks.</p>,https://www.gutenberg.org/ebooks/43303.pdf.images,https://www.gutenberg.org/cache/epub/43303/pg43303.cover.medium.jpg,Free,#0f2a43,#f5f1e8,#f59e0b,p-rings
Directives from the Guardian,A free public domain bahai faith book,Effendi Shoghi,Bahai faith,free,0,305,A classic bahai faith work by Effendi Shoghi now available as a free public domain PDF. Originally published in the 19th–early 20th century this 305-page edition has been carefully formatted for modern screen and print reading.,<p>Directives from the Guardian by Effendi Shoghi is a classic work now available as a free public domain PDF download on Bookshelf. Part of Project Gutenberg's digital library of over 70 000 free ebooks.</p>,https://www.gutenberg.org/files/19270/19270-pdf.pdf,https://www.gutenberg.org/cache/epub/19270/pg19270.cover.medium.jpg,Free,#0f2a43,#f5f1e8,#f59e0b,p-rings
The Gaunt Gray Wolf: A Tale of Adventure With Ungava Bob,A free public domain fiction book,Dillon Wallace,Fiction,free,0,97,A classic fiction work by Dillon Wallace now available as a free public domain PDF. Originally published in the 19th–early 20th century this 97-page edition has been carefully formatted for modern screen and print reading.,<p>The Gaunt Gray Wolf: A Tale of Adventure With Ungava Bob by Dillon Wallace is a classic work now available as a free public domain PDF download on Bookshelf. Part of Project Gutenberg's digital library of over 70 000 free ebooks.</p>,https://www.gutenberg.org/files/29374/29374-pdf.pdf,https://www.gutenberg.org/cache/epub/29374/pg29374.cover.medium.jpg,Free,#1a1a2e,#f5f1e8,#f59e0b,p-rings
Quinneys',A free public domain fiction book,Horace Annesley Vachell,Fiction,free,0,258,A classic fiction work by Horace Annesley Vachell now available as a free public domain PDF. Originally published in the 19th–early 20th century this 258-page edition has been carefully formatted for modern screen and print reading.,<p>Quinneys' by Horace Annesley Vachell is a classic work now available as a free public domain PDF download on Bookshelf. Part of Project Gutenberg's digital library of over 70 000 free ebooks.</p>,https://www.gutenberg.org/ebooks/50596.pdf.images,https://www.gutenberg.org/cache/epub/50596/pg50596.cover.medium.jpg,Free,#1a1a2e,#f5f1e8,#f59e0b,p-rings
Aspects of Modern Oxford by a Mere Don,A free public domain university of oxford book,A. D. (Alfred Denis) Godley,University of oxford,free,0,306,A classic university of oxford work by A. D. (Alfred Denis) Godley now available as a free public domain PDF. Originally published in the 19th–early 20th century this 306-page edition has been carefully formatted for modern screen and print reading.,<p>Aspects of Modern Oxford by a Mere Don by A. D. (Alfred Denis) Godley is a classic work now available as a free public domain PDF download on Bookshelf. Part of Project Gutenberg's digital library of over 70 000 free ebooks.</p>,https://www.gutenberg.org/ebooks/39525.pdf.images,https://www.gutenberg.org/cache/epub/39525/pg39525.cover.medium.jpg,Free,#0f2a43,#f5f1e8,#f59e0b,p-rings
Judge Elbridge,A free public domain fiction book,Opie Percival Read,Fiction,free,0,176,A classic fiction work by Opie Percival Read now available as a free public domain PDF. Originally published in the 19th–early 20th century this 176-page edition has been carefully formatted for modern screen and print reading.,<p>Judge Elbridge by Opie Percival Read is a classic work now available as a free public domain PDF download on Bookshelf. Part of Project Gutenberg's digital library of over 70 000 free ebooks.</p>,https://www.gutenberg.org/ebooks/46699.pdf.images,https://www.gutenberg.org/cache/epub/46699/pg46699.cover.medium.jpg,Free,#1a1a2e,#f5f1e8,#f59e0b,p-rings
Writ in Barracks,A free public domain poetry book,Edgar Wallace,Poetry,free,0,151,A classic poetry work by Edgar Wallace now available as a free public domain PDF. Originally published in the 19th–early 20th century this 151-page edition has been carefully formatted for modern screen and print reading.,<p>Writ in Barracks by Edgar Wallace is a classic work now available as a free public domain PDF download on Bookshelf. Part of Project Gutenberg's digital library of over 70 000 free ebooks.</p>,https://www.gutenberg.org/ebooks/49658.pdf.images,https://www.gutenberg.org/cache/epub/49658/pg49658.cover.medium.jpg,Free,#4a2b3d,#f5f1e8,#f59e0b,p-rings
The Mathematical Theory of Relativity,A free public domain relativity (physics) book,Sir Arthur Stanley Eddington,Relativity (physics),free,0,159,A classic relativity (physics) work by Sir Arthur Stanley Eddington now available as a free public domain PDF. Originally published in the 19th–early 20th century this 159-page edition has been carefully formatted for modern screen and print reading.,<p>The Mathematical Theory of Relativity by Sir Arthur Stanley Eddington is a classic work now available as a free public domain PDF download on Bookshelf. Part of Project Gutenberg's digital library of over 70 000 free ebooks.</p>,https://www.gutenberg.org/files/59248/59248-pdf.pdf,https://www.gutenberg.org/cache/epub/59248/pg59248.cover.medium.jpg,Free,#0f2a43,#f5f1e8,#f59e0b,p-rings
Master and Maid,A free public domain fiction book,L. Allen (Lizzie Allen) Harker,Fiction,free,0,84,A classic fiction work by L. Allen (Lizzie Allen) Harker now available as a free public domain PDF. Originally published in the 19th–early 20th century this 84-page edition has been carefully formatted for modern screen and print reading.,<p>Master and Maid by L. Allen (Lizzie Allen) Harker is a classic work now available as a free public domain PDF download on Bookshelf. Part of Project Gutenberg's digital library of over 70 000 free ebooks.</p>,https://www.gutenberg.org/ebooks/54504.pdf.images,https://www.gutenberg.org/cache/epub/54504/pg54504.cover.medium.jpg,Free,#1a1a2e,#f5f1e8,#f59e0b,p-rings
Siouan Sociology,A free public domain siouan indians book,James Owen Dorsey,Siouan indians,free,0,280,A classic siouan indians work by James Owen Dorsey now available as a free public domain PDF. Originally published in the 19th–early 20th century this 280-page edition has been carefully formatted for modern screen and print reading.,<p>Siouan Sociology by James Owen Dorsey is a classic work now available as a free public domain PDF download on Bookshelf. Part of Project Gutenberg's digital library of over 70 000 free ebooks.</p>,https://www.gutenberg.org/files/19518/19518-pdf.pdf,https://www.gutenberg.org/cache/epub/19518/pg19518.cover.medium.jpg,Free,#0f2a43,#f5f1e8,#f59e0b,p-rings
Tom Willoughby's Scouts: A Story of the War in German East Africa,A free public domain fiction book,Herbert Strang,Fiction,free,0,220,A classic fiction work by Herbert Strang now available as a free public domain PDF. Originally published in the 19th–early 20th century this 220-page edition has been carefully formatted for modern screen and print reading.,<p>Tom Willoughby's Scouts: A Story of the War in German East Africa by Herbert Strang is a classic work now available as a free public domain PDF download on Bookshelf. Part of Project Gutenberg's digital library of over 70 000 free ebooks.</p>,https://www.gutenberg.org/ebooks/39912.pdf.images,https://www.gutenberg.org/cache/epub/39912/pg39912.cover.medium.jpg,Free,#1a1a2e,#f5f1e8,#f59e0b,p-rings
Much Ado About Something,A free public domain fiction book,C. E. (Charles Edward) Lawrence,Fiction,free,0,139,A classic fiction work by C. E. (Charles Edward) Lawrence now available as a free public domain PDF. Originally published in the 19th–early 20th century this 139-page edition has been carefully formatted for modern screen and print reading.,<p>Much Ado About Something by C. E. (Charles Edward) Lawrence is a classic work now available as a free public domain PDF download on Bookshelf. Part of Project Gutenberg's digital library of over 70 000 free ebooks.</p>,https://www.gutenberg.org/ebooks/52101.pdf.images,https://www.gutenberg.org/cache/epub/52101/pg52101.cover.medium.jpg,Free,#1a1a2e,#f5f1e8,#f59e0b,p-rings
The Garden of the Plynck,A free public domain fiction book,Karle Wilson Baker,Fiction,free,0,154,A classic fiction work by Karle Wilson Baker now available as a free public domain PDF. Originally published in the 19th–early 20th century this 154-page edition has been carefully formatted for modern screen and print reading.,<p>The Garden of the Plynck by Karle Wilson Baker is a classic work now available as a free public domain PDF download on Bookshelf. Part of Project Gutenberg's digital library of over 70 000 free ebooks.</p>,https://www.gutenberg.org/files/16731/16731-pdf.pdf,https://www.gutenberg.org/cache/epub/16731/pg16731.cover.medium.jpg,Free,#1a1a2e,#f5f1e8,#f59e0b,p-rings
An Essay on the Antient and Modern State of Ireland,A free public domain history book,Henry Brooke,History,free,0,117,A classic history work by Henry Brooke now available as a free public domain PDF. Originally published in the 19th–early 20th century this 117-page edition has been carefully formatted for modern screen and print reading.,<p>An Essay on the Antient and Modern State of Ireland by Henry Brooke is a classic work now available as a free public domain PDF download on Bookshelf. Part of Project Gutenberg's digital library of over 70 000 free ebooks.</p>,https://www.gutenberg.org/files/27226/27226-pdf.pdf,https://www.gutenberg.org/cache/epub/27226/pg27226.cover.medium.jpg,Free,#4a3728,#f5f1e8,#f59e0b,p-rings
The Christian Foundation Or Scientific and Religious Journal February 1880,A free public domain science book,Various,Science,free,0,265,A classic science work by Various now available as a free public domain PDF. Originally published in the 19th–early 20th century this 265-page edition has been carefully formatted for modern screen and print reading.,<p>The Christian Foundation Or Scientific and Religious Journal February 1880 by Various is a classic work now available as a free public domain PDF download on Bookshelf. Part of Project Gutenberg's digital library of over 70 000 free ebooks.</p>,https://www.gutenberg.org/files/28066/28066-pdf.pdf,https://www.gutenberg.org/cache/epub/28066/pg28066.cover.medium.jpg,Free,#1e3a5f,#f5f1e8,#f59e0b,p-rings
Bernard Treves's Boots: A Novel of the Secret Service,A free public domain fiction book,Laurence (Laurence Ayscough) Clarke,Fiction,free,0,239,A classic fiction work by Laurence (Laurence Ayscough) Clarke now available as a free public domain PDF. Originally published in the 19th–early 20th century this 239-page edition has been carefully formatted for modern screen and print reading.,<p>Bernard Treves's Boots: A Novel of the Secret Service by Laurence (Laurence Ayscough) Clarke is a classic work now available as a free public domain PDF download on Bookshelf. Part of Project Gutenberg's digital library of over 70 000 free ebooks.</p>,https://www.gutenberg.org/ebooks/42459.pdf.images,https://www.gutenberg.org/cache/epub/42459/pg42459.cover.medium.jpg,Free,#1a1a2e,#f5f1e8,#f59e0b,p-rings
Love's Golden Thread,A free public domain fiction book,E. C. (Edith C.) Kenyon,Fiction,free,0,275,A classic fiction work by E. C. (Edith C.) Kenyon now available as a free public domain PDF. Originally published in the 19th–early 20th century this 275-page edition has been carefully formatted for modern screen and print reading.,<p>Love's Golden Thread by E. C. (Edith C.) Kenyon is a classic work now available as a free public domain PDF download on Bookshelf. Part of Project Gutenberg's digital library of over 70 000 free ebooks.</p>,https://www.gutenberg.org/ebooks/49787.pdf.images,https://www.gutenberg.org/cache/epub/49787/pg49787.cover.medium.jpg,Free,#1a1a2e,#f5f1e8,#f59e0b,p-rings
Swift and Sure: The Story of a Hydroplane,A free public domain fiction book,Herbert Strang,Fiction,free,0,118,A classic fiction work by Herbert Strang now available as a free public domain PDF. Originally published in the 19th–early 20th century this 118-page edition has been carefully formatted for modern screen and print reading.,<p>Swift and Sure: The Story of a Hydroplane by Herbert Strang is a classic work now available as a free public domain PDF download on Bookshelf. Part of Project Gutenberg's digital library of over 70 000 free ebooks.</p>,https://www.gutenberg.org/ebooks/39151.pdf.images,https://www.gutenberg.org/cache/epub/39151/pg39151.cover.medium.jpg,Free,#1a1a2e,#f5f1e8,#f59e0b,p-rings
Bobby Blake at Rockledge School; or Winning the Medal of Honor,A free public domain fiction book,Frank A. Warner,Fiction,free,0,293,A classic fiction work by Frank A. Warner now available as a free public domain PDF. Originally published in the 19th–early 20th century this 293-page edition has been carefully formatted for modern screen and print reading.,<p>Bobby Blake at Rockledge School; or Winning the Medal of Honor by Frank A. Warner is a classic work now available as a free public domain PDF download on Bookshelf. Part of Project Gutenberg's digital library of over 70 000 free ebooks.</p>,https://www.gutenberg.org/ebooks/39799.pdf.images,https://www.gutenberg.org/cache/epub/39799/pg39799.cover.medium.jpg,Free,#1a1a2e,#f5f1e8,#f59e0b,p-rings
In Beaver Cove and Elsewhere,A free public domain fiction book,Matt (Martha Jane) Crim,Fiction,free,0,173,A classic fiction work by Matt (Martha Jane) Crim now available as a free public domain PDF. Originally published in the 19th–early 20th century this 173-page edition has been carefully formatted for modern screen and print reading.,<p>In Beaver Cove and Elsewhere by Matt (Martha Jane) Crim is a classic work now available as a free public domain PDF download on Bookshelf. Part of Project Gutenberg's digital library of over 70 000 free ebooks.</p>,https://www.gutenberg.org/ebooks/54351.pdf.images,https://www.gutenberg.org/cache/epub/54351/pg54351.cover.medium.jpg,Free,#1a1a2e,#f5f1e8,#f59e0b,p-rings
The Christian Foundation Or Scientific and Religious Journal May 1880,A free public domain science book,Various,Science,free,0,143,A classic science work by Various now available as a free public domain PDF. Originally published in the 19th–early 20th century this 143-page edition has been carefully formatted for modern screen and print reading.,<p>The Christian Foundation Or Scientific and Religious Journal May 1880 by Various is a classic work now available as a free public domain PDF download on Bookshelf. Part of Project Gutenberg's digital library of over 70 000 free ebooks.</p>,https://www.gutenberg.org/files/28297/28297-pdf.pdf,https://www.gutenberg.org/cache/epub/28297/pg28297.cover.medium.jpg,Free,#1e3a5f,#f5f1e8,#f59e0b,p-rings
Japanese Colour-Prints and Their Designers,A free public domain art book,Frederick W. Gookin,Art,free,0,92,A classic art work by Frederick W. Gookin now available as a free public domain PDF. Originally published in the 19th–early 20th century this 92-page edition has been carefully formatted for modern screen and print reading.,<p>Japanese Colour-Prints and Their Designers by Frederick W. Gookin is a classic work now available as a free public domain PDF download on Bookshelf. Part of Project Gutenberg's digital library of over 70 000 free ebooks.</p>,https://www.gutenberg.org/files/42811/42811-pdf.pdf,https://www.gutenberg.org/cache/epub/42811/pg42811.cover.medium.jpg,Free,#4a2b2b,#f5f1e8,#f59e0b,p-rings
Verdi : The Story of the Little Boy who Loved the Hand Organ,A free public domain biography book,Thomas Tapper,Biography,free,0,170,A classic biography work by Thomas Tapper now available as a free public domain PDF. Originally published in the 19th–early 20th century this 170-page edition has been carefully formatted for modern screen and print reading.,<p>Verdi : The Story of the Little Boy who Loved the Hand Organ by Thomas Tapper is a classic work now available as a free public domain PDF download on Bookshelf. Part of Project Gutenberg's digital library of over 70 000 free ebooks.</p>,https://www.gutenberg.org/files/35158/35158-pdf.pdf,https://www.gutenberg.org/cache/epub/35158/pg35158.cover.medium.jpg,Free,#2d4a22,#f5f1e8,#f59e0b,p-rings
Phil-o-rum's Canoe and Madeleine Vercheres: Two Poems,A free public domain poetry book,William Henry Drummond,Poetry,free,0,82,A classic poetry work by William Henry Drummond now available as a free public domain PDF. Originally published in the 19th–early 20th century this 82-page edition has been carefully formatted for modern screen and print reading.,<p>Phil-o-rum's Canoe and Madeleine Vercheres: Two Poems by William Henry Drummond is a classic work now available as a free public domain PDF download on Bookshelf. Part of Project Gutenberg's digital library of over 70 000 free ebooks.</p>,https://www.gutenberg.org/ebooks/40152.pdf.images,https://www.gutenberg.org/cache/epub/40152/pg40152.cover.medium.jpg,Free,#4a2b3d,#f5f1e8,#f59e0b,p-rings
'Possum,A free public domain fiction book,Mary Grant Bruce,Fiction,free,0,146,A classic fiction work by Mary Grant Bruce now available as a free public domain PDF. Originally published in the 19th–early 20th century this 146-page edition has been carefully formatted for modern screen and print reading.,<p>'Possum by Mary Grant Bruce is a classic work now available as a free public domain PDF download on Bookshelf. Part of Project Gutenberg's digital library of over 70 000 free ebooks.</p>,https://www.gutenberg.org/ebooks/50881.pdf.images,https://www.gutenberg.org/cache/epub/50881/pg50881.cover.medium.jpg,Free,#1a1a2e,#f5f1e8,#f59e0b,p-rings
Owen Clancy's Happy Trail; Or The Motor Wizard in California,A free public domain fiction book,Burt L. Standish,Fiction,free,0,139,A classic fiction work by Burt L. Standish now available as a free public domain PDF. Originally published in the 19th–early 20th century this 139-page edition has been carefully formatted for modern screen and print reading.,<p>Owen Clancy's Happy Trail; Or The Motor Wizard in California by Burt L. Standish is a classic work now available as a free public domain PDF download on Bookshelf. Part of Project Gutenberg's digital library of over 70 000 free ebooks.</p>,https://www.gutenberg.org/files/24102/24102-pdf.pdf,https://www.gutenberg.org/cache/epub/24102/pg24102.cover.medium.jpg,Free,#1a1a2e,#f5f1e8,#f59e0b,p-rings
A Hero of Liége: A Story of the Great War,A free public domain fiction book,Herbert Strang,Fiction,free,0,313,A classic fiction work by Herbert Strang now available as a free public domain PDF. Originally published in the 19th–early 20th century this 313-page edition has been carefully formatted for modern screen and print reading.,<p>A Hero of Liége: A Story of the Great War by Herbert Strang is a classic work now available as a free public domain PDF download on Bookshelf. Part of Project Gutenberg's digital library of over 70 000 free ebooks.</p>,https://www.gutenberg.org/ebooks/39150.pdf.images,https://www.gutenberg.org/cache/epub/39150/pg39150.cover.medium.jpg,Free,#1a1a2e,#f5f1e8,#f59e0b,p-rings
Sappho's Journal,A free public domain fiction book,Paul Alexander Bartlett,Fiction,free,0,307,A classic fiction work by Paul Alexander Bartlett now available as a free public domain PDF. Originally published in the 19th–early 20th century this 307-page edition has been carefully formatted for modern screen and print reading.,<p>Sappho's Journal by Paul Alexander Bartlett is a classic work now available as a free public domain PDF download on Bookshelf. Part of Project Gutenberg's digital library of over 70 000 free ebooks.</p>,https://www.gutenberg.org/files/39467/39467-pdf.pdf,https://www.gutenberg.org/cache/epub/39467/pg39467.cover.medium.jpg,Free,#1a1a2e,#f5f1e8,#f59e0b,p-rings
Dick Merriwell's Trap; Or The Chap Who Bungled,A free public domain fiction book,Burt L. Standish,Fiction,free,0,124,A classic fiction work by Burt L. Standish now available as a free public domain PDF. Originally published in the 19th–early 20th century this 124-page edition has been carefully formatted for modern screen and print reading.,<p>Dick Merriwell's Trap; Or The Chap Who Bungled by Burt L. Standish is a classic work now available as a free public domain PDF download on Bookshelf. Part of Project Gutenberg's digital library of over 70 000 free ebooks.</p>,https://www.gutenberg.org/ebooks/41866.pdf.images,https://www.gutenberg.org/cache/epub/41866/pg41866.cover.medium.jpg,Free,#1a1a2e,#f5f1e8,#f59e0b,p-rings
Adventures of an Aide-de-Camp; or A Campaign in Calabria Volume 3 (of 3),A free public domain fiction book,James Grant,Fiction,free,0,272,A classic fiction work by James Grant now available as a free public domain PDF. Originally published in the 19th–early 20th century this 272-page edition has been carefully formatted for modern screen and print reading.,<p>Adventures of an Aide-de-Camp; or A Campaign in Calabria Volume 3 (of 3) by James Grant is a classic work now available as a free public domain PDF download on Bookshelf. Part of Project Gutenberg's digital library of over 70 000 free ebooks.</p>,https://www.gutenberg.org/ebooks/54595.pdf.images,https://www.gutenberg.org/cache/epub/54595/pg54595.cover.medium.jpg,Free,#1a1a2e,#f5f1e8,#f59e0b,p-rings
Bothwell; or The Days of Mary Queen of Scots Volume 1 (of 3),A free public domain fiction book,James Grant,Fiction,free,0,295,A classic fiction work by James Grant now available as a free public domain PDF. Originally published in the 19th–early 20th century this 295-page edition has been carefully formatted for modern screen and print reading.,<p>Bothwell; or The Days of Mary Queen of Scots Volume 1 (of 3) by James Grant is a classic work now available as a free public domain PDF download on Bookshelf. Part of Project Gutenberg's digital library of over 70 000 free ebooks.</p>,https://www.gutenberg.org/ebooks/55527.pdf.images,https://www.gutenberg.org/cache/epub/55527/pg55527.cover.medium.jpg,Free,#1a1a2e,#f5f1e8,#f59e0b,p-rings
The Sundial,A free public domain fiction book,Fred M. (Fred Merrick) White,Fiction,free,0,164,A classic fiction work by Fred M. (Fred Merrick) White now available as a free public domain PDF. Originally published in the 19th–early 20th century this 164-page edition has been carefully formatted for modern screen and print reading.,<p>The Sundial by Fred M. (Fred Merrick) White is a classic work now available as a free public domain PDF download on Bookshelf. Part of Project Gutenberg's digital library of over 70 000 free ebooks.</p>,https://www.gutenberg.org/ebooks/55006.pdf.images,https://www.gutenberg.org/cache/epub/55006/pg55006.cover.medium.jpg,Free,#1a1a2e,#f5f1e8,#f59e0b,p-rings
S. W. Partridge & Co. Catalogue of Popular Illustrated Books 1904,A free public domain art book,England) S. W. Partridge & Co. (London,Art,free,0,124,A classic art work by England) S. W. Partridge & Co. (London now available as a free public domain PDF. Originally published in the 19th–early 20th century this 124-page edition has been carefully formatted for modern screen and print reading.,<p>S. W. Partridge & Co. Catalogue of Popular Illustrated Books 1904 by England) S. W. Partridge & Co. (London is a classic work now available as a free public domain PDF download on Bookshelf. Part of Project Gutenberg's digital library of over 70 000 free ebooks.</p>,https://www.gutenberg.org/ebooks/45433.pdf.images,https://www.gutenberg.org/cache/epub/45433/pg45433.cover.medium.jpg,Free,#4a2b2b,#f5f1e8,#f59e0b,p-rings
The Maréchale (Catherine Booth-Clibborn),A free public domain booth-clibborn catherine 1860-1955 book,James Strahan,"Booth-clibborn, catherine, 1860-1955",free,0,211,A classic booth-clibborn catherine 1860-1955 work by James Strahan now available as a free public domain PDF. Originally published in the 19th–early 20th century this 211-page edition has been carefully formatted for modern screen and print reading.,<p>The Maréchale (Catherine Booth-Clibborn) by James Strahan is a classic work now available as a free public domain PDF download on Bookshelf. Part of Project Gutenberg's digital library of over 70 000 free ebooks.</p>,https://www.gutenberg.org/ebooks/53446.pdf.images,https://www.gutenberg.org/cache/epub/53446/pg53446.cover.medium.jpg,Free,#0f2a43,#f5f1e8,#f59e0b,p-rings
Donald Ross of Heimra (Volume 1 of 3),A free public domain fiction book,William Black,Fiction,free,0,180,A classic fiction work by William Black now available as a free public domain PDF. Originally published in the 19th–early 20th century this 180-page edition has been carefully formatted for modern screen and print reading.,<p>Donald Ross of Heimra (Volume 1 of 3) by William Black is a classic work now available as a free public domain PDF download on Bookshelf. Part of Project Gutenberg's digital library of over 70 000 free ebooks.</p>,https://www.gutenberg.org/ebooks/43052.pdf.images,https://www.gutenberg.org/cache/epub/43052/pg43052.cover.medium.jpg,Free,#1a1a2e,#f5f1e8,#f59e0b,p-rings
Ralph Sinclair's Atonement,A free public domain fiction book,Antony Sargent,Fiction,free,0,197,A classic fiction work by Antony Sargent now available as a free public domain PDF. Originally published in the 19th–early 20th century this 197-page edition has been carefully formatted for modern screen and print reading.,<p>Ralph Sinclair's Atonement by Antony Sargent is a classic work now available as a free public domain PDF download on Bookshelf. Part of Project Gutenberg's digital library of over 70 000 free ebooks.</p>,https://www.gutenberg.org/ebooks/49727.pdf.images,https://www.gutenberg.org/cache/epub/49727/pg49727.cover.medium.jpg,Free,#1a1a2e,#f5f1e8,#f59e0b,p-rings
Friends,A free public domain poetry book,Wilfrid Wilson Gibson,Poetry,free,0,145,A classic poetry work by Wilfrid Wilson Gibson now available as a free public domain PDF. Originally published in the 19th–early 20th century this 145-page edition has been carefully formatted for modern screen and print reading.,<p>Friends by Wilfrid Wilson Gibson is a classic work now available as a free public domain PDF download on Bookshelf. Part of Project Gutenberg's digital library of over 70 000 free ebooks.</p>,https://www.gutenberg.org/ebooks/42641.pdf.images,https://www.gutenberg.org/cache/epub/42641/pg42641.cover.medium.jpg,Free,#4a2b3d,#f5f1e8,#f59e0b,p-rings
Mr. Poskitt's Nightcaps: Stories of a Yorkshire Farmer,A free public domain fiction book,J. S. (Joseph Smith) Fletcher,Fiction,free,0,327,A classic fiction work by J. S. (Joseph Smith) Fletcher now available as a free public domain PDF. Originally published in the 19th–early 20th century this 327-page edition has been carefully formatted for modern screen and print reading.,<p>Mr. Poskitt's Nightcaps: Stories of a Yorkshire Farmer by J. S. (Joseph Smith) Fletcher is a classic work now available as a free public domain PDF download on Bookshelf. Part of Project Gutenberg's digital library of over 70 000 free ebooks.</p>,https://www.gutenberg.org/ebooks/45685.pdf.images,https://www.gutenberg.org/cache/epub/45685/pg45685.cover.medium.jpg,Free,#1a1a2e,#f5f1e8,#f59e0b,p-rings
Handel : The Story of a Little Boy who Practiced in an Attic,A free public domain biography book,Thomas Tapper,Biography,free,0,232,A classic biography work by Thomas Tapper now available as a free public domain PDF. Originally published in the 19th–early 20th century this 232-page edition has been carefully formatted for modern screen and print reading.,<p>Handel : The Story of a Little Boy who Practiced in an Attic by Thomas Tapper is a classic work now available as a free public domain PDF download on Bookshelf. Part of Project Gutenberg's digital library of over 70 000 free ebooks.</p>,https://www.gutenberg.org/files/35157/35157-pdf.pdf,https://www.gutenberg.org/cache/epub/35157/pg35157.cover.medium.jpg,Free,#2d4a22,#f5f1e8,#f59e0b,p-rings
Akra the Slave,A free public domain poetry book,Wilfrid Wilson Gibson,Poetry,free,0,159,A classic poetry work by Wilfrid Wilson Gibson now available as a free public domain PDF. Originally published in the 19th–early 20th century this 159-page edition has been carefully formatted for modern screen and print reading.,<p>Akra the Slave by Wilfrid Wilson Gibson is a classic work now available as a free public domain PDF download on Bookshelf. Part of Project Gutenberg's digital library of over 70 000 free ebooks.</p>,https://www.gutenberg.org/ebooks/42051.pdf.images,https://www.gutenberg.org/cache/epub/42051/pg42051.cover.medium.jpg,Free,#4a2b3d,#f5f1e8,#f59e0b,p-rings
The Call of the East: A Romance of Far Formosa,A free public domain fiction book,Thurlow Fraser,Fiction,free,0,176,A classic fiction work by Thurlow Fraser now available as a free public domain PDF. Originally published in the 19th–early 20th century this 176-page edition has been carefully formatted for modern screen and print reading.,<p>The Call of the East: A Romance of Far Formosa by Thurlow Fraser is a classic work now available as a free public domain PDF download on Bookshelf. Part of Project Gutenberg's digital library of over 70 000 free ebooks.</p>,https://www.gutenberg.org/ebooks/45061.pdf.images,https://www.gutenberg.org/cache/epub/45061/pg45061.cover.medium.jpg,Free,#1a1a2e,#f5f1e8,#f59e0b,p-rings
Little Miss Grasshopper,A free public domain fiction book,Johanna Spyri,Fiction,free,0,263,A classic fiction work by Johanna Spyri now available as a free public domain PDF. Originally published in the 19th–early 20th century this 263-page edition has been carefully formatted for modern screen and print reading.,<p>Little Miss Grasshopper by Johanna Spyri is a classic work now available as a free public domain PDF download on Bookshelf. Part of Project Gutenberg's digital library of over 70 000 free ebooks.</p>,https://www.gutenberg.org/ebooks/55089.pdf.images,https://www.gutenberg.org/cache/epub/55089/pg55089.cover.medium.jpg,Free,#1a1a2e,#f5f1e8,#f59e0b,p-rings
The Pennycomequicks Volume 3 (of 3),A free public domain fiction book,S. (Sabine) Baring-Gould,Fiction,free,0,268,A classic fiction work by S. (Sabine) Baring-Gould now available as a free public domain PDF. Originally published in the 19th–early 20th century this 268-page edition has been carefully formatted for modern screen and print reading.,<p>The Pennycomequicks Volume 3 (of 3) by S. (Sabine) Baring-Gould is a classic work now available as a free public domain PDF download on Bookshelf. Part of Project Gutenberg's digital library of over 70 000 free ebooks.</p>,https://www.gutenberg.org/ebooks/48163.pdf.images,https://www.gutenberg.org/cache/epub/48163/pg48163.cover.medium.jpg,Free,#1a1a2e,#f5f1e8,#f59e0b,p-rings
Her Infinite Variety,A free public domain fiction book,Brand Whitlock,Fiction,free,0,165,A classic fiction work by Brand Whitlock now available as a free public domain PDF. Originally published in the 19th–early 20th century this 165-page edition has been carefully formatted for modern screen and print reading.,<p>Her Infinite Variety by Brand Whitlock is a classic work now available as a free public domain PDF download on Bookshelf. Part of Project Gutenberg's digital library of over 70 000 free ebooks.</p>,https://www.gutenberg.org/ebooks/35727.pdf.images,https://www.gutenberg.org/cache/epub/35727/pg35727.cover.medium.jpg,Free,#1a1a2e,#f5f1e8,#f59e0b,p-rings
Geoffrey the Lollard,A free public domain fiction book,Frances Eastwood,Fiction,free,0,189,A classic fiction work by Frances Eastwood now available as a free public domain PDF. Originally published in the 19th–early 20th century this 189-page edition has been carefully formatted for modern screen and print reading.,<p>Geoffrey the Lollard by Frances Eastwood is a classic work now available as a free public domain PDF download on Bookshelf. Part of Project Gutenberg's digital library of over 70 000 free ebooks.</p>,https://www.gutenberg.org/ebooks/48260.pdf.images,https://www.gutenberg.org/cache/epub/48260/pg48260.cover.medium.jpg,Free,#1a1a2e,#f5f1e8,#f59e0b,p-rings
The Trial of Henry Hetherington on an Indictment for Blasphemy,A free public domain hetherington h. (henry) 1792-1849 book,H. (Henry) Hetherington,"Hetherington, h. (henry), 1792-1849",free,0,167,A classic hetherington h. (henry) 1792-1849 work by H. (Henry) Hetherington now available as a free public domain PDF. Originally published in the 19th–early 20th century this 167-page edition has been carefully formatted for modern screen and print reading.,<p>The Trial of Henry Hetherington on an Indictment for Blasphemy by H. (Henry) Hetherington is a classic work now available as a free public domain PDF download on Bookshelf. Part of Project Gutenberg's digital library of over 70 000 free ebooks.</p>,https://www.gutenberg.org/ebooks/39055.pdf.images,https://www.gutenberg.org/cache/epub/39055/pg39055.cover.medium.jpg,Free,#0f2a43,#f5f1e8,#f59e0b,p-rings
White Heather: A Novel (Volume 3 of 3),A free public domain fiction book,William Black,Fiction,free,0,328,A classic fiction work by William Black now available as a free public domain PDF. Originally published in the 19th–early 20th century this 328-page edition has been carefully formatted for modern screen and print reading.,<p>White Heather: A Novel (Volume 3 of 3) by William Black is a classic work now available as a free public domain PDF download on Bookshelf. Part of Project Gutenberg's digital library of over 70 000 free ebooks.</p>,https://www.gutenberg.org/ebooks/43446.pdf.images,https://www.gutenberg.org/cache/epub/43446/pg43446.cover.medium.jpg,Free,#1a1a2e,#f5f1e8,#f59e0b,p-rings
Regeneration,A free public domain fiction book,Charles Dye,Fiction,free,0,146,A classic fiction work by Charles Dye now available as a free public domain PDF. Originally published in the 19th–early 20th century this 146-page edition has been carefully formatted for modern screen and print reading.,<p>Regeneration by Charles Dye is a classic work now available as a free public domain PDF download on Bookshelf. Part of Project Gutenberg's digital library of over 70 000 free ebooks.</p>,https://www.gutenberg.org/files/19964/19964-pdf.pdf,https://www.gutenberg.org/cache/epub/19964/pg19964.cover.medium.jpg,Free,#1a1a2e,#f5f1e8,#f59e0b,p-rings
The Irish Ecclesiastical Record Volume 1 November 1864,A free public domain catholic church book,Unknown Author,Catholic church,free,0,94,A classic catholic church work by Unknown Author now available as a free public domain PDF. Originally published in the 19th–early 20th century this 94-page edition has been carefully formatted for modern screen and print reading.,<p>The Irish Ecclesiastical Record Volume 1 November 1864 by Unknown Author is a classic work now available as a free public domain PDF download on Bookshelf. Part of Project Gutenberg's digital library of over 70 000 free ebooks.</p>,https://www.gutenberg.org/files/38751/38751-pdf.pdf,https://www.gutenberg.org/cache/epub/38751/pg38751.cover.medium.jpg,Free,#0f2a43,#f5f1e8,#f59e0b,p-rings
Free from School,A free public domain history book,Rahul Alvares,History,free,0,180,A classic history work by Rahul Alvares now available as a free public domain PDF. Originally published in the 19th–early 20th century this 180-page edition has been carefully formatted for modern screen and print reading.,<p>Free from School by Rahul Alvares is a classic work now available as a free public domain PDF download on Bookshelf. Part of Project Gutenberg's digital library of over 70 000 free ebooks.</p>,https://www.gutenberg.org/files/10347/10347-p/10347-p.pdf,https://www.gutenberg.org/cache/epub/10347/pg10347.cover.medium.jpg,Free,#4a3728,#f5f1e8,#f59e0b,p-rings
Messages to Canada,A free public domain bahai faith book,Effendi Shoghi,Bahai faith,free,0,164,A classic bahai faith work by Effendi Shoghi now available as a free public domain PDF. Originally published in the 19th–early 20th century this 164-page edition has been carefully formatted for modern screen and print reading.,<p>Messages to Canada by Effendi Shoghi is a classic work now available as a free public domain PDF download on Bookshelf. Part of Project Gutenberg's digital library of over 70 000 free ebooks.</p>,https://www.gutenberg.org/files/19278/19278-pdf.pdf,https://www.gutenberg.org/cache/epub/19278/pg19278.cover.medium.jpg,Free,#0f2a43,#f5f1e8,#f59e0b,p-rings
Poems & Parodies,A free public domain poetry book,Tom Kettle,Poetry,free,0,254,A classic poetry work by Tom Kettle now available as a free public domain PDF. Originally published in the 19th–early 20th century this 254-page edition has been carefully formatted for modern screen and print reading.,<p>Poems & Parodies by Tom Kettle is a classic work now available as a free public domain PDF download on Bookshelf. Part of Project Gutenberg's digital library of over 70 000 free ebooks.</p>,https://www.gutenberg.org/ebooks/38898.pdf.images,https://www.gutenberg.org/cache/epub/38898/pg38898.cover.medium.jpg,Free,#4a2b3d,#f5f1e8,#f59e0b,p-rings
The Stampeder,A free public domain fiction book,Samuel Alexander White,Fiction,free,0,262,A classic fiction work by Samuel Alexander White now available as a free public domain PDF. Originally published in the 19th–early 20th century this 262-page edition has been carefully formatted for modern screen and print reading.,<p>The Stampeder by Samuel Alexander White is a classic work now available as a free public domain PDF download on Bookshelf. Part of Project Gutenberg's digital library of over 70 000 free ebooks.</p>,https://www.gutenberg.org/ebooks/40017.pdf.images,https://www.gutenberg.org/cache/epub/40017/pg40017.cover.medium.jpg,Free,#1a1a2e,#f5f1e8,#f59e0b,p-rings
The Pennycomequicks Volume 2 (of 3),A free public domain fiction book,S. (Sabine) Baring-Gould,Fiction,free,0,243,A classic fiction work by S. (Sabine) Baring-Gould now available as a free public domain PDF. Originally published in the 19th–early 20th century this 243-page edition has been carefully formatted for modern screen and print reading.,<p>The Pennycomequicks Volume 2 (of 3) by S. (Sabine) Baring-Gould is a classic work now available as a free public domain PDF download on Bookshelf. Part of Project Gutenberg's digital library of over 70 000 free ebooks.</p>,https://www.gutenberg.org/ebooks/48162.pdf.images,https://www.gutenberg.org/cache/epub/48162/pg48162.cover.medium.jpg,Free,#1a1a2e,#f5f1e8,#f59e0b,p-rings
String Quartet No. 11 in F minor Opus 95 Serioso,A free public domain art book,Ludwig van Beethoven,Art,free,0,191,A classic art work by Ludwig van Beethoven now available as a free public domain PDF. Originally published in the 19th–early 20th century this 191-page edition has been carefully formatted for modern screen and print reading.,<p>String Quartet No. 11 in F minor Opus 95 Serioso by Ludwig van Beethoven is a classic work now available as a free public domain PDF download on Bookshelf. Part of Project Gutenberg's digital library of over 70 000 free ebooks.</p>,https://www.gutenberg.org/files/11002/11002-pdf/11002-part1.pdf,https://www.gutenberg.org/cache/epub/11002/pg11002.cover.medium.jpg,Free,#4a2b2b,#f5f1e8,#f59e0b,p-rings
Half Hours in Bible Lands Volume 2: Patriarchs Kings and Kingdoms,A free public domain biography book,P. C. (Phineas Camp) Headley,Biography,free,0,298,A classic biography work by P. C. (Phineas Camp) Headley now available as a free public domain PDF. Originally published in the 19th–early 20th century this 298-page edition has been carefully formatted for modern screen and print reading.,<p>Half Hours in Bible Lands Volume 2: Patriarchs Kings and Kingdoms by P. C. (Phineas Camp) Headley is a classic work now available as a free public domain PDF download on Bookshelf. Part of Project Gutenberg's digital library of over 70 000 free ebooks.</p>,https://www.gutenberg.org/files/25363/25363-pdf.pdf,https://www.gutenberg.org/cache/epub/25363/pg25363.cover.medium.jpg,Free,#2d4a22,#f5f1e8,#f59e0b,p-rings
On Adventure Island,A free public domain fiction book,Bess Moyer,Fiction,free,0,316,A classic fiction work by Bess Moyer now available as a free public domain PDF. Originally published in the 19th–early 20th century this 316-page edition has been carefully formatted for modern screen and print reading.,<p>On Adventure Island by Bess Moyer is a classic work now available as a free public domain PDF download on Bookshelf. Part of Project Gutenberg's digital library of over 70 000 free ebooks.</p>,https://www.gutenberg.org/ebooks/48146.pdf.images,https://www.gutenberg.org/cache/epub/48146/pg48146.cover.medium.jpg,Free,#1a1a2e,#f5f1e8,#f59e0b,p-rings
Dividing Waters,A free public domain fiction book,I. A. R. (Ida Alexa Ross) Wylie,Fiction,free,0,108,A classic fiction work by I. A. R. (Ida Alexa Ross) Wylie now available as a free public domain PDF. Originally published in the 19th–early 20th century this 108-page edition has been carefully formatted for modern screen and print reading.,<p>Dividing Waters by I. A. R. (Ida Alexa Ross) Wylie is a classic work now available as a free public domain PDF download on Bookshelf. Part of Project Gutenberg's digital library of over 70 000 free ebooks.</p>,https://www.gutenberg.org/ebooks/49460.pdf.images,https://www.gutenberg.org/cache/epub/49460/pg49460.cover.medium.jpg,Free,#1a1a2e,#f5f1e8,#f59e0b,p-rings
Miss Esperance and Mr Wycherly,A free public domain fiction book,L. Allen (Lizzie Allen) Harker,Fiction,free,0,326,A classic fiction work by L. Allen (Lizzie Allen) Harker now available as a free public domain PDF. Originally published in the 19th–early 20th century this 326-page edition has been carefully formatted for modern screen and print reading.,<p>Miss Esperance and Mr Wycherly by L. Allen (Lizzie Allen) Harker is a classic work now available as a free public domain PDF download on Bookshelf. Part of Project Gutenberg's digital library of over 70 000 free ebooks.</p>,https://www.gutenberg.org/ebooks/54538.pdf.images,https://www.gutenberg.org/cache/epub/54538/pg54538.cover.medium.jpg,Free,#1a1a2e,#f5f1e8,#f59e0b,p-rings
The Pennycomequicks Volume 1 (of 3),A free public domain fiction book,S. (Sabine) Baring-Gould,Fiction,free,0,254,A classic fiction work by S. (Sabine) Baring-Gould now available as a free public domain PDF. Originally published in the 19th–early 20th century this 254-page edition has been carefully formatted for modern screen and print reading.,<p>The Pennycomequicks Volume 1 (of 3) by S. (Sabine) Baring-Gould is a classic work now available as a free public domain PDF download on Bookshelf. Part of Project Gutenberg's digital library of over 70 000 free ebooks.</p>,https://www.gutenberg.org/ebooks/48161.pdf.images,https://www.gutenberg.org/cache/epub/48161/pg48161.cover.medium.jpg,Free,#1a1a2e,#f5f1e8,#f59e0b,p-rings
As Others Saw Him: A Retrospect A.D. 54,A free public domain fiction book,Joseph Jacobs,Fiction,free,0,234,A classic fiction work by Joseph Jacobs now available as a free public domain PDF. Originally published in the 19th–early 20th century this 234-page edition has been carefully formatted for modern screen and print reading.,<p>As Others Saw Him: A Retrospect A.D. 54 by Joseph Jacobs is a classic work now available as a free public domain PDF download on Bookshelf. Part of Project Gutenberg's digital library of over 70 000 free ebooks.</p>,https://www.gutenberg.org/files/48974/48974-pdf.pdf,https://www.gutenberg.org/cache/epub/48974/pg48974.cover.medium.jpg,Free,#1a1a2e,#f5f1e8,#f59e0b,p-rings
Edvard Grieg : The Story of the Boy Who Made Music in the Land of the Midnight Sun,A free public domain biography book,Thomas Tapper,Biography,free,0,267,A classic biography work by Thomas Tapper now available as a free public domain PDF. Originally published in the 19th–early 20th century this 267-page edition has been carefully formatted for modern screen and print reading.,<p>Edvard Grieg : The Story of the Boy Who Made Music in the Land of the Midnight Sun by Thomas Tapper is a classic work now available as a free public domain PDF download on Bookshelf. Part of Project Gutenberg's digital library of over 70 000 free ebooks.</p>,https://www.gutenberg.org/files/35097/35097-pdf.pdf,https://www.gutenberg.org/cache/epub/35097/pg35097.cover.medium.jpg,Free,#2d4a22,#f5f1e8,#f59e0b,p-rings
We're Civilized!,A free public domain fiction book,Mark Clifton,Fiction,free,0,204,A classic fiction work by Mark Clifton now available as a free public domain PDF. Originally published in the 19th–early 20th century this 204-page edition has been carefully formatted for modern screen and print reading.,<p>We're Civilized! by Mark Clifton is a classic work now available as a free public domain PDF download on Bookshelf. Part of Project Gutenberg's digital library of over 70 000 free ebooks.</p>,https://www.gutenberg.org/ebooks/38287.pdf.images,https://www.gutenberg.org/cache/epub/38287/pg38287.cover.medium.jpg,Free,#1a1a2e,#f5f1e8,#f59e0b,p-rings
Donald Ross of Heimra (Volume 2 of 3),A free public domain fiction book,William Black,Fiction,free,0,217,A classic fiction work by William Black now available as a free public domain PDF. Originally published in the 19th–early 20th century this 217-page edition has been carefully formatted for modern screen and print reading.,<p>Donald Ross of Heimra (Volume 2 of 3) by William Black is a classic work now available as a free public domain PDF download on Bookshelf. Part of Project Gutenberg's digital library of over 70 000 free ebooks.</p>,https://www.gutenberg.org/ebooks/43053.pdf.images,https://www.gutenberg.org/cache/epub/43053/pg43053.cover.medium.jpg,Free,#1a1a2e,#f5f1e8,#f59e0b,p-rings
Sweet Clover: A Romance of the White City,A free public domain fiction book,Clara Louise Burnham,Fiction,free,0,191,A classic fiction work by Clara Louise Burnham now available as a free public domain PDF. Originally published in the 19th–early 20th century this 191-page edition has been carefully formatted for modern screen and print reading.,<p>Sweet Clover: A Romance of the White City by Clara Louise Burnham is a classic work now available as a free public domain PDF download on Bookshelf. Part of Project Gutenberg's digital library of over 70 000 free ebooks.</p>,https://www.gutenberg.org/ebooks/54490.pdf.images,https://www.gutenberg.org/cache/epub/54490/pg54490.cover.medium.jpg,Free,#1a1a2e,#f5f1e8,#f59e0b,p-rings
Measles,A free public domain measles book,William Colby Rucker,Measles,free,0,133,A classic measles work by William Colby Rucker now available as a free public domain PDF. Originally published in the 19th–early 20th century this 133-page edition has been carefully formatted for modern screen and print reading.,<p>Measles by William Colby Rucker is a classic work now available as a free public domain PDF download on Bookshelf. Part of Project Gutenberg's digital library of over 70 000 free ebooks.</p>,https://www.gutenberg.org/files/19965/19965-pdf.pdf,https://www.gutenberg.org/cache/epub/19965/pg19965.cover.medium.jpg,Free,#0f2a43,#f5f1e8,#f59e0b,p-rings
John Inglesant: A Romance (Volume 1 of 2),A free public domain fiction book,J. H. (Joseph Henry) Shorthouse,Fiction,free,0,279,A classic fiction work by J. H. (Joseph Henry) Shorthouse now available as a free public domain PDF. Originally published in the 19th–early 20th century this 279-page edition has been carefully formatted for modern screen and print reading.,<p>John Inglesant: A Romance (Volume 1 of 2) by J. H. (Joseph Henry) Shorthouse is a classic work now available as a free public domain PDF download on Bookshelf. Part of Project Gutenberg's digital library of over 70 000 free ebooks.</p>,https://www.gutenberg.org/ebooks/44587.pdf.images,https://www.gutenberg.org/cache/epub/44587/pg44587.cover.medium.jpg,Free,#1a1a2e,#f5f1e8,#f59e0b,p-rings
Under Sail,A free public domain fiction book,Lincoln Colcord,Fiction,free,0,283,A classic fiction work by Lincoln Colcord now available as a free public domain PDF. Originally published in the 19th–early 20th century this 283-page edition has been carefully formatted for modern screen and print reading.,<p>Under Sail by Lincoln Colcord is a classic work now available as a free public domain PDF download on Bookshelf. Part of Project Gutenberg's digital library of over 70 000 free ebooks.</p>,https://www.gutenberg.org/ebooks/46694.pdf.images,https://www.gutenberg.org/cache/epub/46694/pg46694.cover.medium.jpg,Free,#1a1a2e,#f5f1e8,#f59e0b,p-rings
Pixies' Plot,A free public domain poetry book,Eden Phillpotts,Poetry,free,0,158,A classic poetry work by Eden Phillpotts now available as a free public domain PDF. Originally published in the 19th–early 20th century this 158-page edition has been carefully formatted for modern screen and print reading.,<p>Pixies' Plot by Eden Phillpotts is a classic work now available as a free public domain PDF download on Bookshelf. Part of Project Gutenberg's digital library of over 70 000 free ebooks.</p>,https://www.gutenberg.org/ebooks/47265.pdf.images,https://www.gutenberg.org/cache/epub/47265/pg47265.cover.medium.jpg,Free,#4a2b3d,#f5f1e8,#f59e0b,p-rings
True Heart/Mind,A free public domain zen buddhism book,Sengcan,Zen buddhism,free,0,245,A classic zen buddhism work by Sengcan now available as a free public domain PDF. Originally published in the 19th–early 20th century this 245-page edition has been carefully formatted for modern screen and print reading.,<p>True Heart/Mind by Sengcan is a classic work now available as a free public domain PDF download on Bookshelf. Part of Project Gutenberg's digital library of over 70 000 free ebooks.</p>,https://www.gutenberg.org/files/38580/38580-pdf/38580-pdf.pdf,https://www.gutenberg.org/cache/epub/38580/pg38580.cover.medium.jpg,Free,#0f2a43,#f5f1e8,#f59e0b,p-rings
The Christian Foundation Or Scientific and Religious Journal June 1880,A free public domain science book,Various,Science,free,0,264,A classic science work by Various now available as a free public domain PDF. Originally published in the 19th–early 20th century this 264-page edition has been carefully formatted for modern screen and print reading.,<p>The Christian Foundation Or Scientific and Religious Journal June 1880 by Various is a classic work now available as a free public domain PDF download on Bookshelf. Part of Project Gutenberg's digital library of over 70 000 free ebooks.</p>,https://www.gutenberg.org/files/28601/28601-pdf.pdf,https://www.gutenberg.org/cache/epub/28601/pg28601.cover.medium.jpg,Free,#1e3a5f,#f5f1e8,#f59e0b,p-rings
A New Astronomy,A free public domain astronomy book,David P. (David Peck) Todd,Astronomy,free,0,168,A classic astronomy work by David P. (David Peck) Todd now available as a free public domain PDF. Originally published in the 19th–early 20th century this 168-page edition has been carefully formatted for modern screen and print reading.,<p>A New Astronomy by David P. (David Peck) Todd is a classic work now available as a free public domain PDF download on Bookshelf. Part of Project Gutenberg's digital library of over 70 000 free ebooks.</p>,https://www.gutenberg.org/files/35261/35261-pdf.pdf,https://www.gutenberg.org/cache/epub/35261/pg35261.cover.medium.jpg,Free,#0f2a43,#f5f1e8,#f59e0b,p-rings
The Negro and the elective franchise. A series of papers and a sermon,A free public domain african americans book,Archibald Henry Grimké,African americans,free,0,293,A classic african americans work by Archibald Henry Grimké now available as a free public domain PDF. Originally published in the 19th–early 20th century this 293-page edition has been carefully formatted for modern screen and print reading.,<p>The Negro and the elective franchise. A series of papers and a sermon by Archibald Henry Grimké is a classic work now available as a free public domain PDF download on Bookshelf. Part of Project Gutenberg's digital library of over 70 000 free ebooks.</p>,https://www.gutenberg.org/ebooks/35449.pdf.images,https://www.gutenberg.org/cache/epub/35449/pg35449.cover.medium.jpg,Free,#0f2a43,#f5f1e8,#f59e0b,p-rings
Empire Partnership,A free public domain canada book,John Wesley Dafoe,Canada,free,0,244,A classic canada work by John Wesley Dafoe now available as a free public domain PDF. Originally published in the 19th–early 20th century this 244-page edition has been carefully formatted for modern screen and print reading.,<p>Empire Partnership by John Wesley Dafoe is a classic work now available as a free public domain PDF download on Bookshelf. Part of Project Gutenberg's digital library of over 70 000 free ebooks.</p>,https://www.gutenberg.org/ebooks/47347.pdf.images,https://www.gutenberg.org/cache/epub/47347/pg47347.cover.medium.jpg,Free,#0f2a43,#f5f1e8,#f59e0b,p-rings
Love in a Muddle,A free public domain fiction book,Christine Jope-Slade,Fiction,free,0,146,A classic fiction work by Christine Jope-Slade now available as a free public domain PDF. Originally published in the 19th–early 20th century this 146-page edition has been carefully formatted for modern screen and print reading.,<p>Love in a Muddle by Christine Jope-Slade is a classic work now available as a free public domain PDF download on Bookshelf. Part of Project Gutenberg's digital library of over 70 000 free ebooks.</p>,https://www.gutenberg.org/ebooks/49090.pdf.images,https://www.gutenberg.org/cache/epub/49090/pg49090.cover.medium.jpg,Free,#1a1a2e,#f5f1e8,#f59e0b,p-rings
My First Battle: A Sergeant's Story,A free public domain stoczek battle of poland 1831 book,Adam Mickiewicz,"Stoczek, battle of, poland, 1831",free,0,187,A classic stoczek battle of poland 1831 work by Adam Mickiewicz now available as a free public domain PDF. Originally published in the 19th–early 20th century this 187-page edition has been carefully formatted for modern screen and print reading.,<p>My First Battle: A Sergeant's Story by Adam Mickiewicz is a classic work now available as a free public domain PDF download on Bookshelf. Part of Project Gutenberg's digital library of over 70 000 free ebooks.</p>,https://www.gutenberg.org/files/28277/28277-pdf.pdf,https://www.gutenberg.org/cache/epub/28277/pg28277.cover.medium.jpg,Free,#0f2a43,#f5f1e8,#f59e0b,p-rings
The Gayton Scholarship: A School Story,A free public domain fiction book,Herbert Hayens,Fiction,free,0,314,A classic fiction work by Herbert Hayens now available as a free public domain PDF. Originally published in the 19th–early 20th century this 314-page edition has been carefully formatted for modern screen and print reading.,<p>The Gayton Scholarship: A School Story by Herbert Hayens is a classic work now available as a free public domain PDF download on Bookshelf. Part of Project Gutenberg's digital library of over 70 000 free ebooks.</p>,https://www.gutenberg.org/ebooks/46020.pdf.images,https://www.gutenberg.org/cache/epub/46020/pg46020.cover.medium.jpg,Free,#1a1a2e,#f5f1e8,#f59e0b,p-rings
A Greek Primer: For Beginners in New Testament Greek,A free public domain bible. new testament. greek book,Wallace N. (Wallace Nelson) Stearns,Bible. new testament. greek,free,0,323,A classic bible. new testament. greek work by Wallace N. (Wallace Nelson) Stearns now available as a free public domain PDF. Originally published in the 19th–early 20th century this 323-page edition has been carefully formatted for modern screen and print reading.,<p>A Greek Primer: For Beginners in New Testament Greek by Wallace N. (Wallace Nelson) Stearns is a classic work now available as a free public domain PDF download on Bookshelf. Part of Project Gutenberg's digital library of over 70 000 free ebooks.</p>,https://www.gutenberg.org/files/39292/39292-pdf.pdf,https://www.gutenberg.org/cache/epub/39292/pg39292.cover.medium.jpg,Free,#0f2a43,#f5f1e8,#f59e0b,p-rings
A Boy Scout's Courage,A free public domain fiction book,Edward Howard Griggs,Fiction,free,0,160,A classic fiction work by Edward Howard Griggs now available as a free public domain PDF. Originally published in the 19th–early 20th century this 160-page edition has been carefully formatted for modern screen and print reading.,<p>A Boy Scout's Courage by Edward Howard Griggs is a classic work now available as a free public domain PDF download on Bookshelf. Part of Project Gutenberg's digital library of over 70 000 free ebooks.</p>,https://www.gutenberg.org/ebooks/40015.pdf.images,https://www.gutenberg.org/cache/epub/40015/pg40015.cover.medium.jpg,Free,#1a1a2e,#f5f1e8,#f59e0b,p-rings
Peggy Parsons a Hampton Freshman,A free public domain fiction book,Annabel Sharp,Fiction,free,0,90,A classic fiction work by Annabel Sharp now available as a free public domain PDF. Originally published in the 19th–early 20th century this 90-page edition has been carefully formatted for modern screen and print reading.,<p>Peggy Parsons a Hampton Freshman by Annabel Sharp is a classic work now available as a free public domain PDF download on Bookshelf. Part of Project Gutenberg's digital library of over 70 000 free ebooks.</p>,https://www.gutenberg.org/ebooks/35729.pdf.images,https://www.gutenberg.org/cache/epub/35729/pg35729.cover.medium.jpg,Free,#1a1a2e,#f5f1e8,#f59e0b,p-rings
At the Councillor's; or A Nameless History,A free public domain fiction book,E. (Eugenie) Marlitt,Fiction,free,0,219,A classic fiction work by E. (Eugenie) Marlitt now available as a free public domain PDF. Originally published in the 19th–early 20th century this 219-page edition has been carefully formatted for modern screen and print reading.,<p>At the Councillor's; or A Nameless History by E. (Eugenie) Marlitt is a classic work now available as a free public domain PDF download on Bookshelf. Part of Project Gutenberg's digital library of over 70 000 free ebooks.</p>,https://www.gutenberg.org/ebooks/43393.pdf.images,https://www.gutenberg.org/cache/epub/43393/pg43393.cover.medium.jpg,Free,#1a1a2e,#f5f1e8,#f59e0b,p-rings
The Last Ditch,A free public domain fiction book,Will Levington Comfort,Fiction,free,0,144,A classic fiction work by Will Levington Comfort now available as a free public domain PDF. Originally published in the 19th–early 20th century this 144-page edition has been carefully formatted for modern screen and print reading.,<p>The Last Ditch by Will Levington Comfort is a classic work now available as a free public domain PDF download on Bookshelf. Part of Project Gutenberg's digital library of over 70 000 free ebooks.</p>,https://www.gutenberg.org/ebooks/46152.pdf.images,https://www.gutenberg.org/cache/epub/46152/pg46152.cover.medium.jpg,Free,#1a1a2e,#f5f1e8,#f59e0b,p-rings
The Light of Divine Guidance (Volume 2),A free public domain bahai faith book,Effendi Shoghi,Bahai faith,free,0,218,A classic bahai faith work by Effendi Shoghi now available as a free public domain PDF. Originally published in the 19th–early 20th century this 218-page edition has been carefully formatted for modern screen and print reading.,<p>The Light of Divine Guidance (Volume 2) by Effendi Shoghi is a classic work now available as a free public domain PDF download on Bookshelf. Part of Project Gutenberg's digital library of over 70 000 free ebooks.</p>,https://www.gutenberg.org/files/19245/19245-pdf.pdf,https://www.gutenberg.org/cache/epub/19245/pg19245.cover.medium.jpg,Free,#0f2a43,#f5f1e8,#f59e0b,p-rings
The Daffodil Fields,A free public domain poetry book,John Masefield,Poetry,free,0,177,A classic poetry work by John Masefield now available as a free public domain PDF. Originally published in the 19th–early 20th century this 177-page edition has been carefully formatted for modern screen and print reading.,<p>The Daffodil Fields by John Masefield is a classic work now available as a free public domain PDF download on Bookshelf. Part of Project Gutenberg's digital library of over 70 000 free ebooks.</p>,https://www.gutenberg.org/ebooks/41466.pdf.images,https://www.gutenberg.org/cache/epub/41466/pg41466.cover.medium.jpg,Free,#4a2b3d,#f5f1e8,#f59e0b,p-rings
Rhymes of the Rockies,A free public domain poetry book,James W. Whilt,Poetry,free,0,266,A classic poetry work by James W. Whilt now available as a free public domain PDF. Originally published in the 19th–early 20th century this 266-page edition has been carefully formatted for modern screen and print reading.,<p>Rhymes of the Rockies by James W. Whilt is a classic work now available as a free public domain PDF download on Bookshelf. Part of Project Gutenberg's digital library of over 70 000 free ebooks.</p>,https://www.gutenberg.org/ebooks/52951.pdf.images,https://www.gutenberg.org/cache/epub/52951/pg52951.cover.medium.jpg,Free,#4a2b3d,#f5f1e8,#f59e0b,p-rings
The Widow in the Bye Street,A free public domain poetry book,John Masefield,Poetry,free,0,243,A classic poetry work by John Masefield now available as a free public domain PDF. Originally published in the 19th–early 20th century this 243-page edition has been carefully formatted for modern screen and print reading.,<p>The Widow in the Bye Street by John Masefield is a classic work now available as a free public domain PDF download on Bookshelf. Part of Project Gutenberg's digital library of over 70 000 free ebooks.</p>,https://www.gutenberg.org/ebooks/41468.pdf.images,https://www.gutenberg.org/cache/epub/41468/pg41468.cover.medium.jpg,Free,#4a2b3d,#f5f1e8,#f59e0b,p-rings
Fires - Book 1: The Stone and Other Tales,A free public domain poetry book,Wilfrid Wilson Gibson,Poetry,free,0,308,A classic poetry work by Wilfrid Wilson Gibson now available as a free public domain PDF. Originally published in the 19th–early 20th century this 308-page edition has been carefully formatted for modern screen and print reading.,<p>Fires - Book 1: The Stone and Other Tales by Wilfrid Wilson Gibson is a classic work now available as a free public domain PDF download on Bookshelf. Part of Project Gutenberg's digital library of over 70 000 free ebooks.</p>,https://www.gutenberg.org/ebooks/42677.pdf.images,https://www.gutenberg.org/cache/epub/42677/pg42677.cover.medium.jpg,Free,#4a2b3d,#f5f1e8,#f59e0b,p-rings
The Boy Scouts to the Rescue,A free public domain fiction book,George Durston,Fiction,free,0,89,A classic fiction work by George Durston now available as a free public domain PDF. Originally published in the 19th–early 20th century this 89-page edition has been carefully formatted for modern screen and print reading.,<p>The Boy Scouts to the Rescue by George Durston is a classic work now available as a free public domain PDF download on Bookshelf. Part of Project Gutenberg's digital library of over 70 000 free ebooks.</p>,https://www.gutenberg.org/ebooks/45202.pdf.images,https://www.gutenberg.org/cache/epub/45202/pg45202.cover.medium.jpg,Free,#1a1a2e,#f5f1e8,#f59e0b,p-rings
Report on the Department of Ports and Harbours for the Year 1890-91,A free public domain harbors book,Australia. Queensland. Department of Ports and Harbours,Harbors,free,0,147,A classic harbors work by Australia. Queensland. Department of Ports and Harbours now available as a free public domain PDF. Originally published in the 19th–early 20th century this 147-page edition has been carefully formatted for modern screen and print reading.,<p>Report on the Department of Ports and Harbours for the Year 1890-91 by Australia. Queensland. Department of Ports and Harbours is a classic work now available as a free public domain PDF download on Bookshelf. Part of Project Gutenberg's digital library of over 70 000 free ebooks.</p>,https://www.gutenberg.org/files/24442/24442-pdf.pdf,https://www.gutenberg.org/cache/epub/24442/pg24442.cover.medium.jpg,Free,#0f2a43,#f5f1e8,#f59e0b,p-rings
Story of the Aeroplane,A free public domain history book,C. B. (Charles Burleigh) Galbreath,History,free,0,213,A classic history work by C. B. (Charles Burleigh) Galbreath now available as a free public domain PDF. Originally published in the 19th–early 20th century this 213-page edition has been carefully formatted for modern screen and print reading.,<p>Story of the Aeroplane by C. B. (Charles Burleigh) Galbreath is a classic work now available as a free public domain PDF download on Bookshelf. Part of Project Gutenberg's digital library of over 70 000 free ebooks.</p>,https://www.gutenberg.org/ebooks/38758.pdf.images,https://www.gutenberg.org/cache/epub/38758/pg38758.cover.medium.jpg,Free,#4a3728,#f5f1e8,#f59e0b,p-rings
The Everlasting Mercy,A free public domain poetry book,John Masefield,Poetry,free,0,161,A classic poetry work by John Masefield now available as a free public domain PDF. Originally published in the 19th–early 20th century this 161-page edition has been carefully formatted for modern screen and print reading.,<p>The Everlasting Mercy by John Masefield is a classic work now available as a free public domain PDF download on Bookshelf. Part of Project Gutenberg's digital library of over 70 000 free ebooks.</p>,https://www.gutenberg.org/ebooks/41467.pdf.images,https://www.gutenberg.org/cache/epub/41467/pg41467.cover.medium.jpg,Free,#4a2b3d,#f5f1e8,#f59e0b,p-rings
Sir Harry: A Love Story,A free public domain fiction book,Archibald Marshall,Fiction,free,0,290,A classic fiction work by Archibald Marshall now available as a free public domain PDF. Originally published in the 19th–early 20th century this 290-page edition has been carefully formatted for modern screen and print reading.,<p>Sir Harry: A Love Story by Archibald Marshall is a classic work now available as a free public domain PDF download on Bookshelf. Part of Project Gutenberg's digital library of over 70 000 free ebooks.</p>,https://www.gutenberg.org/ebooks/54673.pdf.images,https://www.gutenberg.org/cache/epub/54673/pg54673.cover.medium.jpg,Free,#1a1a2e,#f5f1e8,#f59e0b,p-rings
Security Risk,A free public domain fiction book,Ed M. Clinton,Fiction,free,0,225,A classic fiction work by Ed M. Clinton now available as a free public domain PDF. Originally published in the 19th–early 20th century this 225-page edition has been carefully formatted for modern screen and print reading.,<p>Security Risk by Ed M. Clinton is a classic work now available as a free public domain PDF download on Bookshelf. Part of Project Gutenberg's digital library of over 70 000 free ebooks.</p>,https://www.gutenberg.org/ebooks/35759.pdf.images,https://www.gutenberg.org/cache/epub/35759/pg35759.cover.medium.jpg,Free,#1a1a2e,#f5f1e8,#f59e0b,p-rings
Stand Fast Craig-Royston! (Volume II),A free public domain fiction book,William Black,Fiction,free,0,248,A classic fiction work by William Black now available as a free public domain PDF. Originally published in the 19th–early 20th century this 248-page edition has been carefully formatted for modern screen and print reading.,<p>Stand Fast Craig-Royston! (Volume II) by William Black is a classic work now available as a free public domain PDF download on Bookshelf. Part of Project Gutenberg's digital library of over 70 000 free ebooks.</p>,https://www.gutenberg.org/ebooks/42730.pdf.images,https://www.gutenberg.org/cache/epub/42730/pg42730.cover.medium.jpg,Free,#1a1a2e,#f5f1e8,#f59e0b,p-rings
John Herring: A West of England Romance. Volume 3 (of 3),A free public domain fiction book,S. (Sabine) Baring-Gould,Fiction,free,0,152,A classic fiction work by S. (Sabine) Baring-Gould now available as a free public domain PDF. Originally published in the 19th–early 20th century this 152-page edition has been carefully formatted for modern screen and print reading.,<p>John Herring: A West of England Romance. Volume 3 (of 3) by S. (Sabine) Baring-Gould is a classic work now available as a free public domain PDF download on Bookshelf. Part of Project Gutenberg's digital library of over 70 000 free ebooks.</p>,https://www.gutenberg.org/ebooks/54465.pdf.images,https://www.gutenberg.org/cache/epub/54465/pg54465.cover.medium.jpg,Free,#1a1a2e,#f5f1e8,#f59e0b,p-rings
Fires - Book 2: The Ovens and Other Tales,A free public domain poetry book,Wilfrid Wilson Gibson,Poetry,free,0,250,A classic poetry work by Wilfrid Wilson Gibson now available as a free public domain PDF. Originally published in the 19th–early 20th century this 250-page edition has been carefully formatted for modern screen and print reading.,<p>Fires - Book 2: The Ovens and Other Tales by Wilfrid Wilson Gibson is a classic work now available as a free public domain PDF download on Bookshelf. Part of Project Gutenberg's digital library of over 70 000 free ebooks.</p>,https://www.gutenberg.org/ebooks/42678.pdf.images,https://www.gutenberg.org/cache/epub/42678/pg42678.cover.medium.jpg,Free,#4a2b3d,#f5f1e8,#f59e0b,p-rings
Tor a Street Boy of Jerusalem,A free public domain fiction book,Florence Morse Kingsley,Fiction,free,0,95,A classic fiction work by Florence Morse Kingsley now available as a free public domain PDF. Originally published in the 19th–early 20th century this 95-page edition has been carefully formatted for modern screen and print reading.,<p>Tor a Street Boy of Jerusalem by Florence Morse Kingsley is a classic work now available as a free public domain PDF download on Bookshelf. Part of Project Gutenberg's digital library of over 70 000 free ebooks.</p>,https://www.gutenberg.org/files/54523/54523-pdf.pdf,https://www.gutenberg.org/cache/epub/54523/pg54523.cover.medium.jpg,Free,#1a1a2e,#f5f1e8,#f59e0b,p-rings
Topics on Tournaments,A free public domain tournaments (graph theory) book,John W. Moon,Tournaments (graph theory),free,0,282,A classic tournaments (graph theory) work by John W. Moon now available as a free public domain PDF. Originally published in the 19th–early 20th century this 282-page edition has been carefully formatted for modern screen and print reading.,<p>Topics on Tournaments by John W. Moon is a classic work now available as a free public domain PDF download on Bookshelf. Part of Project Gutenberg's digital library of over 70 000 free ebooks.</p>,https://www.gutenberg.org/files/42833/42833-pdf.pdf,https://www.gutenberg.org/cache/epub/42833/pg42833.cover.medium.jpg,Free,#0f2a43,#f5f1e8,#f59e0b,p-rings
The Christian Foundation Or Scientific and Religious Journal April 1880,A free public domain science book,Various,Science,free,0,166,A classic science work by Various now available as a free public domain PDF. Originally published in the 19th–early 20th century this 166-page edition has been carefully formatted for modern screen and print reading.,<p>The Christian Foundation Or Scientific and Religious Journal April 1880 by Various is a classic work now available as a free public domain PDF download on Bookshelf. Part of Project Gutenberg's digital library of over 70 000 free ebooks.</p>,https://www.gutenberg.org/files/28126/28126-pdf.pdf,https://www.gutenberg.org/cache/epub/28126/pg28126.cover.medium.jpg,Free,#1e3a5f,#f5f1e8,#f59e0b,p-rings
Railway Shop Up to Date: A Reference Book of Up to Date American Railway Shop Practices,A free public domain railroad repair shops book,Unknown Author,Railroad repair shops,free,0,308,A classic railroad repair shops work by Unknown Author now available as a free public domain PDF. Originally published in the 19th–early 20th century this 308-page edition has been carefully formatted for modern screen and print reading.,<p>Railway Shop Up to Date: A Reference Book of Up to Date American Railway Shop Practices by Unknown Author is a classic work now available as a free public domain PDF download on Bookshelf. Part of Project Gutenberg's digital library of over 70 000 free ebooks.</p>,https://www.gutenberg.org/files/12148/12148-pdf/12148-pdf-part01.pdf,https://www.gutenberg.org/cache/epub/12148/pg12148.cover.medium.jpg,Free,#0f2a43,#f5f1e8,#f59e0b,p-rings
Stop Look and Dig,A free public domain fiction book,George O. (George Oliver) Smith,Fiction,free,0,310,A classic fiction work by George O. (George Oliver) Smith now available as a free public domain PDF. Originally published in the 19th–early 20th century this 310-page edition has been carefully formatted for modern screen and print reading.,<p>Stop Look and Dig by George O. (George Oliver) Smith is a classic work now available as a free public domain PDF download on Bookshelf. Part of Project Gutenberg's digital library of over 70 000 free ebooks.</p>,https://www.gutenberg.org/files/19963/19963-pdf.pdf,https://www.gutenberg.org/cache/epub/19963/pg19963.cover.medium.jpg,Free,#1a1a2e,#f5f1e8,#f59e0b,p-rings
Plain Words for Christ Being a Series of Readings for Working Men,A free public domain religion book,Reginald G. Dutton,Religion,free,0,294,A classic religion work by Reginald G. Dutton now available as a free public domain PDF. Originally published in the 19th–early 20th century this 294-page edition has been carefully formatted for modern screen and print reading.,<p>Plain Words for Christ Being a Series of Readings for Working Men by Reginald G. Dutton is a classic work now available as a free public domain PDF download on Bookshelf. Part of Project Gutenberg's digital library of over 70 000 free ebooks.</p>,https://www.gutenberg.org/ebooks/29080.pdf.images,https://www.gutenberg.org/cache/epub/29080/pg29080.cover.medium.jpg,Free,#4a4a2b,#f5f1e8,#f59e0b,p-rings
Daisy Thornton,A free public domain fiction book,Mary Jane Holmes,Fiction,free,0,141,A classic fiction work by Mary Jane Holmes now available as a free public domain PDF. Originally published in the 19th–early 20th century this 141-page edition has been carefully formatted for modern screen and print reading.,<p>Daisy Thornton by Mary Jane Holmes is a classic work now available as a free public domain PDF download on Bookshelf. Part of Project Gutenberg's digital library of over 70 000 free ebooks.</p>,https://www.gutenberg.org/ebooks/37467.pdf.images,https://www.gutenberg.org/cache/epub/37467/pg37467.cover.medium.jpg,Free,#1a1a2e,#f5f1e8,#f59e0b,p-rings
Irish Ecclesiastical Record Volume 1 May 1865,A free public domain catholic church book,Unknown Author,Catholic church,free,0,187,A classic catholic church work by Unknown Author now available as a free public domain PDF. Originally published in the 19th–early 20th century this 187-page edition has been carefully formatted for modern screen and print reading.,<p>Irish Ecclesiastical Record Volume 1 May 1865 by Unknown Author is a classic work now available as a free public domain PDF download on Bookshelf. Part of Project Gutenberg's digital library of over 70 000 free ebooks.</p>,https://www.gutenberg.org/files/39226/39226-pdf.pdf,https://www.gutenberg.org/cache/epub/39226/pg39226.cover.medium.jpg,Free,#0f2a43,#f5f1e8,#f59e0b,p-rings
William—An Englishman,A free public domain fiction book,Cicely Hamilton,Fiction,free,0,326,A classic fiction work by Cicely Hamilton now available as a free public domain PDF. Originally published in the 19th–early 20th century this 326-page edition has been carefully formatted for modern screen and print reading.,<p>William—An Englishman by Cicely Hamilton is a classic work now available as a free public domain PDF download on Bookshelf. Part of Project Gutenberg's digital library of over 70 000 free ebooks.</p>,https://www.gutenberg.org/ebooks/53032.pdf.images,https://www.gutenberg.org/cache/epub/53032/pg53032.cover.medium.jpg,Free,#1a1a2e,#f5f1e8,#f59e0b,p-rings
Hyperbolic Functions,A free public domain exponential functions book,James McMahon,Exponential functions,free,0,276,A classic exponential functions work by James McMahon now available as a free public domain PDF. Originally published in the 19th–early 20th century this 276-page edition has been carefully formatted for modern screen and print reading.,<p>Hyperbolic Functions by James McMahon is a classic work now available as a free public domain PDF download on Bookshelf. Part of Project Gutenberg's digital library of over 70 000 free ebooks.</p>,https://www.gutenberg.org/files/13692/13692-pdf.pdf,https://www.gutenberg.org/cache/epub/13692/pg13692.cover.medium.jpg,Free,#0f2a43,#f5f1e8,#f59e0b,p-rings
Brotherly House,A free public domain fiction book,Grace S. (Grace Smith) Richmond,Fiction,free,0,287,A classic fiction work by Grace S. (Grace Smith) Richmond now available as a free public domain PDF. Originally published in the 19th–early 20th century this 287-page edition has been carefully formatted for modern screen and print reading.,<p>Brotherly House by Grace S. (Grace Smith) Richmond is a classic work now available as a free public domain PDF download on Bookshelf. Part of Project Gutenberg's digital library of over 70 000 free ebooks.</p>,https://www.gutenberg.org/ebooks/53402.pdf.images,https://www.gutenberg.org/cache/epub/53402/pg53402.cover.medium.jpg,Free,#1a1a2e,#f5f1e8,#f59e0b,p-rings
Intercession: A Sermon Preached by the Rev. B. N. Michelson B.A.,A free public domain jewish sermons book,B. N. Michelson,Jewish sermons,free,0,132,A classic jewish sermons work by B. N. Michelson now available as a free public domain PDF. Originally published in the 19th–early 20th century this 132-page edition has been carefully formatted for modern screen and print reading.,<p>Intercession: A Sermon Preached by the Rev. B. N. Michelson B.A. by B. N. Michelson is a classic work now available as a free public domain PDF download on Bookshelf. Part of Project Gutenberg's digital library of over 70 000 free ebooks.</p>,https://www.gutenberg.org/files/26328/26328-pdf.pdf,https://www.gutenberg.org/cache/epub/26328/pg26328.cover.medium.jpg,Free,#0f2a43,#f5f1e8,#f59e0b,p-rings
The Last of Their Race,A free public domain fiction book,Annie S. Swan,Fiction,free,0,164,A classic fiction work by Annie S. Swan now available as a free public domain PDF. Originally published in the 19th–early 20th century this 164-page edition has been carefully formatted for modern screen and print reading.,<p>The Last of Their Race by Annie S. Swan is a classic work now available as a free public domain PDF download on Bookshelf. Part of Project Gutenberg's digital library of over 70 000 free ebooks.</p>,https://www.gutenberg.org/ebooks/42926.pdf.images,https://www.gutenberg.org/cache/epub/42926/pg42926.cover.medium.jpg,Free,#1a1a2e,#f5f1e8,#f59e0b,p-rings
Vaiti of the Islands,A free public domain fiction book,Beatrice Grimshaw,Fiction,free,0,190,A classic fiction work by Beatrice Grimshaw now available as a free public domain PDF. Originally published in the 19th–early 20th century this 190-page edition has been carefully formatted for modern screen and print reading.,<p>Vaiti of the Islands by Beatrice Grimshaw is a classic work now available as a free public domain PDF download on Bookshelf. Part of Project Gutenberg's digital library of over 70 000 free ebooks.</p>,https://www.gutenberg.org/ebooks/50663.pdf.images,https://www.gutenberg.org/cache/epub/50663/pg50663.cover.medium.jpg,Free,#1a1a2e,#f5f1e8,#f59e0b,p-rings
Mr. Wycherly's Wards,A free public domain fiction book,L. Allen (Lizzie Allen) Harker,Fiction,free,0,102,A classic fiction work by L. Allen (Lizzie Allen) Harker now available as a free public domain PDF. Originally published in the 19th–early 20th century this 102-page edition has been carefully formatted for modern screen and print reading.,<p>Mr. Wycherly's Wards by L. Allen (Lizzie Allen) Harker is a classic work now available as a free public domain PDF download on Bookshelf. Part of Project Gutenberg's digital library of over 70 000 free ebooks.</p>,https://www.gutenberg.org/ebooks/54418.pdf.images,https://www.gutenberg.org/cache/epub/54418/pg54418.cover.medium.jpg,Free,#1a1a2e,#f5f1e8,#f59e0b,p-rings
Theme from Mozart's Piano Sonata in A major K.331: Arranged for Solo Guitar,A free public domain music book,Unknown Author,Music,free,0,241,A classic music work by Unknown Author now available as a free public domain PDF. Originally published in the 19th–early 20th century this 241-page edition has been carefully formatted for modern screen and print reading.,<p>Theme from Mozart's Piano Sonata in A major K.331: Arranged for Solo Guitar by Unknown Author is a classic work now available as a free public domain PDF download on Bookshelf. Part of Project Gutenberg's digital library of over 70 000 free ebooks.</p>,https://www.gutenberg.org/files/17423/17423-pdf/17423-pdf.pdf,https://www.gutenberg.org/cache/epub/17423/pg17423.cover.medium.jpg,Free,#0f2a43,#f5f1e8,#f59e0b,p-rings
Chinese Diamonds for the King of Kings,A free public domain missions book,Rosalind Goforth,Missions,free,0,323,A classic missions work by Rosalind Goforth now available as a free public domain PDF. Originally published in the 19th–early 20th century this 323-page edition has been carefully formatted for modern screen and print reading.,<p>Chinese Diamonds for the King of Kings by Rosalind Goforth is a classic work now available as a free public domain PDF download on Bookshelf. Part of Project Gutenberg's digital library of over 70 000 free ebooks.</p>,https://www.gutenberg.org/ebooks/43514.pdf.images,https://www.gutenberg.org/cache/epub/43514/pg43514.cover.medium.jpg,Free,#0f2a43,#f5f1e8,#f59e0b,p-rings
White Wings: A Yachting Romance Volume II,A free public domain fiction book,William Black,Fiction,free,0,87,A classic fiction work by William Black now available as a free public domain PDF. Originally published in the 19th–early 20th century this 87-page edition has been carefully formatted for modern screen and print reading.,<p>White Wings: A Yachting Romance Volume II by William Black is a classic work now available as a free public domain PDF download on Bookshelf. Part of Project Gutenberg's digital library of over 70 000 free ebooks.</p>,https://www.gutenberg.org/ebooks/43829.pdf.images,https://www.gutenberg.org/cache/epub/43829/pg43829.cover.medium.jpg,Free,#1a1a2e,#f5f1e8,#f59e0b,p-rings
Brite and Fair,A free public domain fiction book,Henry A. (Henry Augustus) Shute,Fiction,free,0,187,A classic fiction work by Henry A. (Henry Augustus) Shute now available as a free public domain PDF. Originally published in the 19th–early 20th century this 187-page edition has been carefully formatted for modern screen and print reading.,<p>Brite and Fair by Henry A. (Henry Augustus) Shute is a classic work now available as a free public domain PDF download on Bookshelf. Part of Project Gutenberg's digital library of over 70 000 free ebooks.</p>,https://www.gutenberg.org/files/26335/26335-pdf.pdf,https://www.gutenberg.org/cache/epub/26335/pg26335.cover.medium.jpg,Free,#1a1a2e,#f5f1e8,#f59e0b,p-rings
Found at Last: the Veritable Garden of Eden: Or a place that answers the Bible description of the notable spot better th,A free public domain travel book,D. O. (David Oyer) Van Slyke,Travel,free,0,263,A classic travel work by D. O. (David Oyer) Van Slyke now available as a free public domain PDF. Originally published in the 19th–early 20th century this 263-page edition has been carefully formatted for modern screen and print reading.,<p>Found at Last: the Veritable Garden of Eden: Or a place that answers the Bible description of the notable spot better than anything yet discovered by D. O. (David Oyer) Van Slyke is a classic work now available as a free public domain PDF download on Bookshelf. Part of Project Gutenberg's digital library of over 70 000 free ebooks.</p>,https://www.gutenberg.org/files/40051/40051-pdf.pdf,https://www.gutenberg.org/cache/epub/40051/pg40051.cover.medium.jpg,Free,#2b4a4a,#f5f1e8,#f59e0b,p-rings
Stand Fast Craig-Royston! (Volume III),A free public domain fiction book,William Black,Fiction,free,0,90,A classic fiction work by William Black now available as a free public domain PDF. Originally published in the 19th–early 20th century this 90-page edition has been carefully formatted for modern screen and print reading.,<p>Stand Fast Craig-Royston! (Volume III) by William Black is a classic work now available as a free public domain PDF download on Bookshelf. Part of Project Gutenberg's digital library of over 70 000 free ebooks.</p>,https://www.gutenberg.org/ebooks/42731.pdf.images,https://www.gutenberg.org/cache/epub/42731/pg42731.cover.medium.jpg,Free,#1a1a2e,#f5f1e8,#f59e0b,p-rings
Eternal Father Strong to Save: a.k.a. Navy Hymn,A free public domain hymn tunes book,John Bacchus Dykes,Hymn tunes,free,0,242,A classic hymn tunes work by John Bacchus Dykes now available as a free public domain PDF. Originally published in the 19th–early 20th century this 242-page edition has been carefully formatted for modern screen and print reading.,<p>Eternal Father Strong to Save: a.k.a. Navy Hymn by John Bacchus Dykes is a classic work now available as a free public domain PDF download on Bookshelf. Part of Project Gutenberg's digital library of over 70 000 free ebooks.</p>,https://www.gutenberg.org/files/17424/17424-pdf/17424-pdf.pdf,https://www.gutenberg.org/cache/epub/17424/pg17424.cover.medium.jpg,Free,#0f2a43,#f5f1e8,#f59e0b,p-rings
Space Time and Gravitation: An Outline of the General Relativity Theory,A free public domain gravitation book,Sir Arthur Stanley Eddington,Gravitation,free,0,314,A classic gravitation work by Sir Arthur Stanley Eddington now available as a free public domain PDF. Originally published in the 19th–early 20th century this 314-page edition has been carefully formatted for modern screen and print reading.,<p>Space Time and Gravitation: An Outline of the General Relativity Theory by Sir Arthur Stanley Eddington is a classic work now available as a free public domain PDF download on Bookshelf. Part of Project Gutenberg's digital library of over 70 000 free ebooks.</p>,https://www.gutenberg.org/files/29782/29782-pdf.pdf,https://www.gutenberg.org/cache/epub/29782/pg29782.cover.medium.jpg,Free,#0f2a43,#f5f1e8,#f59e0b,p-rings
John Herring: A West of England Romance. Volume 2 (of 3),A free public domain fiction book,S. (Sabine) Baring-Gould,Fiction,free,0,81,A classic fiction work by S. (Sabine) Baring-Gould now available as a free public domain PDF. Originally published in the 19th–early 20th century this 81-page edition has been carefully formatted for modern screen and print reading.,<p>John Herring: A West of England Romance. Volume 2 (of 3) by S. (Sabine) Baring-Gould is a classic work now available as a free public domain PDF download on Bookshelf. Part of Project Gutenberg's digital library of over 70 000 free ebooks.</p>,https://www.gutenberg.org/ebooks/54464.pdf.images,https://www.gutenberg.org/cache/epub/54464/pg54464.cover.medium.jpg,Free,#1a1a2e,#f5f1e8,#f59e0b,p-rings
Oh Little Town of Bethlehem,A free public domain music book,Lewis Redner,Music,free,0,126,A classic music work by Lewis Redner now available as a free public domain PDF. Originally published in the 19th–early 20th century this 126-page edition has been carefully formatted for modern screen and print reading.,<p>Oh Little Town of Bethlehem by Lewis Redner is a classic work now available as a free public domain PDF download on Bookshelf. Part of Project Gutenberg's digital library of over 70 000 free ebooks.</p>,https://www.gutenberg.org/files/18608/18608-pdf/18608-pdf.pdf,https://www.gutenberg.org/cache/epub/18608/pg18608.cover.medium.jpg,Free,#0f2a43,#f5f1e8,#f59e0b,p-rings
Emperor Quartet op.76 no.3. 2nd movement: Arranged for solo guitar,A free public domain music book,Joseph Haydn,Music,free,0,264,A classic music work by Joseph Haydn now available as a free public domain PDF. Originally published in the 19th–early 20th century this 264-page edition has been carefully formatted for modern screen and print reading.,<p>Emperor Quartet op.76 no.3. 2nd movement: Arranged for solo guitar by Joseph Haydn is a classic work now available as a free public domain PDF download on Bookshelf. Part of Project Gutenberg's digital library of over 70 000 free ebooks.</p>,https://www.gutenberg.org/files/17421/17421-pdf/17421-pdf.pdf,https://www.gutenberg.org/cache/epub/17421/pg17421.cover.medium.jpg,Free,#0f2a43,#f5f1e8,#f59e0b,p-rings
A Textbook of General Astronomy for Colleges and Scientific Schools,A free public domain astronomy book,Charles A. (Charles Augustus) Young,Astronomy,free,0,164,A classic astronomy work by Charles A. (Charles Augustus) Young now available as a free public domain PDF. Originally published in the 19th–early 20th century this 164-page edition has been carefully formatted for modern screen and print reading.,<p>A Textbook of General Astronomy for Colleges and Scientific Schools by Charles A. (Charles Augustus) Young is a classic work now available as a free public domain PDF download on Bookshelf. Part of Project Gutenberg's digital library of over 70 000 free ebooks.</p>,https://www.gutenberg.org/files/37275/37275-pdf.pdf,https://www.gutenberg.org/cache/epub/37275/pg37275.cover.medium.jpg,Free,#0f2a43,#f5f1e8,#f59e0b,p-rings
NorthWestNet User Services Internet Resource Guide (NUSIRG),A free public domain internet book,Jonathan Kochmer,Internet,free,0,280,A classic internet work by Jonathan Kochmer now available as a free public domain PDF. Originally published in the 19th–early 20th century this 280-page edition has been carefully formatted for modern screen and print reading.,<p>NorthWestNet User Services Internet Resource Guide (NUSIRG) by Jonathan Kochmer is a classic work now available as a free public domain PDF download on Bookshelf. Part of Project Gutenberg's digital library of over 70 000 free ebooks.</p>,https://www.gutenberg.org/files/40/40-pdf.pdf,https://www.gutenberg.org/cache/epub/40/pg40.cover.medium.jpg,Free,#0f2a43,#f5f1e8,#f59e0b,p-rings
By Canadian Streams,A free public domain history book,Lawrence J. (Lawrence Johnstone) Burpee,History,free,0,154,A classic history work by Lawrence J. (Lawrence Johnstone) Burpee now available as a free public domain PDF. Originally published in the 19th–early 20th century this 154-page edition has been carefully formatted for modern screen and print reading.,<p>By Canadian Streams by Lawrence J. (Lawrence Johnstone) Burpee is a classic work now available as a free public domain PDF download on Bookshelf. Part of Project Gutenberg's digital library of over 70 000 free ebooks.</p>,https://www.gutenberg.org/ebooks/38933.pdf.images,https://www.gutenberg.org/cache/epub/38933/pg38933.cover.medium.jpg,Free,#4a3728,#f5f1e8,#f59e0b,p-rings
Matins,A free public domain poetry book,Francis Sherman,Poetry,free,0,96,A classic poetry work by Francis Sherman now available as a free public domain PDF. Originally published in the 19th–early 20th century this 96-page edition has been carefully formatted for modern screen and print reading.,<p>Matins by Francis Sherman is a classic work now available as a free public domain PDF download on Bookshelf. Part of Project Gutenberg's digital library of over 70 000 free ebooks.</p>,https://www.gutenberg.org/ebooks/42668.pdf.images,https://www.gutenberg.org/cache/epub/42668/pg42668.cover.medium.jpg,Free,#4a2b3d,#f5f1e8,#f59e0b,p-rings
Red Spider Volume 2 (of 2),A free public domain fiction book,S. (Sabine) Baring-Gould,Fiction,free,0,327,A classic fiction work by S. (Sabine) Baring-Gould now available as a free public domain PDF. Originally published in the 19th–early 20th century this 327-page edition has been carefully formatted for modern screen and print reading.,<p>Red Spider Volume 2 (of 2) by S. (Sabine) Baring-Gould is a classic work now available as a free public domain PDF download on Bookshelf. Part of Project Gutenberg's digital library of over 70 000 free ebooks.</p>,https://www.gutenberg.org/ebooks/54375.pdf.images,https://www.gutenberg.org/cache/epub/54375/pg54375.cover.medium.jpg,Free,#1a1a2e,#f5f1e8,#f59e0b,p-rings
The Rhymer,A free public domain fiction book,Allan McAulay,Fiction,free,0,281,A classic fiction work by Allan McAulay now available as a free public domain PDF. Originally published in the 19th–early 20th century this 281-page edition has been carefully formatted for modern screen and print reading.,<p>The Rhymer by Allan McAulay is a classic work now available as a free public domain PDF download on Bookshelf. Part of Project Gutenberg's digital library of over 70 000 free ebooks.</p>,https://www.gutenberg.org/ebooks/55399.pdf.images,https://www.gutenberg.org/cache/epub/55399/pg55399.cover.medium.jpg,Free,#1a1a2e,#f5f1e8,#f59e0b,p-rings
Manufacturing Cost Data on Artificial Ice,A free public domain ice book,Otto Luhr,Ice,free,0,186,A classic ice work by Otto Luhr now available as a free public domain PDF. Originally published in the 19th–early 20th century this 186-page edition has been carefully formatted for modern screen and print reading.,<p>Manufacturing Cost Data on Artificial Ice by Otto Luhr is a classic work now available as a free public domain PDF download on Bookshelf. Part of Project Gutenberg's digital library of over 70 000 free ebooks.</p>,https://www.gutenberg.org/files/29375/29375-pdf.pdf,https://www.gutenberg.org/cache/epub/29375/pg29375.cover.medium.jpg,Free,#0f2a43,#f5f1e8,#f59e0b,p-rings
Fires - Book 3: The Hare and Other Tales,A free public domain poetry book,Wilfrid Wilson Gibson,Poetry,free,0,278,A classic poetry work by Wilfrid Wilson Gibson now available as a free public domain PDF. Originally published in the 19th–early 20th century this 278-page edition has been carefully formatted for modern screen and print reading.,<p>Fires - Book 3: The Hare and Other Tales by Wilfrid Wilson Gibson is a classic work now available as a free public domain PDF download on Bookshelf. Part of Project Gutenberg's digital library of over 70 000 free ebooks.</p>,https://www.gutenberg.org/ebooks/42679.pdf.images,https://www.gutenberg.org/cache/epub/42679/pg42679.cover.medium.jpg,Free,#4a2b3d,#f5f1e8,#f59e0b,p-rings
Some Adventures of Mr. Surelock Keys,A free public domain fiction book,Herbert Beeman,Fiction,free,0,277,A classic fiction work by Herbert Beeman now available as a free public domain PDF. Originally published in the 19th–early 20th century this 277-page edition has been carefully formatted for modern screen and print reading.,<p>Some Adventures of Mr. Surelock Keys by Herbert Beeman is a classic work now available as a free public domain PDF download on Bookshelf. Part of Project Gutenberg's digital library of over 70 000 free ebooks.</p>,https://www.gutenberg.org/ebooks/47368.pdf.images,https://www.gutenberg.org/cache/epub/47368/pg47368.cover.medium.jpg,Free,#1a1a2e,#f5f1e8,#f59e0b,p-rings
Diophantine Analysis,A free public domain diophantine analysis book,R. D. (Robert Daniel) Carmichael,Diophantine analysis,free,0,186,A classic diophantine analysis work by R. D. (Robert Daniel) Carmichael now available as a free public domain PDF. Originally published in the 19th–early 20th century this 186-page edition has been carefully formatted for modern screen and print reading.,<p>Diophantine Analysis by R. D. (Robert Daniel) Carmichael is a classic work now available as a free public domain PDF download on Bookshelf. Part of Project Gutenberg's digital library of over 70 000 free ebooks.</p>,https://www.gutenberg.org/files/20073/20073-pdf.pdf,https://www.gutenberg.org/cache/epub/20073/pg20073.cover.medium.jpg,Free,#0f2a43,#f5f1e8,#f59e0b,p-rings
Mollie's Substitute Husband,A free public domain fiction book,Max McConn,Fiction,free,0,89,A classic fiction work by Max McConn now available as a free public domain PDF. Originally published in the 19th–early 20th century this 89-page edition has been carefully formatted for modern screen and print reading.,<p>Mollie's Substitute Husband by Max McConn is a classic work now available as a free public domain PDF download on Bookshelf. Part of Project Gutenberg's digital library of over 70 000 free ebooks.</p>,https://www.gutenberg.org/ebooks/48626.pdf.images,https://www.gutenberg.org/cache/epub/48626/pg48626.cover.medium.jpg,Free,#1a1a2e,#f5f1e8,#f59e0b,p-rings
The Irish Ecclesiastical Record Volume 1 July 1865,A free public domain catholic church book,Unknown Author,Catholic church,free,0,110,A classic catholic church work by Unknown Author now available as a free public domain PDF. Originally published in the 19th–early 20th century this 110-page edition has been carefully formatted for modern screen and print reading.,<p>The Irish Ecclesiastical Record Volume 1 July 1865 by Unknown Author is a classic work now available as a free public domain PDF download on Bookshelf. Part of Project Gutenberg's digital library of over 70 000 free ebooks.</p>,https://www.gutenberg.org/files/39098/39098-pdf.pdf,https://www.gutenberg.org/cache/epub/39098/pg39098.cover.medium.jpg,Free,#0f2a43,#f5f1e8,#f59e0b,p-rings
The boy nihilist : $b or Young America in Russia,A free public domain fiction book,Allan Arnold,Fiction,free,0,200,A classic fiction work by Allan Arnold now available as a free public domain PDF. Originally published in the 19th–early 20th century this 200-page edition has been carefully formatted for modern screen and print reading.,<p>The boy nihilist : $b or Young America in Russia by Allan Arnold is a classic work now available as a free public domain PDF download on Bookshelf. Part of Project Gutenberg's digital library of over 70 000 free ebooks.</p>,https://www.gutenberg.org/files/23094/23094-pdf.pdf,https://www.gutenberg.org/cache/epub/23094/pg23094.cover.medium.jpg,Free,#1a1a2e,#f5f1e8,#f59e0b,p-rings
White Motley: A Novel,A free public domain fiction book,Max Pemberton,Fiction,free,0,302,A classic fiction work by Max Pemberton now available as a free public domain PDF. Originally published in the 19th–early 20th century this 302-page edition has been carefully formatted for modern screen and print reading.,<p>White Motley: A Novel by Max Pemberton is a classic work now available as a free public domain PDF download on Bookshelf. Part of Project Gutenberg's digital library of over 70 000 free ebooks.</p>,https://www.gutenberg.org/ebooks/54674.pdf.images,https://www.gutenberg.org/cache/epub/54674/pg54674.cover.medium.jpg,Free,#1a1a2e,#f5f1e8,#f59e0b,p-rings
Stand Fast Craig-Royston! (Volume I),A free public domain fiction book,William Black,Fiction,free,0,307,A classic fiction work by William Black now available as a free public domain PDF. Originally published in the 19th–early 20th century this 307-page edition has been carefully formatted for modern screen and print reading.,<p>Stand Fast Craig-Royston! (Volume I) by William Black is a classic work now available as a free public domain PDF download on Bookshelf. Part of Project Gutenberg's digital library of over 70 000 free ebooks.</p>,https://www.gutenberg.org/ebooks/42729.pdf.images,https://www.gutenberg.org/cache/epub/42729/pg42729.cover.medium.jpg,Free,#1a1a2e,#f5f1e8,#f59e0b,p-rings
The twins in the South,A free public domain fiction book,Dorothy Whitehill,Fiction,free,0,250,A classic fiction work by Dorothy Whitehill now available as a free public domain PDF. Originally published in the 19th–early 20th century this 250-page edition has been carefully formatted for modern screen and print reading.,<p>The twins in the South by Dorothy Whitehill is a classic work now available as a free public domain PDF download on Bookshelf. Part of Project Gutenberg's digital library of over 70 000 free ebooks.</p>,https://www.gutenberg.org/ebooks/38834.pdf.images,https://www.gutenberg.org/cache/epub/38834/pg38834.cover.medium.jpg,Free,#1a1a2e,#f5f1e8,#f59e0b,p-rings
Unmanned,A free public domain poetry book,Stephen Oliver,Poetry,free,0,303,A classic poetry work by Stephen Oliver now available as a free public domain PDF. Originally published in the 19th–early 20th century this 303-page edition has been carefully formatted for modern screen and print reading.,<p>Unmanned by Stephen Oliver is a classic work now available as a free public domain PDF download on Bookshelf. Part of Project Gutenberg's digital library of over 70 000 free ebooks.</p>,https://www.gutenberg.org/files/13081/13081-pdf.pdf,https://www.gutenberg.org/files/13081/13081-coverpage.jpg,Free,#4a2b3d,#f5f1e8,#f59e0b,p-rings
On Riemann's Theory of Algebraic Functions and their Integrals: A Supplement to the Usual Treatises,A free public domain functions book,Felix Klein,Functions,free,0,148,A classic functions work by Felix Klein now available as a free public domain PDF. Originally published in the 19th–early 20th century this 148-page edition has been carefully formatted for modern screen and print reading.,<p>On Riemann's Theory of Algebraic Functions and their Integrals: A Supplement to the Usual Treatises by Felix Klein is a classic work now available as a free public domain PDF download on Bookshelf. Part of Project Gutenberg's digital library of over 70 000 free ebooks.</p>,https://www.gutenberg.org/files/36959/36959-pdf.pdf,https://www.gutenberg.org/cache/epub/36959/pg36959.cover.medium.jpg,Free,#0f2a43,#f5f1e8,#f59e0b,p-rings
The Theory of Numbers,A free public domain number theory book,R. D. (Robert Daniel) Carmichael,Number theory,free,0,186,A classic number theory work by R. D. (Robert Daniel) Carmichael now available as a free public domain PDF. Originally published in the 19th–early 20th century this 186-page edition has been carefully formatted for modern screen and print reading.,<p>The Theory of Numbers by R. D. (Robert Daniel) Carmichael is a classic work now available as a free public domain PDF download on Bookshelf. Part of Project Gutenberg's digital library of over 70 000 free ebooks.</p>,https://www.gutenberg.org/files/13693/13693-pdf.pdf,https://www.gutenberg.org/cache/epub/13693/pg13693.cover.medium.jpg,Free,#0f2a43,#f5f1e8,#f59e0b,p-rings
Hark! The Herald Angels Sing,A free public domain music book,Felix Mendelssohn-Bartholdy,Music,free,0,322,A classic music work by Felix Mendelssohn-Bartholdy now available as a free public domain PDF. Originally published in the 19th–early 20th century this 322-page edition has been carefully formatted for modern screen and print reading.,<p>Hark! The Herald Angels Sing by Felix Mendelssohn-Bartholdy is a classic work now available as a free public domain PDF download on Bookshelf. Part of Project Gutenberg's digital library of over 70 000 free ebooks.</p>,https://www.gutenberg.org/files/18609/18609-pdf/18609-pdf.pdf,https://www.gutenberg.org/cache/epub/18609/pg18609.cover.medium.jpg,Free,#0f2a43,#f5f1e8,#f59e0b,p-rings
The Retreat from Mons,A free public domain world war 1914-1918 book,George Stuart Gordon,"World war, 1914-1918",free,0,156,A classic world war 1914-1918 work by George Stuart Gordon now available as a free public domain PDF. Originally published in the 19th–early 20th century this 156-page edition has been carefully formatted for modern screen and print reading.,<p>The Retreat from Mons by George Stuart Gordon is a classic work now available as a free public domain PDF download on Bookshelf. Part of Project Gutenberg's digital library of over 70 000 free ebooks.</p>,https://www.gutenberg.org/ebooks/46210.pdf.images,https://www.gutenberg.org/cache/epub/46210/pg46210.cover.medium.jpg,Free,#0f2a43,#f5f1e8,#f59e0b,p-rings
You'll git dar in de mornin',A free public domain music book,H. T. (Harry Thacker) Burleigh,Music,free,0,304,A classic music work by H. T. (Harry Thacker) Burleigh now available as a free public domain PDF. Originally published in the 19th–early 20th century this 304-page edition has been carefully formatted for modern screen and print reading.,<p>You'll git dar in de mornin' by H. T. (Harry Thacker) Burleigh is a classic work now available as a free public domain PDF download on Bookshelf. Part of Project Gutenberg's digital library of over 70 000 free ebooks.</p>,https://www.gutenberg.org/files/19394/19394-pdf.pdf,https://www.gutenberg.org/cache/epub/19394/pg19394.cover.medium.jpg,Free,#0f2a43,#f5f1e8,#f59e0b,p-rings
In Memorabilia Mortis,A free public domain poetry book,Francis Sherman,Poetry,free,0,193,A classic poetry work by Francis Sherman now available as a free public domain PDF. Originally published in the 19th–early 20th century this 193-page edition has been carefully formatted for modern screen and print reading.,<p>In Memorabilia Mortis by Francis Sherman is a classic work now available as a free public domain PDF download on Bookshelf. Part of Project Gutenberg's digital library of over 70 000 free ebooks.</p>,https://www.gutenberg.org/ebooks/39798.pdf.images,https://www.gutenberg.org/cache/epub/39798/pg39798.cover.medium.jpg,Free,#4a2b3d,#f5f1e8,#f59e0b,p-rings
Nancy Pembroke in Nova Scotia,A free public domain fiction book,Margaret T. Van Epps,Fiction,free,0,320,A classic fiction work by Margaret T. Van Epps now available as a free public domain PDF. Originally published in the 19th–early 20th century this 320-page edition has been carefully formatted for modern screen and print reading.,<p>Nancy Pembroke in Nova Scotia by Margaret T. Van Epps is a classic work now available as a free public domain PDF download on Bookshelf. Part of Project Gutenberg's digital library of over 70 000 free ebooks.</p>,https://www.gutenberg.org/ebooks/48087.pdf.images,https://www.gutenberg.org/cache/epub/48087/pg48087.cover.medium.jpg,Free,#1a1a2e,#f5f1e8,#f59e0b,p-rings
Eight Lectures on Theoretical Physics Delivered at Columbia University in 1909,A free public domain physics book,Max Planck,Physics,free,0,262,A classic physics work by Max Planck now available as a free public domain PDF. Originally published in the 19th–early 20th century this 262-page edition has been carefully formatted for modern screen and print reading.,<p>Eight Lectures on Theoretical Physics Delivered at Columbia University in 1909 by Max Planck is a classic work now available as a free public domain PDF download on Bookshelf. Part of Project Gutenberg's digital library of over 70 000 free ebooks.</p>,https://www.gutenberg.org/files/39017/39017-pdf.pdf,https://www.gutenberg.org/cache/epub/39017/pg39017.cover.medium.jpg,Free,#0f2a43,#f5f1e8,#f59e0b,p-rings
How to Draw a Straight Line: A Lecture on Linkages,A free public domain straight-line mechanisms book,A. B. (Alfred Bray) Kempe,Straight-line mechanisms,free,0,186,A classic straight-line mechanisms work by A. B. (Alfred Bray) Kempe now available as a free public domain PDF. Originally published in the 19th–early 20th century this 186-page edition has been carefully formatted for modern screen and print reading.,<p>How to Draw a Straight Line: A Lecture on Linkages by A. B. (Alfred Bray) Kempe is a classic work now available as a free public domain PDF download on Bookshelf. Part of Project Gutenberg's digital library of over 70 000 free ebooks.</p>,https://www.gutenberg.org/files/25155/25155-pdf.pdf,https://www.gutenberg.org/cache/epub/25155/pg25155.cover.medium.jpg,Free,#0f2a43,#f5f1e8,#f59e0b,p-rings
The Theory of the Relativity of Motion,A free public domain dynamics book,Richard C. (Richard Chace) Tolman,Dynamics,free,0,180,A classic dynamics work by Richard C. (Richard Chace) Tolman now available as a free public domain PDF. Originally published in the 19th–early 20th century this 180-page edition has been carefully formatted for modern screen and print reading.,<p>The Theory of the Relativity of Motion by Richard C. (Richard Chace) Tolman is a classic work now available as a free public domain PDF download on Bookshelf. Part of Project Gutenberg's digital library of over 70 000 free ebooks.</p>,https://www.gutenberg.org/files/32857/32857-pdf.pdf,https://www.gutenberg.org/cache/epub/32857/pg32857.cover.medium.jpg,Free,#0f2a43,#f5f1e8,#f59e0b,p-rings
Christ's Journal,A free public domain fiction book,Paul Alexander Bartlett,Fiction,free,0,220,A classic fiction work by Paul Alexander Bartlett now available as a free public domain PDF. Originally published in the 19th–early 20th century this 220-page edition has been carefully formatted for modern screen and print reading.,<p>Christ's Journal by Paul Alexander Bartlett is a classic work now available as a free public domain PDF download on Bookshelf. Part of Project Gutenberg's digital library of over 70 000 free ebooks.</p>,https://www.gutenberg.org/files/39400/39400-pdf.pdf,https://www.gutenberg.org/cache/epub/39400/pg39400.cover.medium.jpg,Free,#1a1a2e,#f5f1e8,#f59e0b,p-rings
Euclid's Book on Divisions of Figures: With a Restoration Based on Woepcke's Text and on the Practica Geometriae of Leon,A free public domain geometry plane book,Euclid,"Geometry, plane",free,0,263,A classic geometry plane work by Euclid now available as a free public domain PDF. Originally published in the 19th–early 20th century this 263-page edition has been carefully formatted for modern screen and print reading.,<p>Euclid's Book on Divisions of Figures: With a Restoration Based on Woepcke's Text and on the Practica Geometriae of Leonardo Pisano by Euclid is a classic work now available as a free public domain PDF download on Bookshelf. Part of Project Gutenberg's digital library of over 70 000 free ebooks.</p>,https://www.gutenberg.org/files/38640/38640-pdf.pdf,https://www.gutenberg.org/cache/epub/38640/pg38640.cover.medium.jpg,Free,#0f2a43,#f5f1e8,#f59e0b,p-rings
A Prelude,A free public domain poetry book,Francis Sherman,Poetry,free,0,187,A classic poetry work by Francis Sherman now available as a free public domain PDF. Originally published in the 19th–early 20th century this 187-page edition has been carefully formatted for modern screen and print reading.,<p>A Prelude by Francis Sherman is a classic work now available as a free public domain PDF download on Bookshelf. Part of Project Gutenberg's digital library of over 70 000 free ebooks.</p>,https://www.gutenberg.org/ebooks/39797.pdf.images,https://www.gutenberg.org/cache/epub/39797/pg39797.cover.medium.jpg,Free,#4a2b3d,#f5f1e8,#f59e0b,p-rings
Fine Knacks for Ladies,A free public domain music book,John Dowland,Music,free,0,258,A classic music work by John Dowland now available as a free public domain PDF. Originally published in the 19th–early 20th century this 258-page edition has been carefully formatted for modern screen and print reading.,<p>Fine Knacks for Ladies by John Dowland is a classic work now available as a free public domain PDF download on Bookshelf. Part of Project Gutenberg's digital library of over 70 000 free ebooks.</p>,https://www.gutenberg.org/files/17422/17422-pdf/17422-pdf.pdf,https://www.gutenberg.org/cache/epub/17422/pg17422.cover.medium.jpg,Free,#0f2a43,#f5f1e8,#f59e0b,p-rings
An Elementary Treatise on Fourier's Series and Spherical Cylindrical and Ellipsoidal Harmonics: With Applications to Pro,A free public domain fourier series book,William Elwood Byerly,Fourier series,free,0,162,A classic fourier series work by William Elwood Byerly now available as a free public domain PDF. Originally published in the 19th–early 20th century this 162-page edition has been carefully formatted for modern screen and print reading.,<p>An Elementary Treatise on Fourier's Series and Spherical Cylindrical and Ellipsoidal Harmonics: With Applications to Problems in Mathematical Physics by William Elwood Byerly is a classic work now available as a free public domain PDF download on Bookshelf. Part of Project Gutenberg's digital library of over 70 000 free ebooks.</p>,https://www.gutenberg.org/files/29779/29779-pdf.pdf,https://www.gutenberg.org/cache/epub/29779/pg29779.cover.medium.jpg,Free,#0f2a43,#f5f1e8,#f59e0b,p-rings
Songs of the Glens of Antrim,A free public domain poetry book,Moira O'Neill,Poetry,free,0,133,A classic poetry work by Moira O'Neill now available as a free public domain PDF. Originally published in the 19th–early 20th century this 133-page edition has been carefully formatted for modern screen and print reading.,<p>Songs of the Glens of Antrim by Moira O'Neill is a classic work now available as a free public domain PDF download on Bookshelf. Part of Project Gutenberg's digital library of over 70 000 free ebooks.</p>,https://www.gutenberg.org/ebooks/53075.pdf.images,https://www.gutenberg.org/cache/epub/53075/pg53075.cover.medium.jpg,Free,#4a2b3d,#f5f1e8,#f59e0b,p-rings
The Integration of Functions of a Single Variable,A free public domain mathematics book,G. H. (Godfrey Harold) Hardy,Mathematics,free,0,125,A classic mathematics work by G. H. (Godfrey Harold) Hardy now available as a free public domain PDF. Originally published in the 19th–early 20th century this 125-page edition has been carefully formatted for modern screen and print reading.,<p>The Integration of Functions of a Single Variable by G. H. (Godfrey Harold) Hardy is a classic work now available as a free public domain PDF download on Bookshelf. Part of Project Gutenberg's digital library of over 70 000 free ebooks.</p>,https://www.gutenberg.org/files/38993/38993-pdf.pdf,https://www.gutenberg.org/cache/epub/38993/pg38993.cover.medium.jpg,Free,#2b3a4a,#f5f1e8,#f59e0b,p-rings
Second Overture In Solomon: Sinfonia The Arrival of the Queen of Sheba,A free public domain oratorios book,George Frideric Handel,Oratorios,free,0,233,A classic oratorios work by George Frideric Handel now available as a free public domain PDF. Originally published in the 19th–early 20th century this 233-page edition has been carefully formatted for modern screen and print reading.,<p>Second Overture In Solomon: Sinfonia The Arrival of the Queen of Sheba by George Frideric Handel is a classic work now available as a free public domain PDF download on Bookshelf. Part of Project Gutenberg's digital library of over 70 000 free ebooks.</p>,https://www.gutenberg.org/files/30156/30156-p.pdf,https://www.gutenberg.org/cache/epub/30156/pg30156.cover.medium.jpg,Free,#0f2a43,#f5f1e8,#f59e0b,p-rings
Church and Nation: The Bishop Paddock Lectures for 1914-15,A free public domain church and state book,William Temple,Church and state,free,0,199,A classic church and state work by William Temple now available as a free public domain PDF. Originally published in the 19th–early 20th century this 199-page edition has been carefully formatted for modern screen and print reading.,<p>Church and Nation: The Bishop Paddock Lectures for 1914-15 by William Temple is a classic work now available as a free public domain PDF download on Bookshelf. Part of Project Gutenberg's digital library of over 70 000 free ebooks.</p>,https://www.gutenberg.org/ebooks/43896.pdf.images,https://www.gutenberg.org/cache/epub/43896/pg43896.cover.medium.jpg,Free,#0f2a43,#f5f1e8,#f59e0b,p-rings
That Reminds Me: A Collection of Tales Worth Telling,A free public domain american wit and humor book,Unknown Author,American wit and humor,free,0,225,A classic american wit and humor work by Unknown Author now available as a free public domain PDF. Originally published in the 19th–early 20th century this 225-page edition has been carefully formatted for modern screen and print reading.,<p>That Reminds Me: A Collection of Tales Worth Telling by Unknown Author is a classic work now available as a free public domain PDF download on Bookshelf. Part of Project Gutenberg's digital library of over 70 000 free ebooks.</p>,https://www.gutenberg.org/ebooks/52107.pdf.images,https://www.gutenberg.org/cache/epub/52107/pg52107.cover.medium.jpg,Free,#0f2a43,#f5f1e8,#f59e0b,p-rings
Red Spider Volume 1 (of 2),A free public domain fiction book,S. (Sabine) Baring-Gould,Fiction,free,0,291,A classic fiction work by S. (Sabine) Baring-Gould now available as a free public domain PDF. Originally published in the 19th–early 20th century this 291-page edition has been carefully formatted for modern screen and print reading.,<p>Red Spider Volume 1 (of 2) by S. (Sabine) Baring-Gould is a classic work now available as a free public domain PDF download on Bookshelf. Part of Project Gutenberg's digital library of over 70 000 free ebooks.</p>,https://www.gutenberg.org/ebooks/54374.pdf.images,https://www.gutenberg.org/cache/epub/54374/pg54374.cover.medium.jpg,Free,#1a1a2e,#f5f1e8,#f59e0b,p-rings
An Introduction to Astronomy,A free public domain astronomy book,Forest Ray Moulton,Astronomy,free,0,95,A classic astronomy work by Forest Ray Moulton now available as a free public domain PDF. Originally published in the 19th–early 20th century this 95-page edition has been carefully formatted for modern screen and print reading.,<p>An Introduction to Astronomy by Forest Ray Moulton is a classic work now available as a free public domain PDF download on Bookshelf. Part of Project Gutenberg's digital library of over 70 000 free ebooks.</p>,https://www.gutenberg.org/files/32000/32000-pdf.pdf,https://www.gutenberg.org/cache/epub/32000/pg32000.cover.medium.jpg,Free,#0f2a43,#f5f1e8,#f59e0b,p-rings
Treatise on Thermodynamics,A free public domain thermodynamics book,Max Planck,Thermodynamics,free,0,180,A classic thermodynamics work by Max Planck now available as a free public domain PDF. Originally published in the 19th–early 20th century this 180-page edition has been carefully formatted for modern screen and print reading.,<p>Treatise on Thermodynamics by Max Planck is a classic work now available as a free public domain PDF download on Bookshelf. Part of Project Gutenberg's digital library of over 70 000 free ebooks.</p>,https://www.gutenberg.org/files/50880/50880-pdf.pdf,https://www.gutenberg.org/cache/epub/50880/pg50880.cover.medium.jpg,Free,#0f2a43,#f5f1e8,#f59e0b,p-rings
A Canadian Calendar: XII Lyrics,A free public domain poetry book,Francis Sherman,Poetry,free,0,217,A classic poetry work by Francis Sherman now available as a free public domain PDF. Originally published in the 19th–early 20th century this 217-page edition has been carefully formatted for modern screen and print reading.,<p>A Canadian Calendar: XII Lyrics by Francis Sherman is a classic work now available as a free public domain PDF download on Bookshelf. Part of Project Gutenberg's digital library of over 70 000 free ebooks.</p>,https://www.gutenberg.org/ebooks/39796.pdf.images,https://www.gutenberg.org/cache/epub/39796/pg39796.cover.medium.jpg,Free,#4a2b3d,#f5f1e8,#f59e0b,p-rings
Lectures on Elementary Mathematics,A free public domain mathematics book,J. L. (Joseph Louis) Lagrange,Mathematics,free,0,101,A classic mathematics work by J. L. (Joseph Louis) Lagrange now available as a free public domain PDF. Originally published in the 19th–early 20th century this 101-page edition has been carefully formatted for modern screen and print reading.,<p>Lectures on Elementary Mathematics by J. L. (Joseph Louis) Lagrange is a classic work now available as a free public domain PDF download on Bookshelf. Part of Project Gutenberg's digital library of over 70 000 free ebooks.</p>,https://www.gutenberg.org/files/36640/36640-pdf.pdf,https://www.gutenberg.org/cache/epub/36640/pg36640.cover.medium.jpg,Free,#2b3a4a,#f5f1e8,#f59e0b,p-rings
Condensation of Determinants: Being a New and Brief Method for Computing their Arithmetical Values,A free public domain determinants book,Lewis Carroll,Determinants,free,0,260,A classic determinants work by Lewis Carroll now available as a free public domain PDF. Originally published in the 19th–early 20th century this 260-page edition has been carefully formatted for modern screen and print reading.,<p>Condensation of Determinants: Being a New and Brief Method for Computing their Arithmetical Values by Lewis Carroll is a classic work now available as a free public domain PDF download on Bookshelf. Part of Project Gutenberg's digital library of over 70 000 free ebooks.</p>,https://www.gutenberg.org/files/37354/37354-pdf.pdf,https://www.gutenberg.org/cache/epub/37354/pg37354.cover.medium.jpg,Free,#0f2a43,#f5f1e8,#f59e0b,p-rings
An elementary treatise on electricity,A free public domain electricity book,James Clerk Maxwell,Electricity,free,0,189,A classic electricity work by James Clerk Maxwell now available as a free public domain PDF. Originally published in the 19th–early 20th century this 189-page edition has been carefully formatted for modern screen and print reading.,<p>An elementary treatise on electricity by James Clerk Maxwell is a classic work now available as a free public domain PDF download on Bookshelf. Part of Project Gutenberg's digital library of over 70 000 free ebooks.</p>,https://www.gutenberg.org/files/69914/69914.pdf,https://www.gutenberg.org/cache/epub/69914/pg69914.cover.medium.jpg,Free,#0f2a43,#f5f1e8,#f59e0b,p-rings
Non-Euclidean Geometry,A free public domain geometry non-euclidean book,Henry Parker Manning,"Geometry, non-euclidean",free,0,256,A classic geometry non-euclidean work by Henry Parker Manning now available as a free public domain PDF. Originally published in the 19th–early 20th century this 256-page edition has been carefully formatted for modern screen and print reading.,<p>Non-Euclidean Geometry by Henry Parker Manning is a classic work now available as a free public domain PDF download on Bookshelf. Part of Project Gutenberg's digital library of over 70 000 free ebooks.</p>,https://www.gutenberg.org/files/13702/13702-pdf.pdf,https://www.gutenberg.org/cache/epub/13702/pg13702.cover.medium.jpg,Free,#0f2a43,#f5f1e8,#f59e0b,p-rings
The Algebra of Logic,A free public domain algebraic logic book,Louis Couturat,Algebraic logic,free,0,214,A classic algebraic logic work by Louis Couturat now available as a free public domain PDF. Originally published in the 19th–early 20th century this 214-page edition has been carefully formatted for modern screen and print reading.,<p>The Algebra of Logic by Louis Couturat is a classic work now available as a free public domain PDF download on Bookshelf. Part of Project Gutenberg's digital library of over 70 000 free ebooks.</p>,https://www.gutenberg.org/files/10836/10836-pdf.pdf,https://www.gutenberg.org/cache/epub/10836/pg10836.cover.medium.jpg,Free,#0f2a43,#f5f1e8,#f59e0b,p-rings
Elements of Plane Trigonometry: For the use of the junior class of mathematics in the University of Glasgow,A free public domain plane trigonometry book,Hugh Blackburn,Plane trigonometry,free,0,325,A classic plane trigonometry work by Hugh Blackburn now available as a free public domain PDF. Originally published in the 19th–early 20th century this 325-page edition has been carefully formatted for modern screen and print reading.,<p>Elements of Plane Trigonometry: For the use of the junior class of mathematics in the University of Glasgow by Hugh Blackburn is a classic work now available as a free public domain PDF download on Bookshelf. Part of Project Gutenberg's digital library of over 70 000 free ebooks.</p>,https://www.gutenberg.org/files/32973/32973-pdf.pdf,https://www.gutenberg.org/cache/epub/32973/pg32973.cover.medium.jpg,Free,#0f2a43,#f5f1e8,#f59e0b,p-rings
On the study and difficulties of mathematics,A free public domain mathematics book,Augustus De Morgan,Mathematics,free,0,237,A classic mathematics work by Augustus De Morgan now available as a free public domain PDF. Originally published in the 19th–early 20th century this 237-page edition has been carefully formatted for modern screen and print reading.,<p>On the study and difficulties of mathematics by Augustus De Morgan is a classic work now available as a free public domain PDF download on Bookshelf. Part of Project Gutenberg's digital library of over 70 000 free ebooks.</p>,https://www.gutenberg.org/files/39088/39088-pdf.pdf,https://www.gutenberg.org/cache/epub/39088/pg39088.cover.medium.jpg,Free,#2b3a4a,#f5f1e8,#f59e0b,p-rings
A Scrap-Book of Elementary Mathematics: Notes Recreations Essays,A free public domain mathematical recreations book,William Frank White,Mathematical recreations,free,0,87,A classic mathematical recreations work by William Frank White now available as a free public domain PDF. Originally published in the 19th–early 20th century this 87-page edition has been carefully formatted for modern screen and print reading.,<p>A Scrap-Book of Elementary Mathematics: Notes Recreations Essays by William Frank White is a classic work now available as a free public domain PDF download on Bookshelf. Part of Project Gutenberg's digital library of over 70 000 free ebooks.</p>,https://www.gutenberg.org/files/40624/40624-pdf.pdf,https://www.gutenberg.org/cache/epub/40624/pg40624.cover.medium.jpg,Free,#0f2a43,#f5f1e8,#f59e0b,p-rings
Jingle Bells: Or The One Horse Open Sleigh,A free public domain music book,James Pierpont,Music,free,0,285,A classic music work by James Pierpont now available as a free public domain PDF. Originally published in the 19th–early 20th century this 285-page edition has been carefully formatted for modern screen and print reading.,<p>Jingle Bells: Or The One Horse Open Sleigh by James Pierpont is a classic work now available as a free public domain PDF download on Bookshelf. Part of Project Gutenberg's digital library of over 70 000 free ebooks.</p>,https://www.gutenberg.org/files/10535/10535-pdf.pdf,https://www.gutenberg.org/cache/epub/10535/pg10535.cover.medium.jpg,Free,#0f2a43,#f5f1e8,#f59e0b,p-rings
The Tides and Kindred Phenomena in the Solar System: The Substance of Lectures Delivered in 1897 at the Lowell Institute,A free public domain nebular hypothesis book,Sir George Howard Darwin,Nebular hypothesis,free,0,87,A classic nebular hypothesis work by Sir George Howard Darwin now available as a free public domain PDF. Originally published in the 19th–early 20th century this 87-page edition has been carefully formatted for modern screen and print reading.,<p>The Tides and Kindred Phenomena in the Solar System: The Substance of Lectures Delivered in 1897 at the Lowell Institute Boston Massachusetts by Sir George Howard Darwin is a classic work now available as a free public domain PDF download on Bookshelf. Part of Project Gutenberg's digital library of over 70 000 free ebooks.</p>,https://www.gutenberg.org/files/38722/38722-pdf.pdf,https://www.gutenberg.org/cache/epub/38722/pg38722.cover.medium.jpg,Free,#0f2a43,#f5f1e8,#f59e0b,p-rings
The Evanston Colloquium: Lectures on Mathematics: Delivered From Aug. 28 to Sept. 9 1893 Before Members of the Congress ,A free public domain mathematics book,Felix Klein,Mathematics,free,0,92,A classic mathematics work by Felix Klein now available as a free public domain PDF. Originally published in the 19th–early 20th century this 92-page edition has been carefully formatted for modern screen and print reading.,<p>The Evanston Colloquium: Lectures on Mathematics: Delivered From Aug. 28 to Sept. 9 1893 Before Members of the Congress of Mathematics Held in Connection with the World's Fair in Chicago by Felix Klein is a classic work now available as a free public domain PDF download on Bookshelf. Part of Project Gutenberg's digital library of over 70 000 free ebooks.</p>,https://www.gutenberg.org/files/36154/36154-pdf.pdf,https://www.gutenberg.org/cache/epub/36154/pg36154.cover.medium.jpg,Free,#2b3a4a,#f5f1e8,#f59e0b,p-rings
History of Modern Mathematics: Mathematical Monographs No. 1,A free public domain history book,David Eugene Smith,History,free,0,84,A classic history work by David Eugene Smith now available as a free public domain PDF. Originally published in the 19th–early 20th century this 84-page edition has been carefully formatted for modern screen and print reading.,<p>History of Modern Mathematics: Mathematical Monographs No. 1 by David Eugene Smith is a classic work now available as a free public domain PDF download on Bookshelf. Part of Project Gutenberg's digital library of over 70 000 free ebooks.</p>,https://www.gutenberg.org/files/8746/8746-pdf.pdf,https://www.gutenberg.org/cache/epub/8746/pg8746.cover.medium.jpg,Free,#4a3728,#f5f1e8,#f59e0b,p-rings
The number-system of algebra treated theoretically and historically (2nd edition),A free public domain history book,Henry B. (Henry Burchard) Fine,History,free,0,97,A classic history work by Henry B. (Henry Burchard) Fine now available as a free public domain PDF. Originally published in the 19th–early 20th century this 97-page edition has been carefully formatted for modern screen and print reading.,<p>The number-system of algebra treated theoretically and historically (2nd edition) by Henry B. (Henry Burchard) Fine is a classic work now available as a free public domain PDF download on Bookshelf. Part of Project Gutenberg's digital library of over 70 000 free ebooks.</p>,https://www.gutenberg.org/files/17920/17920-pdf.pdf,https://www.gutenberg.org/cache/epub/17920/pg17920.cover.medium.jpg,Free,#4a3728,#f5f1e8,#f59e0b,p-rings
On Multiple Algebra,A free public domain algebra universal book,J. Willard (Josiah Willard) Gibbs,"Algebra, universal",free,0,233,A classic algebra universal work by J. Willard (Josiah Willard) Gibbs now available as a free public domain PDF. Originally published in the 19th–early 20th century this 233-page edition has been carefully formatted for modern screen and print reading.,<p>On Multiple Algebra by J. Willard (Josiah Willard) Gibbs is a classic work now available as a free public domain PDF download on Bookshelf. Part of Project Gutenberg's digital library of over 70 000 free ebooks.</p>,https://www.gutenberg.org/files/50977/50977-pdf.pdf,https://www.gutenberg.org/cache/epub/50977/pg50977.cover.medium.jpg,Free,#0f2a43,#f5f1e8,#f59e0b,p-rings
The Foundations of Mathematics: A Contribution to the Philosophy of Geometry,A free public domain geometry book,Paul Carus,Geometry,free,0,249,A classic geometry work by Paul Carus now available as a free public domain PDF. Originally published in the 19th–early 20th century this 249-page edition has been carefully formatted for modern screen and print reading.,<p>The Foundations of Mathematics: A Contribution to the Philosophy of Geometry by Paul Carus is a classic work now available as a free public domain PDF download on Bookshelf. Part of Project Gutenberg's digital library of over 70 000 free ebooks.</p>,https://www.gutenberg.org/files/57355/57355-pdf.pdf,https://www.gutenberg.org/cache/epub/57355/pg57355.cover.medium.jpg,Free,#0f2a43,#f5f1e8,#f59e0b,p-rings
Orders of Infinity: The 'Infinitärcalcül' of Paul Du Bois-Reymond,A free public domain du bois-reymond paul 1831-1889 book,G. H. (Godfrey Harold) Hardy,"Du bois-reymond, paul, 1831-1889",free,0,186,A classic du bois-reymond paul 1831-1889 work by G. H. (Godfrey Harold) Hardy now available as a free public domain PDF. Originally published in the 19th–early 20th century this 186-page edition has been carefully formatted for modern screen and print reading.,<p>Orders of Infinity: The 'Infinitärcalcül' of Paul Du Bois-Reymond by G. H. (Godfrey Harold) Hardy is a classic work now available as a free public domain PDF download on Bookshelf. Part of Project Gutenberg's digital library of over 70 000 free ebooks.</p>,https://www.gutenberg.org/files/38079/38079-pdf.pdf,https://www.gutenberg.org/cache/epub/38079/pg38079.cover.medium.jpg,Free,#0f2a43,#f5f1e8,#f59e0b,p-rings
A Rudimentary Treatise on Clocks Watches and Bells,A free public domain bells book,Baron Edmund Beckett Grimthorpe,Bells,free,0,243,A classic bells work by Baron Edmund Beckett Grimthorpe now available as a free public domain PDF. Originally published in the 19th–early 20th century this 243-page edition has been carefully formatted for modern screen and print reading.,<p>A Rudimentary Treatise on Clocks Watches and Bells by Baron Edmund Beckett Grimthorpe is a classic work now available as a free public domain PDF download on Bookshelf. Part of Project Gutenberg's digital library of over 70 000 free ebooks.</p>,https://www.gutenberg.org/files/17576/17576-pdf.pdf,https://www.gutenberg.org/cache/epub/17576/pg17576.cover.medium.jpg,Free,#0f2a43,#f5f1e8,#f59e0b,p-rings
Elliptic Functions: An Elementary Text-Book for Students of Mathematics,A free public domain elliptic functions book,Arthur Latham Baker,Elliptic functions,free,0,82,A classic elliptic functions work by Arthur Latham Baker now available as a free public domain PDF. Originally published in the 19th–early 20th century this 82-page edition has been carefully formatted for modern screen and print reading.,<p>Elliptic Functions: An Elementary Text-Book for Students of Mathematics by Arthur Latham Baker is a classic work now available as a free public domain PDF download on Bookshelf. Part of Project Gutenberg's digital library of over 70 000 free ebooks.</p>,https://www.gutenberg.org/files/31076/31076-pdf.pdf,https://www.gutenberg.org/cache/epub/31076/pg31076.cover.medium.jpg,Free,#0f2a43,#f5f1e8,#f59e0b,p-rings
Matter Ether and Motion: The Factors and Relations of Physical Science: Rev. ed. enl.,A free public domain physics book,A. E. (Amos Emerson) Dolbear,Physics,free,0,182,A classic physics work by A. E. (Amos Emerson) Dolbear now available as a free public domain PDF. Originally published in the 19th–early 20th century this 182-page edition has been carefully formatted for modern screen and print reading.,<p>Matter Ether and Motion: The Factors and Relations of Physical Science: Rev. ed. enl. by A. E. (Amos Emerson) Dolbear is a classic work now available as a free public domain PDF download on Bookshelf. Part of Project Gutenberg's digital library of over 70 000 free ebooks.</p>,https://www.gutenberg.org/files/31428/31428-pdf.pdf,https://www.gutenberg.org/cache/epub/31428/pg31428.cover.medium.jpg,Free,#0f2a43,#f5f1e8,#f59e0b,p-rings
Introduction to Infinitesimal Analysis; Functions of One Real Variable,A free public domain calculus book,Oswald Veblen,Calculus,free,0,84,A classic calculus work by Oswald Veblen now available as a free public domain PDF. Originally published in the 19th–early 20th century this 84-page edition has been carefully formatted for modern screen and print reading.,<p>Introduction to Infinitesimal Analysis; Functions of One Real Variable by Oswald Veblen is a classic work now available as a free public domain PDF download on Bookshelf. Part of Project Gutenberg's digital library of over 70 000 free ebooks.</p>,https://www.gutenberg.org/files/18741/18741-pdf.pdf,https://www.gutenberg.org/cache/epub/18741/pg18741.cover.medium.jpg,Free,#0f2a43,#f5f1e8,#f59e0b,p-rings
Mathematical Essays and Recreations,A free public domain philosophy book,Hermann Schubert,Philosophy,free,0,105,A classic philosophy work by Hermann Schubert now available as a free public domain PDF. Originally published in the 19th–early 20th century this 105-page edition has been carefully formatted for modern screen and print reading.,<p>Mathematical Essays and Recreations by Hermann Schubert is a classic work now available as a free public domain PDF download on Bookshelf. Part of Project Gutenberg's digital library of over 70 000 free ebooks.</p>,https://www.gutenberg.org/files/25387/25387-pdf.pdf,https://www.gutenberg.org/cache/epub/25387/pg25387.cover.medium.jpg,Free,#3d2b4a,#f5f1e8,#f59e0b,p-rings
Notes on Recent Researches in Electricity and Magnetism: Intended as a Sequel to Professor Clerk-Maxwell's Treatise on E,A free public domain electric currents alternating book,J. J. (Joseph John) Thomson,"Electric currents, alternating",free,0,275,A classic electric currents alternating work by J. J. (Joseph John) Thomson now available as a free public domain PDF. Originally published in the 19th–early 20th century this 275-page edition has been carefully formatted for modern screen and print reading.,<p>Notes on Recent Researches in Electricity and Magnetism: Intended as a Sequel to Professor Clerk-Maxwell's Treatise on Electricity and Magnetism by J. J. (Joseph John) Thomson is a classic work now available as a free public domain PDF download on Bookshelf. Part of Project Gutenberg's digital library of over 70 000 free ebooks.</p>,https://www.gutenberg.org/files/36525/36525-pdf.pdf,https://www.gutenberg.org/cache/epub/36525/pg36525.cover.medium.jpg,Free,#0f2a43,#f5f1e8,#f59e0b,p-rings
Scientific Papers by Sir George Howard Darwin. Volume V. Supplementary Volume,A free public domain astronomy book,Sir George Howard Darwin,Astronomy,free,0,314,A classic astronomy work by Sir George Howard Darwin now available as a free public domain PDF. Originally published in the 19th–early 20th century this 314-page edition has been carefully formatted for modern screen and print reading.,<p>Scientific Papers by Sir George Howard Darwin. Volume V. Supplementary Volume by Sir George Howard Darwin is a classic work now available as a free public domain PDF download on Bookshelf. Part of Project Gutenberg's digital library of over 70 000 free ebooks.</p>,https://www.gutenberg.org/files/35588/35588-pdf.pdf,https://www.gutenberg.org/cache/epub/35588/pg35588.cover.medium.jpg,Free,#0f2a43,#f5f1e8,#f59e0b,p-rings
On the Quantum Theory of Line-Spectra Part 1 and 2,A free public domain quantum theory book,Niels Bohr,Quantum theory,free,0,196,A classic quantum theory work by Niels Bohr now available as a free public domain PDF. Originally published in the 19th–early 20th century this 196-page edition has been carefully formatted for modern screen and print reading.,<p>On the Quantum Theory of Line-Spectra Part 1 and 2 by Niels Bohr is a classic work now available as a free public domain PDF download on Bookshelf. Part of Project Gutenberg's digital library of over 70 000 free ebooks.</p>,https://www.gutenberg.org/files/47167/47167-pdf.pdf,https://www.gutenberg.org/cache/epub/47167/pg47167.cover.medium.jpg,Free,#0f2a43,#f5f1e8,#f59e0b,p-rings
The Alphabet of Economic Science; Elements of the Theory of Value or Worth,A free public domain value book,Philip H. (Philip Henry) Wicksteed,Value,free,0,92,A classic value work by Philip H. (Philip Henry) Wicksteed now available as a free public domain PDF. Originally published in the 19th–early 20th century this 92-page edition has been carefully formatted for modern screen and print reading.,<p>The Alphabet of Economic Science; Elements of the Theory of Value or Worth by Philip H. (Philip Henry) Wicksteed is a classic work now available as a free public domain PDF download on Bookshelf. Part of Project Gutenberg's digital library of over 70 000 free ebooks.</p>,https://www.gutenberg.org/files/32497/32497-pdf.pdf,https://www.gutenberg.org/cache/epub/32497/pg32497.cover.medium.jpg,Free,#0f2a43,#f5f1e8,#f59e0b,p-rings
A Primer of Quaternions,A free public domain quaternions book,Arthur S. (Arthur Stafford) Hathaway,Quaternions,free,0,187,A classic quaternions work by Arthur S. (Arthur Stafford) Hathaway now available as a free public domain PDF. Originally published in the 19th–early 20th century this 187-page edition has been carefully formatted for modern screen and print reading.,<p>A Primer of Quaternions by Arthur S. (Arthur Stafford) Hathaway is a classic work now available as a free public domain PDF download on Bookshelf. Part of Project Gutenberg's digital library of over 70 000 free ebooks.</p>,https://www.gutenberg.org/files/9934/9934-pdf.pdf,https://www.gutenberg.org/cache/epub/9934/pg9934.cover.medium.jpg,Free,#0f2a43,#f5f1e8,#f59e0b,p-rings
Geometrical Solutions Derived from Mechanics; a Treatise of Archimedes,A free public domain geometry book,Archimedes,Geometry,free,0,209,A classic geometry work by Archimedes now available as a free public domain PDF. Originally published in the 19th–early 20th century this 209-page edition has been carefully formatted for modern screen and print reading.,<p>Geometrical Solutions Derived from Mechanics; a Treatise of Archimedes by Archimedes is a classic work now available as a free public domain PDF download on Bookshelf. Part of Project Gutenberg's digital library of over 70 000 free ebooks.</p>,https://www.gutenberg.org/files/7825/7825-pdf.pdf,https://www.gutenberg.org/cache/epub/7825/pg7825.cover.medium.jpg,Free,#0f2a43,#f5f1e8,#f59e0b,p-rings
Lectures on Ten British Mathematicians of the Nineteenth Century,A free public domain history book,Alexander Macfarlane,History,free,0,229,A classic history work by Alexander Macfarlane now available as a free public domain PDF. Originally published in the 19th–early 20th century this 229-page edition has been carefully formatted for modern screen and print reading.,<p>Lectures on Ten British Mathematicians of the Nineteenth Century by Alexander Macfarlane is a classic work now available as a free public domain PDF download on Bookshelf. Part of Project Gutenberg's digital library of over 70 000 free ebooks.</p>,https://www.gutenberg.org/files/9942/9942-pdf.pdf,https://www.gutenberg.org/cache/epub/9942/pg9942.cover.medium.jpg,Free,#4a3728,#f5f1e8,#f59e0b,p-rings
Philosophy and Fun of Algebra,A free public domain algebra book,Mary Everest Boole,Algebra,free,0,277,A classic algebra work by Mary Everest Boole now available as a free public domain PDF. Originally published in the 19th–early 20th century this 277-page edition has been carefully formatted for modern screen and print reading.,<p>Philosophy and Fun of Algebra by Mary Everest Boole is a classic work now available as a free public domain PDF download on Bookshelf. Part of Project Gutenberg's digital library of over 70 000 free ebooks.</p>,https://www.gutenberg.org/files/13447/13447-pdf.pdf,https://www.gutenberg.org/cache/epub/13447/pg13447.cover.medium.jpg,Free,#0f2a43,#f5f1e8,#f59e0b,p-rings
Four Lectures on Mathematics Delivered at Columbia University in 1911,A free public domain differential equations book,Jacques Hadamard,Differential equations,free,0,277,A classic differential equations work by Jacques Hadamard now available as a free public domain PDF. Originally published in the 19th–early 20th century this 277-page edition has been carefully formatted for modern screen and print reading.,<p>Four Lectures on Mathematics Delivered at Columbia University in 1911 by Jacques Hadamard is a classic work now available as a free public domain PDF download on Bookshelf. Part of Project Gutenberg's digital library of over 70 000 free ebooks.</p>,https://www.gutenberg.org/files/29788/29788-pdf.pdf,https://www.gutenberg.org/cache/epub/29788/pg29788.cover.medium.jpg,Free,#0f2a43,#f5f1e8,#f59e0b,p-rings
A history of the mathematical theories of attraction and the figure of the earth from the time of Newton to that of Lapl,A free public domain art book,I. (Isaac) Todhunter,Art,free,0,96,A classic art work by I. (Isaac) Todhunter now available as a free public domain PDF. Originally published in the 19th–early 20th century this 96-page edition has been carefully formatted for modern screen and print reading.,<p>A history of the mathematical theories of attraction and the figure of the earth from the time of Newton to that of Laplace. Volume 1 by I. (Isaac) Todhunter is a classic work now available as a free public domain PDF download on Bookshelf. Part of Project Gutenberg's digital library of over 70 000 free ebooks.</p>,https://www.gutenberg.org/files/69831/69831-p/69831.pdf,https://www.gutenberg.org/cache/epub/69831/pg69831.cover.medium.jpg,Free,#4a2b2b,#f5f1e8,#f59e0b,p-rings
Vector Analysis and Quaternions,A free public domain quaternions book,Alexander Macfarlane,Quaternions,free,0,270,A classic quaternions work by Alexander Macfarlane now available as a free public domain PDF. Originally published in the 19th–early 20th century this 270-page edition has been carefully formatted for modern screen and print reading.,<p>Vector Analysis and Quaternions by Alexander Macfarlane is a classic work now available as a free public domain PDF download on Bookshelf. Part of Project Gutenberg's digital library of over 70 000 free ebooks.</p>,https://www.gutenberg.org/files/13609/13609-pdf.pdf,https://www.gutenberg.org/cache/epub/13609/pg13609.cover.medium.jpg,Free,#0f2a43,#f5f1e8,#f59e0b,p-rings
Chance and Luck,A free public domain gambling book,Richard A. (Richard Anthony) Proctor,Gambling,free,0,224,A classic gambling work by Richard A. (Richard Anthony) Proctor now available as a free public domain PDF. Originally published in the 19th–early 20th century this 224-page edition has been carefully formatted for modern screen and print reading.,<p>Chance and Luck by Richard A. (Richard Anthony) Proctor is a classic work now available as a free public domain PDF download on Bookshelf. Part of Project Gutenberg's digital library of over 70 000 free ebooks.</p>,https://www.gutenberg.org/files/17224/17224-pdf.pdf,https://www.gutenberg.org/cache/epub/17224/pg17224.cover.medium.jpg,Free,#0f2a43,#f5f1e8,#f59e0b,p-rings
Some Famous Problems of the Theory of Numbers and in Particular Waring's Problem: An Inaugural Lecture delivered before ,A free public domain number theory book,G. H. (Godfrey Harold) Hardy,Number theory,free,0,311,A classic number theory work by G. H. (Godfrey Harold) Hardy now available as a free public domain PDF. Originally published in the 19th–early 20th century this 311-page edition has been carefully formatted for modern screen and print reading.,<p>Some Famous Problems of the Theory of Numbers and in Particular Waring's Problem: An Inaugural Lecture delivered before the University of Oxford by G. H. (Godfrey Harold) Hardy is a classic work now available as a free public domain PDF download on Bookshelf. Part of Project Gutenberg's digital library of over 70 000 free ebooks.</p>,https://www.gutenberg.org/files/37030/37030-pdf.pdf,https://www.gutenberg.org/cache/epub/37030/pg37030.cover.medium.jpg,Free,#0f2a43,#f5f1e8,#f59e0b,p-rings
Tappet and Dobby Looms: Their Mechanism and Management,A free public domain looms book,Thomas Roberts,Looms,free,0,198,A classic looms work by Thomas Roberts now available as a free public domain PDF. Originally published in the 19th–early 20th century this 198-page edition has been carefully formatted for modern screen and print reading.,<p>Tappet and Dobby Looms: Their Mechanism and Management by Thomas Roberts is a classic work now available as a free public domain PDF download on Bookshelf. Part of Project Gutenberg's digital library of over 70 000 free ebooks.</p>,https://www.gutenberg.org/files/33176/33176-pdf.pdf,https://www.gutenberg.org/cache/epub/33176/pg33176.cover.medium.jpg,Free,#0f2a43,#f5f1e8,#f59e0b,p-rings
Short Cuts in Figures: to which is added many useful tables and formulas written so that he who runs may read,A free public domain arithmetic book,A. Frederick (Archie Frederick) Collins,Arithmetic,free,0,290,A classic arithmetic work by A. Frederick (Archie Frederick) Collins now available as a free public domain PDF. Originally published in the 19th–early 20th century this 290-page edition has been carefully formatted for modern screen and print reading.,<p>Short Cuts in Figures: to which is added many useful tables and formulas written so that he who runs may read by A. Frederick (Archie Frederick) Collins is a classic work now available as a free public domain PDF download on Bookshelf. Part of Project Gutenberg's digital library of over 70 000 free ebooks.</p>,https://www.gutenberg.org/files/29914/29914-pdf.pdf,https://www.gutenberg.org/cache/epub/29914/pg29914.cover.medium.jpg,Free,#0f2a43,#f5f1e8,#f59e0b,p-rings
A Fortran Program for Elastic Scattering Analyses with the Nuclear Optical Model,A free public domain fortran (computer program language) book,Michel A. Melkanoff,Fortran (computer program language),free,0,101,A classic fortran (computer program language) work by Michel A. Melkanoff now available as a free public domain PDF. Originally published in the 19th–early 20th century this 101-page edition has been carefully formatted for modern screen and print reading.,<p>A Fortran Program for Elastic Scattering Analyses with the Nuclear Optical Model by Michel A. Melkanoff is a classic work now available as a free public domain PDF download on Bookshelf. Part of Project Gutenberg's digital library of over 70 000 free ebooks.</p>,https://www.gutenberg.org/files/29784/29784-pdf.pdf,https://www.gutenberg.org/cache/epub/29784/pg29784.cover.medium.jpg,Free,#0f2a43,#f5f1e8,#f59e0b,p-rings
Groups of the Order p^m Which Contain Cyclic Subgroups of Order p^(m-3),A free public domain group theory book,Lewis Irving Neikirk,Group theory,free,0,245,A classic group theory work by Lewis Irving Neikirk now available as a free public domain PDF. Originally published in the 19th–early 20th century this 245-page edition has been carefully formatted for modern screen and print reading.,<p>Groups of the Order p^m Which Contain Cyclic Subgroups of Order p^(m-3) by Lewis Irving Neikirk is a classic work now available as a free public domain PDF download on Bookshelf. Part of Project Gutenberg's digital library of over 70 000 free ebooks.</p>,https://www.gutenberg.org/files/9930/9930-pdf.pdf,https://www.gutenberg.org/cache/epub/9930/pg9930.cover.medium.jpg,Free,#0f2a43,#f5f1e8,#f59e0b,p-rings
British Folk-Music Settings Nr. 4 Shepherd's Hey,A free public domain music book,Unknown Author,Music,free,0,110,A classic music work by Unknown Author now available as a free public domain PDF. Originally published in the 19th–early 20th century this 110-page edition has been carefully formatted for modern screen and print reading.,<p>British Folk-Music Settings Nr. 4 Shepherd's Hey by Unknown Author is a classic work now available as a free public domain PDF download on Bookshelf. Part of Project Gutenberg's digital library of over 70 000 free ebooks.</p>,https://www.gutenberg.org/files/13590/13590-pdf.pdf,https://www.gutenberg.org/cache/epub/13590/pg13590.cover.medium.jpg,Free,#0f2a43,#f5f1e8,#f59e0b,p-rings
O Perfect Love: Wedding Song,A free public domain music book,Unknown Author,Music,free,0,83,A classic music work by Unknown Author now available as a free public domain PDF. Originally published in the 19th–early 20th century this 83-page edition has been carefully formatted for modern screen and print reading.,<p>O Perfect Love: Wedding Song by Unknown Author is a classic work now available as a free public domain PDF download on Bookshelf. Part of Project Gutenberg's digital library of over 70 000 free ebooks.</p>,https://www.gutenberg.org/files/17392/17392-pdf/17392-pdf.pdf,https://www.gutenberg.org/cache/epub/17392/pg17392.cover.medium.jpg,Free,#0f2a43,#f5f1e8,#f59e0b,p-rings
Transactions of the American Society of Civil Engineers vol. LXX Dec. 1910: Expansion of Pipes Paper No. 1167,A free public domain steam-pipes book,Ralph C. Taggart,Steam-pipes,free,0,319,A classic steam-pipes work by Ralph C. Taggart now available as a free public domain PDF. Originally published in the 19th–early 20th century this 319-page edition has been carefully formatted for modern screen and print reading.,<p>Transactions of the American Society of Civil Engineers vol. LXX Dec. 1910: Expansion of Pipes Paper No. 1167 by Ralph C. Taggart is a classic work now available as a free public domain PDF download on Bookshelf. Part of Project Gutenberg's digital library of over 70 000 free ebooks.</p>,https://www.gutenberg.org/files/25220/25220-pdf.pdf,https://www.gutenberg.org/cache/epub/25220/pg25220.cover.medium.jpg,Free,#0f2a43,#f5f1e8,#f59e0b,p-rings
On the relation which ought to subsist between the strength of an electric current and the diameter of conductors to pre,A free public domain electric conductors book,George Forbes,Electric conductors,free,0,174,A classic electric conductors work by George Forbes now available as a free public domain PDF. Originally published in the 19th–early 20th century this 174-page edition has been carefully formatted for modern screen and print reading.,<p>On the relation which ought to subsist between the strength of an electric current and the diameter of conductors to prevent overheating: A paper read at the Society of Telegraph-Engineers and Electricians March 27th 1884. by George Forbes is a classic work now available as a free public domain PDF download on Bookshelf. Part of Project Gutenberg's digital library of over 70 000 free ebooks.</p>,https://www.gutenberg.org/files/69374/69374.pdf,https://www.gutenberg.org/files/69374/69474-t/images/cover.jpg,Free,#0f2a43,#f5f1e8,#f59e0b,p-rings
Researches on curves of the second order: Also on cones and spherical conics treated analytically in which the tangencie,A free public domain conic sections book,George Whitehead Hearn,Conic sections,free,0,89,A classic conic sections work by George Whitehead Hearn now available as a free public domain PDF. Originally published in the 19th–early 20th century this 89-page edition has been carefully formatted for modern screen and print reading.,<p>Researches on curves of the second order: Also on cones and spherical conics treated analytically in which the tangencies of Apollonius are investigated and general geometrical constructions deduced from analysis; also several of the geometrical conclusions of M. Chasles are analytically resolved together with many properties entirely original by George Whitehead Hearn is a classic work now available as a free public domain PDF download on Bookshelf. Part of Project Gutenberg's digital library of over 70 000 free ebooks.</p>,https://www.gutenberg.org/files/17204/17204-pdf.pdf,https://www.gutenberg.org/cache/epub/17204/pg17204.cover.medium.jpg,Free,#0f2a43,#f5f1e8,#f59e0b,p-rings
Prelude and Fugue in E-Flat Major Op. 99 no.3,A free public domain music book,Camille Saint-Saëns,Music,free,0,126,A classic music work by Camille Saint-Saëns now available as a free public domain PDF. Originally published in the 19th–early 20th century this 126-page edition has been carefully formatted for modern screen and print reading.,<p>Prelude and Fugue in E-Flat Major Op. 99 no.3 by Camille Saint-Saëns is a classic work now available as a free public domain PDF download on Bookshelf. Part of Project Gutenberg's digital library of over 70 000 free ebooks.</p>,https://www.gutenberg.org/files/5885/5885-pdf.pdf,https://www.gutenberg.org/cache/epub/5885/pg5885.cover.medium.jpg,Free,#0f2a43,#f5f1e8,#f59e0b,p-rings
String Quartet No. 14 in C-sharp minor Opus 131,A free public domain art book,Ludwig van Beethoven,Art,free,0,128,A classic art work by Ludwig van Beethoven now available as a free public domain PDF. Originally published in the 19th–early 20th century this 128-page edition has been carefully formatted for modern screen and print reading.,<p>String Quartet No. 14 in C-sharp minor Opus 131 by Ludwig van Beethoven is a classic work now available as a free public domain PDF download on Bookshelf. Part of Project Gutenberg's digital library of over 70 000 free ebooks.</p>,https://www.gutenberg.org/files/13079/13079-pdf/13079-pdf.pdf,https://www.gutenberg.org/cache/epub/13079/pg13079.cover.medium.jpg,Free,#4a2b2b,#f5f1e8,#f59e0b,p-rings
Transactions of the American Society of Civil Engineers vol. LXX Dec. 1910: The Ultimate Load on Pile Foundations,A free public domain civil engineering book,John Howell Griffith,Civil engineering,free,0,241,A classic civil engineering work by John Howell Griffith now available as a free public domain PDF. Originally published in the 19th–early 20th century this 241-page edition has been carefully formatted for modern screen and print reading.,<p>Transactions of the American Society of Civil Engineers vol. LXX Dec. 1910: The Ultimate Load on Pile Foundations by John Howell Griffith is a classic work now available as a free public domain PDF download on Bookshelf. Part of Project Gutenberg's digital library of over 70 000 free ebooks.</p>,https://www.gutenberg.org/files/25222/25222-pdf.pdf,https://www.gutenberg.org/cache/epub/25222/pg25222.cover.medium.jpg,Free,#0f2a43,#f5f1e8,#f59e0b,p-rings